5051 chair 226 64 293 162 0.444858
5051 chair 303 68 362 150 0.531386
5051 table 173 135 622 503 0.677994
5051 chair 102 62 226 263 0.901952
5051 chair 10 128 257 507 0.945488
5054 desk 0 230 459 526 0.385344
5056 desk 78 308 650 529 0.601432
5059 table 92 110 471 472 0.792004
5059 chair 309 206 558 504 0.955066
5059 chair 77 110 291 454 0.961331
5060 desk 230 152 730 528 0.39674
5060 chair 17 195 250 468 0.95007
5061 desk 274 182 531 481 0.78565
5062 chair 522 79 621 235 0.400954
5062 chair 679 90 729 305 0.472353
5062 chair 50 109 133 236 0.826232
5062 chair 99 121 220 294 0.855108
5062 chair 452 141 692 483 0.889001
5062 chair 158 137 366 392 0.900259
5062 chair 577 111 729 401 0.90667
5062 chair 285 182 588 529 0.931507
5063 chair 184 140 334 316 0.513749
5063 chair 664 95 729 280 0.622161
5063 chair 371 82 471 213 0.781884
5063 chair 341 70 428 189 0.808702
5063 chair 155 115 282 275 0.810981
5063 chair 406 95 535 255 0.887965
5063 chair 448 112 609 299 0.932167
5063 chair 177 181 373 502 0.952199
5063 chair 504 135 715 369 0.962101
5064 table 203 124 471 493 0.841428
5065 sofa 279 107 442 273 0.544922
5065 table 71 209 271 373 0.798146
5066 chair 281 131 368 275 0.728582
5066 chair 0 167 92 415 0.878759
5066 chair 498 157 617 266 0.892696
5066 chair 62 194 210 365 0.929003
5066 table 223 164 484 360 0.934983
5066 chair 466 211 662 439 0.961309
5067 chair 22 114 159 289 0.565171
5067 table 197 172 729 511 0.622686
5067 chair 66 134 208 395 0.923089
5067 chair 155 171 380 502 0.962323
5068 table 330 284 520 454 0.437194
5068 bookshelf 28 1 155 253 0.614769
5069 chair 487 155 559 250 0.394758
5069 sofa 352 164 561 254 0.558873
5069 table 260 249 571 527 0.577775
5069 table 585 167 728 276 0.636331
5069 chair 536 265 728 529 0.706338
5070 table 176 315 584 530 0.783792
5071 table 482 229 702 472 0.93954
5072 bookshelf 488 0 729 527 0.742441
5073 table 0 139 101 221 0.382962
5073 chair 0 125 48 200 0.411873
5073 chair 199 136 241 191 0.512853
5073 chair 291 118 330 159 0.515025
5073 chair 510 118 577 189 0.59778
5073 chair 0 204 143 436 0.717077
5073 chair 118 165 211 225 0.748149
5073 chair 405 169 520 319 0.897641
5073 chair 532 133 652 290 0.915095
5073 table 0 113 503 530 0.950062
5073 chair 410 247 673 527 0.972247
5074 chair 329 201 406 273 0.671685
5074 chair 140 159 289 390 0.781915
5074 chair 24 157 154 329 0.798693
5074 chair 384 219 705 527 0.958994
5076 chair 0 179 97 403 0.427389
5076 table 5 177 440 528 0.951793
5076 chair 419 214 650 524 0.961439
5077 chair 582 230 667 380 0.410172
5077 chair 0 119 45 254 0.496196
5077 chair 630 206 707 376 0.499824
5077 chair 17 151 160 302 0.510019
5077 chair 544 132 606 152 0.566479
5077 table 38 116 438 418 0.592066
5077 chair 326 97 395 190 0.600545
5077 chair 363 105 438 202 0.747389
5077 table 335 153 706 479 0.777803
5077 chair 335 286 534 493 0.8839
5077 chair 516 233 665 440 0.918649
5077 chair 0 184 164 398 0.92303
5077 chair 144 218 308 442 0.944029
5078 chair 265 107 328 212 0.433288
5078 chair 638 276 730 452 0.453758
5078 chair 0 200 60 442 0.461589
5078 chair 16 93 59 135 0.514615
5078 table 0 135 342 528 0.575157
5078 chair 536 216 566 257 0.59554
5078 chair 195 95 251 133 0.62608
5078 chair 20 282 155 527 0.638935
5078 table 152 342 506 528 0.759937
5078 table 339 212 730 529 0.780367
5078 chair 195 96 272 231 0.789099
5078 chair 121 105 191 136 0.803597
5078 table 84 128 489 259 0.844563
5078 chair 572 336 690 526 0.851874
5078 chair 455 391 629 529 0.867562
5079 table 227 225 421 493 0.597059
5080 table 348 244 710 504 0.463176
5080 chair 168 156 214 171 0.492674
5080 chair 230 154 270 173 0.519117
5080 chair 309 156 349 172 0.51928
5080 table 95 159 709 323 0.539173
5080 chair 639 292 726 457 0.652957
5080 chair 492 200 540 221 0.667883
5080 chair 560 217 617 241 0.689856
5080 chair 241 277 384 489 0.705946
5080 chair 89 161 150 252 0.768243
5080 chair 191 242 268 423 0.793702
5080 chair 505 324 680 518 0.937494
5080 chair 15 265 179 489 0.943334
5080 chair 51 205 162 332 0.948684
5081 chair 235 218 392 454 0.933146
5082 chair 453 174 576 335 0.842705
5082 chair 575 169 702 372 0.86995
5082 chair 378 237 601 529 0.962065
5082 chair 1 227 235 529 0.966001
5083 table 340 145 630 502 0.894754
5083 chair 150 179 333 431 0.95582
5084 chair 0 0 51 199 0.375049
5084 desk 126 0 727 446 0.424383
5084 chair 0 0 98 265 0.735602
5084 chair 45 49 292 394 0.953315
5084 chair 263 147 507 493 0.974958
5085 bookshelf 22 190 642 392 0.640092
5086 table 217 232 411 434 0.388554
5086 table 0 272 254 464 0.582485
5086 chair 433 165 502 300 0.607283
5086 chair 435 177 557 392 0.94409
5087 table 112 254 274 399 0.389777
5088 desk 289 170 518 387 0.409312
5090 chair 556 116 728 441 0.79309
5090 table 267 189 723 530 0.854881
5090 chair 0 154 263 529 0.904753
5090 chair 121 128 330 449 0.933253
5091 chair 311 447 520 529 0.694775
5091 chair 622 174 728 524 0.750841
5091 bed 0 164 403 446 0.804327
5091 chair 328 129 569 450 0.961386
5092 chair 137 167 265 398 0.914317
5092 chair 327 203 525 523 0.938375
5093 table 46 153 480 482 0.848815
5093 chair 323 234 593 497 0.947459
5093 bookshelf 419 1 727 382 0.990963
5094 bed 1 253 501 529 0.935365
5095 bed 79 245 491 526 0.435872
5096 bed 329 265 728 529 0.40667
5096 sofa 22 281 393 528 0.622381
5097 sofa 104 251 647 528 0.883803
5098 dresser 110 184 287 350 0.916033
5098 bed 275 132 726 528 0.980632
5099 bed 63 34 530 523 0.884012
5099 night_stand 5 172 89 294 0.892668
5100 dresser 0 160 129 308 0.605338
5100 bed 99 165 535 506 0.727523
5101 night_stand 369 278 425 324 0.501383
5101 bed 123 209 510 479 0.529107
5102 dresser 496 252 661 403 0.633004
5102 bed 104 111 505 406 0.943502
5103 bed 114 149 593 529 0.959781
5104 bed 0 189 538 529 0.867746
5105 bookshelf 588 213 730 528 0.660312
5105 bed 6 78 618 530 0.716992
5106 night_stand 560 256 644 372 0.780195
5106 bed 70 120 636 507 0.85769
5107 chair 1 212 247 529 0.521866
5107 bed 93 45 586 530 0.573642
5107 table 518 297 730 528 0.694957
5108 chair 520 206 606 348 0.414583
5108 night_stand 43 83 134 181 0.458036
5108 bed 0 211 520 527 0.880164
5109 bed 0 187 619 529 0.67439
5111 bed 1 0 639 527 0.585184
5111 table 362 424 571 529 0.589202
5112 bed 383 80 730 465 0.582974
5113 bed 38 170 539 530 0.485684
5114 bed 118 210 544 458 0.851677
5115 bed 0 80 576 528 0.746736
5116 bed 0 1 580 525 0.897803
5117 night_stand 84 276 165 309 0.39567
5117 bed 35 195 579 521 0.878786
5118 bed 88 161 681 530 0.879167
5119 bed 29 118 531 530 0.658076
5120 bed 0 152 718 526 0.799169
5121 bed 0 174 562 530 0.880685
5123 sofa 142 207 624 529 0.446718
5124 bed 90 0 728 530 0.362099
5126 bed 42 179 572 529 0.893472
5127 bed 209 184 464 348 0.612004
5127 bed 221 181 730 530 0.85257
5128 night_stand 6 178 69 235 0.460415
5128 night_stand 551 341 730 529 0.853421
5128 bed 37 40 626 524 0.970873
5129 bed 4 130 578 530 0.872087
5130 bed 53 116 647 529 0.506237
5131 bed 92 133 727 530 0.905994
5132 bed 139 109 637 528 0.917207
5133 bed 172 135 566 498 0.810148
5134 bed 255 211 715 530 0.757172
5134 bed 0 186 286 530 0.768843
5135 bed 0 288 474 528 0.917804
5137 dresser 45 193 136 316 0.520333
5137 chair 194 253 316 440 0.841484
5138 table 0 328 74 526 0.509902
5138 chair 544 472 672 529 0.523126
5138 dresser 90 222 237 376 0.708324
5138 bed 151 267 476 489 0.858414
5138 chair 1 364 187 529 0.870422
5140 dresser 8 205 129 309 0.615881
5140 bed 0 212 491 530 0.881324
5141 bed 0 249 387 530 0.807966
5142 bed 568 280 730 530 0.363977
5142 table 1 296 311 518 0.46248
5142 bed 304 251 591 528 0.658619
5143 sofa 484 231 729 518 0.376726
5143 bed 0 255 93 519 0.414151
5143 bed 137 194 360 403 0.494031
5143 bed 359 209 656 527 0.69307
5144 bed 0 128 135 527 0.685431
5144 bed 140 178 418 507 0.825056
5145 chair 0 141 63 519 0.378195
5146 bed 19 197 371 529 0.730986
5147 table 121 232 446 527 0.715836
5147 chair 0 204 243 530 0.872143
5147 bookshelf 347 88 714 466 0.902297
5148 chair 252 189 382 439 0.397211
5148 table 6 219 444 530 0.399472
5148 bookshelf 484 123 730 530 0.477594
5148 chair 0 299 107 528 0.773341
5149 chair 0 255 140 529 0.561328
5150 table 209 221 502 427 0.87358
5151 night_stand 648 220 730 395 0.674856
5152 chair 526 304 730 528 0.486088
5152 chair 285 147 402 342 0.546428
5152 chair 285 224 480 396 0.583691
5152 chair 38 130 155 364 0.682548
5152 chair 462 141 617 280 0.691002
5152 chair 166 135 262 228 0.748761
5152 chair 107 227 365 527 0.795206
5153 chair 81 209 207 358 0.407792
5153 chair 363 256 723 528 0.522282
5153 chair 309 196 414 315 0.614864
5153 chair 247 231 503 528 0.829614
5154 sofa 353 317 729 530 0.433906
5155 sofa 99 166 359 391 0.403692
5155 bed 367 188 709 485 0.72249
5156 table 0 379 266 529 0.377884
5157 bed 177 249 442 530 0.415682
5158 sofa 1 191 265 408 0.380824
5158 sofa 0 95 570 530 0.615965
5159 chair 44 396 312 529 0.597036
5159 chair 130 174 339 421 0.812056
5160 chair 0 211 86 394 0.396336
5160 chair 7 163 135 293 0.413644
5160 chair 134 161 276 328 0.520542
5160 chair 166 177 420 412 0.570381
5160 chair 0 307 152 530 0.586161
5161 sofa 2 209 514 527 0.521901
5161 sofa 1 132 224 235 0.866214
5162 sofa 0 228 680 528 0.752144
5164 bed 429 164 711 527 0.663157
5165 sofa 278 171 654 328 0.457781
5165 sofa 241 332 669 520 0.966004
5166 night_stand 0 190 123 377 0.372314
5166 bed 78 123 725 528 0.947489
5167 bed 0 179 325 529 0.91559
5168 night_stand 128 227 321 428 0.456456
5169 bed 499 257 729 530 0.765662
5170 chair 156 174 224 249 0.409112
5170 chair 24 167 109 246 0.419389
5170 chair 0 253 90 468 0.592807
5170 table 591 281 729 528 0.712515
5170 chair 85 239 263 456 0.725822
5170 chair 227 176 294 277 0.736262
5170 chair 6 189 145 373 0.797988
5170 chair 286 222 391 350 0.857288
5170 chair 484 194 570 289 0.859744
5170 chair 163 189 263 322 0.860892
5170 chair 512 201 630 389 0.902733
5170 chair 0 292 208 530 0.950108
5170 chair 209 274 394 528 0.967071
5171 table 180 198 413 417 0.414239
5171 chair 681 214 729 423 0.471471
5171 table 327 174 583 304 0.668708
5171 table 0 234 152 466 0.770751
5171 chair 148 261 311 445 0.923912
5171 chair 479 247 695 529 0.954035
5172 chair 182 206 244 253 0.420435
5172 chair 242 219 310 310 0.663912
5172 chair 0 320 119 530 0.666249
5172 chair 0 223 77 387 0.753616
5172 chair 280 237 415 458 0.887318
5172 chair 393 257 560 527 0.895187
5172 chair 122 249 286 502 0.909398
5172 chair 61 222 179 418 0.921363
5172 chair 510 243 664 445 0.927337
5173 table 68 288 318 450 0.718532
5173 chair 342 209 520 469 0.949259
5174 chair 164 229 237 290 0.376895
5174 chair 92 504 239 528 0.407
5174 chair 0 262 41 325 0.431059
5174 chair 523 239 599 371 0.466677
5174 chair 666 250 729 418 0.564372
5174 chair 581 225 678 284 0.618809
5174 chair 292 210 341 266 0.660358
5174 chair 446 213 529 323 0.712368
5174 chair 0 303 168 529 0.72361
5174 chair 235 217 295 269 0.734522
5174 chair 33 225 99 299 0.783835
5174 chair 88 242 164 312 0.81523
5174 chair 552 273 730 486 0.815472
5174 chair 118 267 234 449 0.836149
5174 chair 247 246 374 399 0.897445
5174 chair 366 245 513 476 0.945218
5174 chair 161 295 389 529 0.957787
5174 chair 480 373 730 530 0.965659
5175 chair 333 458 486 528 0.507468
5175 chair 226 159 293 231 0.554404
5175 chair 549 202 658 319 0.603733
5175 chair 401 315 654 507 0.75235
5175 chair 110 182 203 345 0.76358
5175 chair 394 172 475 294 0.780969
5175 chair 163 169 238 244 0.789297
5175 chair 651 250 729 529 0.815775
5175 chair 476 249 658 464 0.819732
5175 chair 358 182 452 324 0.869465
5175 chair 0 197 142 388 0.90231
5175 chair 304 191 417 371 0.909647
5175 chair 236 211 378 417 0.917867
5175 chair 0 304 220 528 0.937674
5175 chair 146 237 344 519 0.953407
5176 desk 440 213 604 356 0.421672
5176 chair 283 492 438 529 0.502432
5176 chair 30 239 166 359 0.662045
5176 chair 698 245 729 483 0.667112
5176 chair 271 216 363 341 0.87237
5176 chair 0 273 155 526 0.877003
5176 chair 11 375 279 530 0.929904
5176 chair 176 246 327 437 0.943376
5176 chair 333 285 493 507 0.955874
5177 chair 693 107 729 329 0.497962
5177 chair 560 184 676 355 0.594701
5177 chair 318 170 428 321 0.62742
5177 chair 429 168 535 323 0.74186
5178 table 239 156 406 320 0.465375
5178 table 566 172 694 362 0.897535
5179 table 0 143 299 358 0.924237
5179 table 262 189 574 514 0.966509
5180 chair 0 161 162 373 0.442322
5180 chair 3 159 279 530 0.682469
5180 chair 253 218 468 520 0.851867
5180 chair 370 210 524 415 0.886152
5181 chair 280 55 319 85 0.371142
5181 table 75 75 512 446 0.430125
5181 table 2 65 311 143 0.481834
5181 chair 314 48 348 74 0.509819
5181 chair 58 70 119 147 0.511609
5181 desk 82 76 516 448 0.658319
5181 chair 201 70 262 108 0.754429
5181 chair 103 89 177 139 0.819875
5181 chair 0 129 95 374 0.835702
5181 chair 384 164 634 487 0.96723
5182 table 2 205 326 526 0.407943
5182 chair 462 100 580 273 0.469561
5182 table 0 90 455 222 0.480197
5182 chair 244 38 300 61 0.486272
5182 table 488 107 729 326 0.496946
5182 chair 421 70 490 156 0.498147
5182 chair 349 47 387 83 0.603639
5182 chair 391 56 442 102 0.605373
5182 chair 188 72 247 106 0.64416
5182 chair 487 100 636 310 0.673378
5182 chair 0 84 83 225 0.800836
5182 chair 593 88 729 312 0.813174
5182 chair 293 116 459 343 0.818574
5182 table 4 137 623 523 0.838946
5182 chair 113 138 331 505 0.884317
5182 chair 326 236 590 528 0.929515
5183 table 40 114 263 281 0.421342
5183 chair 258 83 303 140 0.480362
5183 chair 0 123 44 209 0.487743
5183 chair 27 94 99 190 0.521921
5183 chair 402 97 466 192 0.56306
5183 table 343 107 553 238 0.591526
5183 table 3 101 107 193 0.652619
5183 chair 281 119 399 289 0.654127
5183 chair 450 102 542 217 0.727189
5183 chair 196 107 264 235 0.779102
5183 chair 0 266 215 528 0.83134
5183 chair 254 164 398 377 0.845002
5183 chair 144 200 334 493 0.899316
5184 table 107 101 730 524 0.882214
5184 chair 62 123 225 321 0.885447
5184 chair 183 147 396 393 0.943862
5184 chair 381 218 636 528 0.946194
5185 desk 271 58 690 529 0.708465
5185 chair 147 99 310 248 0.80483
5185 chair 144 157 439 478 0.939244
5186 desk 457 23 729 529 0.586115
5186 chair 335 87 433 243 0.72949
5186 chair 388 70 469 184 0.804371
5186 chair 389 116 554 322 0.922857
5186 desk 0 68 385 530 0.935388
5186 chair 267 178 504 505 0.97666
5187 desk 595 411 730 530 0.46484
5187 desk 318 169 495 362 0.532268
5187 chair 180 216 341 457 0.908395
5188 desk 465 38 728 342 0.536928
5188 chair 462 39 494 83 0.728439
5188 chair 655 85 727 169 0.747929
5188 chair 432 106 530 310 0.859622
5188 chair 357 53 452 227 0.886088
5188 chair 198 179 473 529 0.965785
5189 chair 580 148 730 384 0.438844
5189 chair 362 93 443 171 0.470845
5189 chair 681 104 729 128 0.53561
5189 table 400 114 622 317 0.549527
5189 chair 284 73 341 133 0.569036
5189 table 223 78 443 168 0.594462
5189 chair 586 95 664 157 0.635732
5189 chair 323 87 396 157 0.659357
5189 table 570 157 729 377 0.779905
5189 table 105 123 529 512 0.824935
5189 chair 423 104 532 208 0.84741
5189 chair 0 181 230 465 0.959058
5190 table 318 204 629 474 0.961705
5191 table 58 194 373 494 0.952857
5192 chair 158 0 246 103 0.37001
5192 table 161 0 297 123 0.379256
5192 chair 469 2 567 133 0.399021
5192 chair 102 34 154 129 0.470311
5192 chair 68 17 116 95 0.52554
5192 chair 527 16 727 273 0.622794
5192 chair 253 48 365 229 0.665239
5192 table 202 0 406 131 0.703331
5192 table 356 23 729 321 0.782754
5192 table 0 33 336 529 0.901323
5192 chair 275 92 495 470 0.937758
5193 chair 188 116 233 181 0.3767
5193 table 325 107 730 170 0.387394
5193 chair 480 123 592 292 0.394625
5193 chair 0 159 56 284 0.415403
5193 chair 329 102 378 182 0.441769
5193 chair 22 129 60 147 0.481406
5193 chair 626 72 717 106 0.503184
5193 chair 0 217 83 371 0.576004
5193 table 620 97 729 172 0.583961
5193 table 643 169 730 400 0.59973
5193 chair 431 94 491 119 0.626775
5193 chair 326 100 381 126 0.629203
5193 chair 148 144 226 185 0.641147
5193 chair 147 145 232 268 0.644532
5193 chair 368 129 456 180 0.654467
5193 chair 516 82 590 114 0.666274
5193 chair 367 131 459 267 0.696116
5193 chair 483 122 590 177 0.701077
5193 chair 48 153 119 189 0.728396
5193 chair 51 228 218 400 0.754638
5193 table 2 179 673 382 0.764596
5193 table 0 384 727 529 0.794662
5193 chair 230 141 311 184 0.799616
5193 chair 212 238 413 397 0.867568
5193 chair 410 227 604 456 0.872044
5194 desk 0 150 369 528 0.384406
5194 table 0 152 368 526 0.416134
5194 desk 424 87 630 412 0.865997
5195 table 44 156 558 530 0.412501
5195 desk 44 156 559 530 0.641281
5195 chair 133 198 296 465 0.931846
5196 desk 434 0 728 530 0.39845
5196 chair 213 134 336 345 0.800538
5196 desk 0 100 315 530 0.849829
5196 chair 243 210 486 528 0.967601
5197 table 291 17 730 477 0.499225
5197 chair 283 45 387 146 0.655294
5197 chair 251 75 387 196 0.882193
5197 chair 219 109 411 377 0.947371
5197 chair 415 163 729 528 0.955861
5198 chair 320 179 439 357 0.873482
5198 chair 405 205 548 400 0.912109
5198 chair 236 209 389 436 0.959977
5198 chair 110 237 326 529 0.965402
5199 chair 0 165 34 295 0.722421
5200 chair 75 222 217 408 0.89935
5200 chair 185 238 331 450 0.945452
5200 chair 314 259 491 520 0.963554
5201 chair 420 246 532 394 0.44976
5201 chair 527 222 611 332 0.740144
5201 chair 570 244 664 374 0.761063
5201 chair 597 278 730 470 0.83048
5201 chair 422 273 559 473 0.92684
5202 chair 288 196 360 265 0.394109
5202 chair 416 189 495 297 0.437771
5202 chair 360 191 420 247 0.507
5202 chair 224 179 291 256 0.580482
5202 chair 288 200 362 352 0.605182
5202 chair 212 161 262 181 0.607307
5202 chair 155 161 213 182 0.643335
5202 chair 288 174 343 198 0.64948
5202 chair 87 164 154 211 0.715462
5202 chair 198 205 298 379 0.719809
5202 chair 148 181 224 270 0.751833
5202 chair 52 183 144 338 0.863391
5202 chair 11 166 89 290 0.864573
5202 chair 86 209 235 421 0.893645
5202 chair 398 231 543 457 0.938731
5202 chair 159 258 367 528 0.938733
5202 chair 296 244 469 512 0.940213
5202 chair 472 224 602 416 0.946292
5203 chair 180 209 272 280 0.463355
5203 chair 381 206 440 257 0.474304
5203 chair 443 194 500 218 0.489345
5203 chair 332 198 385 240 0.517567
5203 chair 498 201 565 280 0.51985
5203 chair 158 203 231 263 0.522186
5203 chair 296 193 337 246 0.547727
5203 chair 204 220 325 377 0.603594
5203 chair 70 261 243 525 0.783724
5203 chair 569 209 650 343 0.807788
5203 chair 435 216 507 353 0.84592
5203 chair 281 232 397 403 0.891706
5203 chair 24 241 173 465 0.904449
5203 chair 473 228 590 397 0.904508
5203 chair 123 287 344 530 0.940065
5203 chair 331 249 488 482 0.965396
5204 chair 43 217 124 259 0.377858
5204 chair 590 173 648 209 0.477678
5204 chair 399 190 473 213 0.499199
5204 chair 39 219 136 350 0.521609
5204 chair 330 193 401 258 0.527389
5204 chair 394 214 490 368 0.529777
5204 chair 121 193 191 218 0.553384
5204 chair 191 192 257 243 0.608481
5204 chair 303 219 408 363 0.610598
5204 chair 589 216 702 356 0.625984
5204 chair 257 191 326 222 0.635848
5204 chair 479 189 548 241 0.640598
5204 chair 550 189 624 237 0.651947
5204 chair 629 189 708 259 0.665005
5204 chair 490 217 589 358 0.669354
5204 chair 211 218 306 352 0.74134
5204 chair 123 218 212 349 0.764508
5204 chair 1 182 79 261 0.775373
5204 chair 94 259 272 522 0.91124
5204 chair 407 261 564 528 0.925983
5204 chair 0 260 151 519 0.932819
5204 chair 249 261 399 528 0.948301
5204 chair 547 259 729 530 0.956263
5205 chair 647 311 730 529 0.841582
5205 chair 443 117 522 243 0.88218
5205 chair 241 117 321 247 0.904725
5205 chair 340 117 415 242 0.931043
5205 chair 4 310 252 530 0.933006
5205 chair 252 310 468 530 0.940344
5205 chair 457 307 705 530 0.952027
5206 chair 9 122 146 188 0.687288
5206 table 0 179 174 530 0.819712
5206 chair 1 149 274 529 0.944125
5206 chair 329 148 482 374 0.952505
5207 chair 232 123 286 138 0.377668
5207 chair 121 115 177 137 0.482635
5207 chair 393 136 449 158 0.515865
5207 chair 470 189 571 348 0.531876
5207 chair 508 150 580 183 0.634788
5207 chair 210 136 292 161 0.660722
5207 chair 88 133 188 164 0.666575
5207 chair 530 185 635 326 0.743782
5207 chair 329 135 393 159 0.768854
5207 chair 663 290 730 527 0.773195
5207 table 51 155 574 432 0.81923
5207 chair 372 210 513 415 0.829369
5207 chair 9 163 195 381 0.913792
5207 chair 169 238 399 511 0.958737
5208 chair 339 198 408 215 0.647648
5208 chair 0 191 73 321 0.673523
5208 chair 284 184 343 207 0.704176
5208 chair 498 192 574 221 0.819076
5208 table 204 205 620 526 0.864483
5208 chair 164 235 322 433 0.888262
5208 chair 53 224 190 401 0.906297
5208 chair 526 235 697 455 0.936483
5208 chair 378 248 590 526 0.946465
5209 chair 170 43 221 79 0.384722
5209 chair 169 131 350 297 0.406391
5209 chair 0 61 63 180 0.465482
5209 chair 493 86 576 120 0.497676
5209 chair 306 70 362 95 0.633394
5209 chair 398 78 472 108 0.657333
5209 chair 239 65 290 88 0.762275
5209 table 11 79 652 440 0.77629
5209 chair 0 118 84 325 0.80843
5209 chair 606 83 730 242 0.886673
5209 chair 81 185 355 528 0.964744
5210 chair 292 135 439 271 0.478453
5210 chair 699 145 729 202 0.49033
5210 chair 265 143 355 275 0.520933
5210 chair 475 382 603 530 0.555974
5210 chair 489 178 554 379 0.68248
5210 chair 452 138 533 280 0.80945
5210 chair 551 137 634 195 0.810514
5210 chair 199 155 319 353 0.862459
5210 table 527 193 730 399 0.879336
5210 table 0 242 170 527 0.880603
5210 chair 305 197 504 519 0.947372
5211 dresser 0 283 70 528 0.443938
5213 table 366 295 713 524 0.784177
5217 table 0 189 615 481 0.591864
5219 table 138 237 730 524 0.552101
5220 table 126 192 346 388 0.911919
5220 chair 15 238 235 495 0.953943
5220 chair 380 208 581 467 0.970572
5221 sofa 257 93 478 214 0.529309
5221 sofa 0 136 314 530 0.874807
5221 sofa 397 152 719 448 0.944513
5222 chair 589 273 725 486 0.881198
5223 chair 414 275 586 524 0.555644
5223 table 0 208 188 412 0.795533
5223 chair 429 143 535 300 0.817559
5223 chair 117 138 225 313 0.847335
5223 chair 228 169 344 377 0.919417
5224 chair 405 203 730 528 0.374472
5224 chair 373 107 457 210 0.44032
5224 chair 176 286 410 528 0.470418
5224 chair 309 146 451 371 0.763517
5224 table 108 160 349 311 0.784343
5225 table 0 218 290 528 0.864719
5225 table 289 196 532 467 0.922397
5225 chair 443 121 603 375 0.924132
5225 chair 568 204 730 527 0.948541
5226 sofa 279 213 464 311 0.718638
5226 chair 640 227 730 365 0.739521
5226 table 235 266 404 333 0.780407
5227 chair 235 202 324 350 0.775777
5227 chair 343 206 466 393 0.929453
5227 chair 17 233 180 463 0.939496
5227 table 132 237 323 444 0.945167
5227 chair 421 235 601 506 0.957448
5228 table 638 295 730 530 0.59379
5228 chair 548 250 718 501 0.935567
5229 table 46 176 179 381 0.463802
5229 chair 0 196 130 454 0.882081
5230 chair 0 233 249 528 0.955601
5230 sofa 180 135 556 374 0.977286
5231 chair 358 203 465 432 0.659403
5231 chair 436 222 665 529 0.94888
5231 chair 220 217 414 519 0.959617
5232 table 90 292 418 512 0.923412
5232 sofa 296 166 730 530 0.990725
5233 sofa 425 143 696 417 0.628056
5233 chair 258 210 502 528 0.769957
5233 sofa 154 100 413 306 0.889472
5234 table 666 141 728 292 0.408891
5234 chair 422 184 574 340 0.709405
5234 chair 347 156 463 315 0.773115
5234 chair 600 129 709 266 0.870103
5234 chair 575 152 701 326 0.883939
5234 chair 198 164 344 352 0.89068
5234 table 224 181 458 419 0.940771
5234 chair 418 217 619 512 0.965765
5234 chair 32 201 247 444 0.977331
5235 chair 396 145 495 338 0.696283
5235 table 614 140 730 316 0.801901
5235 chair 511 126 589 264 0.82091
5235 table 200 162 448 382 0.863985
5235 chair 202 135 329 286 0.898809
5235 chair 553 167 698 354 0.923503
5235 chair 205 261 404 500 0.934816
5235 chair 396 201 582 447 0.956836
5235 chair 39 165 216 407 0.966167
5236 chair 669 141 729 292 0.488511
5236 table 564 134 727 292 0.832352
5236 chair 290 139 413 299 0.849484
5236 chair 118 143 274 323 0.858046
5236 chair 564 157 694 299 0.914757
5236 table 219 162 457 352 0.919557
5236 chair 403 165 567 361 0.937932
5236 chair 310 250 528 501 0.958291
5236 chair 51 211 276 497 0.971768
5237 chair 272 191 392 361 0.378784
5237 bookshelf 432 119 608 286 0.417451
5237 chair 139 182 271 354 0.848543
5237 chair 0 210 135 427 0.868864
5237 table 147 209 388 444 0.946476
5237 chair 301 235 476 463 0.951305
5237 chair 72 276 283 510 0.961661
5238 chair 303 153 418 333 0.808882
5238 table 215 183 463 427 0.880185
5238 chair 411 169 581 383 0.893467
5238 chair 127 169 290 353 0.954978
5238 chair 0 276 268 528 0.961549
5238 chair 338 237 553 506 0.972667
5239 chair 475 159 584 267 0.624052
5239 bookshelf 1 1 250 189 0.791074
5239 sofa 4 134 398 446 0.903155
5240 chair 0 120 84 361 0.911492
5240 sofa 210 80 666 406 0.965134
5241 chair 580 194 629 284 0.701571
5241 table 545 162 695 281 0.807733
5241 chair 465 153 524 214 0.840314
5241 sofa 298 189 594 516 0.945692
5241 sofa 0 157 311 360 0.966355
5242 chair 693 172 729 387 0.414035
5242 chair 465 141 560 325 0.460251
5242 chair 224 121 315 318 0.771794
5242 table 192 153 591 421 0.922868
5242 chair 11 217 265 529 0.960765
5243 sofa 394 191 652 424 0.829976
5243 table 1 205 253 521 0.875906
5244 table 183 242 442 461 0.62407
5244 sofa 482 193 680 394 0.814415
5244 table 142 191 334 331 0.840005
5244 sofa 0 154 180 324 0.850933
5246 table 295 184 500 292 0.683529
5246 sofa 371 117 569 243 0.92601
5247 sofa 1 120 146 263 0.697218
5247 table 53 214 334 358 0.839637
5249 sofa 179 126 730 529 0.656774
5249 sofa 150 99 457 284 0.974778
5250 sofa 373 145 510 250 0.610511
5250 sofa 0 235 288 523 0.658562
5250 sofa 436 173 653 348 0.738751
5250 table 224 194 429 371 0.84002
5251 sofa 0 162 174 423 0.845536
5251 table 207 285 572 509 0.939763
5251 sofa 172 143 414 295 0.95677
5252 chair 447 135 571 295 0.922946
5252 table 0 267 418 527 0.945257
5253 chair 90 147 252 327 0.423934
5253 chair 234 126 298 292 0.669281
5253 chair 236 126 296 176 0.809036
5253 chair 86 146 177 292 0.854151
5253 table 100 141 501 446 0.915983
5253 chair 425 148 534 267 0.929521
5253 chair 388 193 561 369 0.944121
5253 chair 345 312 626 530 0.959665
5253 chair 32 280 282 529 0.962295
5254 chair 158 177 239 203 0.431626
5254 chair 0 238 95 490 0.782513
5254 chair 205 147 266 208 0.840041
5254 chair 27 177 112 327 0.851379
5254 table 2 188 383 480 0.938512
5254 chair 329 182 467 380 0.948731
5254 chair 517 191 695 426 0.966593
5255 sofa 0 162 228 438 0.778183
5255 sofa 264 149 730 461 0.934466
5256 toilet 1 462 65 529 0.36995
5256 sofa 376 156 729 530 0.776898
5256 sofa 0 141 339 360 0.828208
5257 chair 464 237 730 530 0.841044
5257 chair 68 255 388 529 0.883578
5257 sofa 391 141 625 269 0.970289
5258 chair 290 182 370 208 0.378218
5258 chair 224 178 269 197 0.406248
5258 chair 279 184 370 368 0.48287
5258 chair 319 192 461 400 0.723489
5258 chair 40 176 129 280 0.72744
5258 chair 0 209 152 421 0.806009
5258 table 49 191 476 462 0.858317
5258 chair 122 242 323 466 0.958476
5258 chair 407 231 595 515 0.959118
5259 sofa 63 186 563 530 0.431869
5259 bed 61 189 562 529 0.644057
5260 table 257 300 580 530 0.523229
5260 chair 634 189 730 335 0.828947
5260 sofa 0 165 316 475 0.959336
5261 table 67 191 381 356 0.728548
5261 chair 0 256 193 442 0.853939
5262 sofa 5 171 506 527 0.769094
5262 bed 493 121 730 530 0.870115
5263 desk 11 156 599 424 0.858307
5263 chair 321 156 606 530 0.967933
5264 table 1 149 413 529 0.959471
5264 chair 373 123 632 527 0.972526
5265 table 207 254 372 456 0.688431
5265 chair 32 264 208 497 0.946901
5266 desk 108 121 232 272 0.589969
5266 desk 222 132 602 518 0.627256
5266 chair 117 194 208 333 0.679678
5266 chair 15 156 102 272 0.895924
5266 chair 146 226 328 485 0.953184
5267 sofa 105 181 399 489 0.74583
5268 chair 567 200 651 352 0.701224
5268 sofa 31 171 479 348 0.874149
5269 chair 276 235 591 528 0.391089
5269 chair 279 155 388 296 0.570722
5270 chair 203 160 261 237 0.423899
5270 sofa 264 153 614 288 0.881623
5271 table 401 201 729 530 0.69809
5271 chair 639 155 730 235 0.804612
5271 desk 403 200 729 528 0.858049
5271 chair 284 120 450 379 0.956039
5271 chair 42 138 305 523 0.979721
5272 table 287 32 568 80 0.411694
5272 chair 640 34 730 159 0.413973
5272 chair 548 30 650 181 0.505907
5272 chair 329 0 393 39 0.668864
5272 chair 206 0 297 49 0.769406
5272 chair 439 69 590 283 0.776275
5272 chair 318 68 534 443 0.969117
5272 chair 50 86 384 526 0.980937
5273 chair 453 44 595 265 0.938004
5273 chair 310 38 514 425 0.950919
5273 chair 39 110 357 528 0.988763
5274 sofa 0 132 560 498 0.971345
5277 table 96 259 541 530 0.70378
5278 desk 78 68 541 413 0.587878
5278 chair 263 245 482 526 0.935229
5278 chair 0 188 241 488 0.964216
5279 sofa 0 133 392 436 0.948245
5279 chair 299 210 555 528 0.950238
5280 chair 123 134 306 400 0.631743
5280 chair 460 168 675 439 0.894268
5280 chair 49 224 275 497 0.911039
5280 table 97 208 455 513 0.946035
5281 chair 665 288 729 529 0.728453
5281 sofa 31 103 566 527 0.987265
5282 chair 685 210 730 526 0.427748
5282 sofa 3 76 672 508 0.98961
5283 chair 110 23 231 155 0.891374
5283 chair 0 11 106 230 0.925073
5284 table 17 120 526 356 0.410908
5284 table 513 105 728 346 0.875975
5284 chair 619 109 730 483 0.916506
5284 chair 58 95 372 530 0.981062
5285 bookshelf 0 0 259 226 0.519307
5285 chair 172 57 505 530 0.981544
5286 table 576 299 729 528 0.640279
5286 chair 436 420 717 528 0.720858
5286 desk 257 206 695 510 0.86359
5286 chair 18 191 265 522 0.966184
5287 desk 0 156 608 527 0.447075
5287 chair 235 167 400 394 0.936
5287 chair 427 208 662 523 0.960579
5288 desk 168 152 539 523 0.925522
5288 chair 6 169 252 494 0.93022
5289 desk 353 100 728 416 0.429911
5289 desk 0 97 725 468 0.691978
5289 chair 632 331 730 528 0.755123
5289 chair 180 79 455 473 0.952114
5290 desk 41 134 561 438 0.530632
5290 chair 335 114 591 521 0.940075
5291 chair 630 218 730 528 0.430562
5291 chair 373 104 529 375 0.933892
5291 chair 114 146 358 527 0.971328
5292 desk 0 181 111 528 0.470398
5292 desk 1 138 376 439 0.521005
5292 chair 527 65 699 305 0.873475
5292 chair 267 97 498 528 0.914679
5293 chair 703 173 730 437 0.538204
5293 chair 516 189 651 428 0.782839
5293 table 218 170 570 521 0.886383
5293 chair 33 136 253 471 0.909861
5294 chair 618 78 730 368 0.59144
5294 chair 349 59 600 492 0.94755
5295 desk 476 137 728 379 0.892062
5295 chair 0 176 258 527 0.94307
5295 chair 580 148 730 524 0.96759
5296 table 209 193 455 455 0.863577
5297 table 69 246 405 490 0.897544
5298 bookshelf 564 0 729 511 0.67795
5298 bookshelf 92 1 243 205 0.777775
5298 chair 319 226 590 528 0.879668
5298 chair 0 130 135 318 0.932575
5298 sofa 155 143 535 318 0.965035
5299 bookshelf 572 3 728 311 0.565472
5299 bookshelf 0 4 147 323 0.599956
5299 sofa 101 192 577 357 0.698796
5299 table 95 284 467 487 0.711141
5299 chair 0 209 156 464 0.867245
5299 chair 539 200 730 516 0.895527
5300 table 151 102 481 394 0.747993
5300 table 476 206 729 527 0.928869
5300 chair 42 188 254 523 0.934218
5300 chair 290 184 522 529 0.942258
5301 chair 0 216 108 359 0.810067
5301 chair 93 233 315 488 0.962548
5302 desk 592 133 729 465 0.458478
5302 chair 0 147 59 334 0.606696
5302 table 4 153 402 429 0.73566
5302 chair 499 121 645 292 0.823534
5302 chair 398 152 528 334 0.907093
5302 chair 139 155 374 528 0.967211
5303 table 0 125 418 409 0.808757
5303 chair 363 92 614 511 0.963723
5304 table 369 118 659 363 0.530354
5304 desk 116 115 605 497 0.602188
5304 table 115 116 603 496 0.632209
5304 chair 0 145 258 488 0.961411
5305 table 589 146 730 514 0.517022
5305 table 33 131 538 512 0.534298
5305 chair 28 170 334 515 0.968239
5306 chair 534 170 727 405 0.464407
5306 table 134 149 572 483 0.628981
5306 table 0 100 211 194 0.790482
5306 chair 0 183 281 528 0.938408
5307 desk 183 214 638 530 0.823652
5307 chair 126 189 336 466 0.881835
5309 table 291 194 504 365 0.389713
5309 sofa 475 181 729 456 0.446734
5310 bookshelf 0 0 63 471 0.566301
5310 chair 0 217 205 507 0.934575
5310 table 337 236 730 530 0.956628
5311 desk 0 208 225 488 0.437342
5311 chair 33 273 282 528 0.775079
5311 desk 421 188 574 336 0.830502
5311 desk 566 208 730 407 0.920441
5312 sofa 434 173 727 265 0.919347
5313 table 0 193 135 367 0.834789
5314 chair 235 198 459 528 0.869166
5315 chair 6 199 219 466 0.933402
5316 table 596 144 725 183 0.646569
5316 chair 632 162 730 400 0.713421
5316 table 0 174 334 451 0.831037
5316 chair 465 147 667 506 0.946818
5316 chair 274 153 478 519 0.947171
5317 table 17 190 547 478 0.932962
5317 chair 331 242 506 494 0.948203
5320 chair 403 190 559 339 0.840413
5320 chair 366 266 585 528 0.927442
5320 chair 0 196 149 441 0.944301
5320 chair 161 189 341 416 0.95159
5321 chair 472 179 597 355 0.936688
5321 chair 309 208 487 427 0.943833
5321 chair 576 218 729 462 0.946127
5321 chair 102 214 327 527 0.959084
5322 table 18 225 443 473 0.942883
5323 chair 637 199 728 350 0.445682
5323 desk 0 300 285 529 0.501751
5323 table 279 195 644 420 0.94917
5324 chair 396 227 576 517 0.795011
5324 sofa 2 176 428 492 0.967618
5325 desk 1 199 570 527 0.831794
5325 chair 266 184 402 411 0.931837
5326 chair 282 168 431 306 0.663844
5326 table 57 157 344 453 0.705299
5326 chair 210 255 471 529 0.9479
5327 desk 2 204 311 408 0.577006
5327 table 268 209 534 479 0.637966
5327 chair 62 200 296 521 0.953106
5328 table 122 194 486 424 0.363681
5328 chair 199 273 402 528 0.910238
5329 chair 0 187 76 398 0.874631
5329 table 71 207 615 529 0.929602
5329 chair 114 258 327 529 0.944235
5330 table 602 281 729 523 0.60152
5330 chair 0 189 239 529 0.963513
5331 chair 102 129 360 478 0.938778
5331 chair 338 83 543 509 0.949678
5332 sofa 0 197 454 309 0.644182
5333 table 100 232 507 504 0.438205
5333 desk 109 232 506 511 0.715111
5333 desk 562 266 729 473 0.870975
5333 chair 134 212 398 529 0.874943
5334 chair 428 226 526 359 0.925599
5334 chair 27 287 217 520 0.945077
5335 desk 0 207 580 529 0.837746
5335 chair 429 271 595 528 0.895119
5336 desk 33 124 566 528 0.455502
5336 chair 0 286 192 521 0.853934
5337 desk 183 234 684 530 0.421245
5337 table 180 234 685 530 0.631225
5337 chair 173 283 417 529 0.964373
5338 table 494 165 730 405 0.529856
5338 chair 577 196 729 414 0.923738
5338 chair 138 211 350 523 0.962117
5339 table 1 225 272 365 0.561104
5339 table 258 244 597 500 0.81621
5339 chair 0 263 165 420 0.918441
5339 chair 209 251 378 515 0.961479
5340 chair 103 261 293 518 0.88991
5340 chair 309 258 495 529 0.955352
5342 table 33 108 365 381 0.58165
5342 chair 437 146 515 257 0.631255
5342 chair 529 194 616 267 0.652124
5342 chair 294 188 427 364 0.920046
5342 chair 154 274 381 528 0.941592
5343 table 331 213 544 379 0.636057
5343 chair 376 379 634 521 0.784687
5343 chair 256 237 414 469 0.901379
5344 chair 620 172 729 327 0.702767
5344 chair 38 226 147 348 0.853641
5344 chair 129 238 268 463 0.893654
5344 table 271 228 568 475 0.897771
5346 chair 0 362 211 528 0.719809
5346 chair 187 159 329 390 0.91778
5347 chair 0 445 74 528 0.364671
5347 desk 0 201 347 522 0.467349
5347 desk 182 278 349 521 0.46895
5347 table 421 285 549 476 0.472875
5347 chair 42 212 197 434 0.932755
5348 table 498 318 641 429 0.423555
5349 table 265 189 644 403 0.647751
5349 chair 267 200 415 465 0.942822
5349 table 0 201 270 510 0.94962
5352 table 224 220 351 415 0.404061
5353 chair 406 200 575 443 0.951741
5354 chair 99 146 183 275 0.377335
5354 chair 0 175 67 359 0.39234
5354 chair 184 152 251 261 0.448298
5354 chair 299 168 393 303 0.933349
5354 table 5 184 249 380 0.935178
5354 chair 97 251 327 528 0.945548
5354 table 429 196 730 454 0.966165
5355 chair 378 148 479 275 0.787681
5355 chair 183 165 267 316 0.850662
5355 chair 421 213 623 454 0.952812
5355 table 209 185 468 405 0.96114
5355 chair 5 227 238 504 0.976604
5357 table 216 184 620 529 0.841892
5357 sofa 63 152 290 309 0.872128
5357 chair 62 198 323 505 0.94988
5358 chair 279 166 358 222 0.471482
5358 chair 237 335 516 530 0.909902
5358 chair 459 187 625 382 0.93085
5358 chair 182 223 362 478 0.960463
5358 table 246 211 531 394 0.965746
5361 chair 360 122 434 213 0.392643
5361 chair 439 118 568 199 0.399694
5361 chair 436 119 571 294 0.49305
5361 table 0 148 432 365 0.605155
5361 chair 280 102 339 147 0.676284
5361 chair 178 128 233 167 0.791051
5361 chair 93 132 174 195 0.883102
5361 chair 0 161 73 237 0.884461
5361 chair 0 291 220 528 0.903114
5361 chair 406 199 577 456 0.925021
5363 table 301 140 725 250 0.380452
5363 chair 46 210 311 506 0.900228
5364 table 0 279 191 528 0.666806
5364 chair 248 135 430 440 0.950733
5365 table 199 136 495 357 0.932303
5365 chair 23 205 311 524 0.963323
5366 table 140 162 531 488 0.67619
5366 chair 604 91 729 221 0.893035
5367 table 141 143 531 406 0.377316
5367 desk 142 130 535 404 0.412005
5367 desk 393 148 730 520 0.66696
5367 chair 51 177 189 321 0.942619
5367 chair 468 237 728 529 0.963844
5368 chair 629 372 730 528 0.70721
5368 desk 0 130 191 326 0.815281
5368 chair 94 163 352 528 0.958517
5369 bookshelf 636 1 729 165 0.848311
5369 table 0 115 434 518 0.893595
5369 chair 457 107 628 296 0.962834
5370 bookshelf 461 4 636 207 0.38754
5370 chair 281 116 324 171 0.442116
5370 chair 154 147 216 314 0.485492
5370 chair 190 129 242 182 0.647635
5370 chair 343 136 425 274 0.670042
5370 chair 235 125 277 182 0.681631
5370 chair 0 281 85 490 0.786051
5370 chair 394 128 472 267 0.790192
5370 table 98 164 476 408 0.837622
5370 chair 65 156 206 348 0.882702
5370 chair 495 134 589 261 0.911846
5370 chair 578 142 670 286 0.922379
5370 chair 410 229 617 520 0.977499
5371 sofa 119 143 279 285 0.538728
5371 chair 0 155 104 283 0.740481
5371 chair 0 204 103 459 0.88854
5371 chair 93 180 219 379 0.943071
5371 chair 238 195 397 447 0.943257
5371 chair 320 220 515 529 0.958657
5372 sofa 506 227 729 441 0.379458
5373 table 483 135 634 215 0.513371
5373 chair 487 169 617 325 0.935724
5375 chair 173 137 246 233 0.531881
5375 chair 275 167 374 281 0.758533
5375 table 92 261 392 430 0.926906
5375 chair 41 177 168 365 0.935972
5376 chair 0 216 53 462 0.363518
5376 table 98 126 567 181 0.390883
5376 table 464 458 730 528 0.475366
5376 chair 68 151 177 234 0.494548
5376 chair 439 228 633 528 0.903004
5376 chair 30 218 279 528 0.940503
5377 chair 41 170 106 200 0.42526
5377 chair 231 185 332 329 0.619135
5377 chair 0 164 60 325 0.648122
5377 table 269 211 730 409 0.650526
5377 chair 150 181 230 303 0.679261
5377 chair 246 182 323 208 0.71463
5377 chair 447 184 566 348 0.729484
5377 chair 490 183 566 224 0.767748
5377 table 0 193 343 402 0.81304
5377 chair 616 186 719 234 0.840213
5377 chair 256 252 420 451 0.910869
5377 chair 34 249 217 461 0.927882
5377 chair 524 282 728 527 0.939785
5378 table 0 189 98 491 0.711624
5378 chair 111 173 247 364 0.91187
5378 chair 229 225 444 523 0.962475
5380 chair 447 157 509 251 0.423257
5380 chair 0 168 113 346 0.439724
5380 chair 81 159 203 226 0.555478
5380 chair 517 146 594 262 0.714759
5380 chair 162 140 239 200 0.745089
5380 table 4 170 527 369 0.764883
5380 chair 364 143 432 174 0.765041
5380 chair 0 208 92 528 0.860889
5380 chair 607 242 729 529 0.914156
5380 chair 527 169 678 365 0.946728
5380 chair 44 230 361 528 0.953515
5381 chair 0 127 168 367 0.670219
5381 table 339 176 541 374 0.751712
5381 chair 236 155 355 344 0.903858
5381 chair 380 247 556 484 0.93855
5383 table 315 191 676 472 0.754863
5383 chair 151 177 342 458 0.955
5384 sofa 1 143 512 492 0.952196
5385 table 0 218 166 402 0.727861
5385 chair 71 209 301 522 0.95736
5386 chair 592 194 729 509 0.874692
5387 desk 0 254 211 475 0.567492
5388 table 123 241 347 518 0.896739
5389 chair 646 153 730 401 0.821101
5389 table 419 131 713 376 0.823107
5389 chair 389 261 658 492 0.926034
5389 chair 45 170 355 528 0.962242
5390 table 434 172 713 350 0.555501
5390 chair 603 170 709 316 0.603583
5390 chair 260 180 346 392 0.670604
5390 table 215 190 628 468 0.811293
5390 chair 387 159 466 201 0.840176
5390 chair 0 194 191 496 0.961472
5392 table 607 137 729 516 0.477353
5392 chair 669 132 728 248 0.565797
5392 chair 32 121 210 328 0.928079
5392 chair 1 218 252 528 0.929814
5392 table 219 183 508 437 0.934509
5393 chair 184 235 370 483 0.959518
5394 table 652 257 729 477 0.54014
5394 table 33 212 462 529 0.781366
5394 chair 269 242 454 519 0.941219
5395 table 140 205 565 498 0.758567
5395 chair 59 186 284 522 0.963182
5396 table 362 186 663 348 0.657588
5396 sofa 0 189 337 456 0.931942
5396 chair 520 219 706 441 0.947631
5397 sofa 117 160 568 427 0.943578
5398 table 439 123 584 204 0.574135
5398 table 167 150 539 306 0.88438
5398 chair 12 147 209 415 0.966582
5399 chair 308 233 634 528 0.586847
5399 chair 326 149 475 307 0.805431
5399 chair 0 206 183 517 0.908244
5399 table 9 155 384 455 0.92314
5400 table 73 215 396 453 0.748773
5400 chair 505 265 681 527 0.921261
5400 chair 398 154 529 357 0.950083
5401 chair 693 213 729 465 0.3647
5401 table 475 164 622 277 0.401903
5401 chair 358 224 525 527 0.648371
5401 table 179 206 512 530 0.787154
5401 chair 43 136 252 430 0.96315
5402 chair 76 220 265 451 0.951798
5403 table 132 189 519 516 0.89452
5403 chair 589 187 730 438 0.903265
5403 chair 0 189 198 433 0.951854
5404 chair 371 101 434 186 0.593742
5404 table 152 155 583 495 0.669992
5404 chair 60 145 255 432 0.968022
5407 chair 195 253 314 445 0.669764
5408 bed 0 236 517 530 0.473987
5411 table 0 197 324 388 0.593332
5411 chair 0 168 41 247 0.722319
5411 table 4 209 634 514 0.787533
5413 chair 455 182 573 347 0.901845
5413 chair 0 275 95 524 0.919379
5413 chair 347 207 475 393 0.934945
5413 chair 220 225 366 435 0.940623
5413 chair 86 247 249 486 0.94744
5414 table 53 259 282 502 0.899524
5415 table 79 133 380 484 0.944398
5416 chair 0 212 92 350 0.765737
5416 chair 45 217 221 380 0.895785
5416 chair 244 250 431 473 0.920358
5416 chair 401 265 599 529 0.951594
5419 table 0 114 199 360 0.491704
5419 chair 108 157 296 402 0.912126
5419 table 355 172 692 478 0.959974
5420 chair 314 201 509 507 0.587293
5420 table 492 205 728 498 0.880523
5421 table 466 128 678 371 0.763547
5421 table 0 161 255 522 0.877897
5422 table 401 147 657 453 0.958834
5423 table 101 144 402 494 0.878533
5424 table 145 174 601 519 0.958358
5425 table 239 170 655 437 0.843154
5425 table 0 223 259 518 0.929342
5426 table 159 211 636 477 0.95845
5427 table 212 203 442 400 0.772448
5427 chair 403 181 527 353 0.792385
5427 chair 234 175 328 336 0.866177
5427 chair 440 213 604 459 0.948265
5427 chair 265 261 454 528 0.96113
5427 chair 85 213 258 432 0.969266
5428 table 311 280 630 487 0.957127
5429 table 1 223 539 490 0.899683
5430 table 35 234 589 454 0.620587
5431 desk 162 232 410 466 0.583493
5432 table 64 167 265 362 0.52197
5432 table 468 184 688 383 0.933517
5432 table 246 180 443 374 0.936063
5432 chair 73 263 295 511 0.971633
5434 chair 35 122 152 198 0.375043
5434 chair 35 124 170 324 0.461365
5434 chair 652 284 729 515 0.754117
5434 table 2 157 560 511 0.95712
5434 table 436 134 730 345 0.971403
5435 chair 0 177 137 367 0.429011
5435 chair 155 167 232 339 0.496016
5435 chair 154 167 232 218 0.515087
5435 chair 469 143 520 280 0.535988
5435 table 679 148 730 293 0.580063
5435 chair 330 107 357 137 0.611537
5435 chair 650 186 729 399 0.646237
5435 chair 302 117 333 147 0.695889
5435 chair 244 143 287 177 0.768679
5435 chair 0 197 267 529 0.792282
5435 chair 487 121 564 239 0.838044
5435 table 49 123 500 530 0.95272
5435 chair 447 207 657 468 0.968525
5436 chair 366 172 502 387 0.898759
5436 table 186 193 535 506 0.942821
5436 chair 0 197 226 499 0.98122
5437 chair 0 167 62 324 0.375553
5437 chair 650 125 728 242 0.384028
5437 chair 705 153 730 295 0.388742
5437 chair 77 124 147 161 0.428601
5437 chair 15 118 85 166 0.571906
5437 chair 78 124 154 229 0.681084
5437 table 520 121 651 234 0.72963
5437 table 0 160 220 351 0.729759
5437 chair 42 225 234 465 0.893798
5438 sofa 663 122 730 324 0.565764
5438 chair 0 100 76 245 0.818907
5438 chair 30 109 172 276 0.897401
5439 chair 61 35 162 171 0.498369
5439 chair 547 21 623 129 0.637162
5439 chair 580 30 670 145 0.69002
5439 chair 351 24 419 99 0.740653
5439 chair 222 27 295 103 0.74333
5439 table 177 97 572 465 0.82511
5439 chair 610 43 728 183 0.853059
5439 chair 0 135 207 434 0.921685
5439 chair 426 87 575 318 0.941786
5440 desk 253 181 535 343 0.498741
5440 chair 358 173 494 401 0.707995
5440 sofa 0 218 294 528 0.871085
5442 chair 272 145 405 344 0.897477
5442 chair 87 217 297 502 0.90118
5442 chair 453 188 595 439 0.918038
5442 table 518 250 729 529 0.969018
5443 chair 396 106 615 478 0.946481
5443 chair 557 119 729 437 0.963677
5443 chair 154 157 411 516 0.964602
5444 table 646 274 730 492 0.714426
5444 table 275 239 641 497 0.966635
5445 table 506 292 728 530 0.96591
5446 sofa 0 196 355 530 0.390023
5446 sofa 325 141 598 322 0.912603
5446 table 373 258 729 468 0.936771
5447 table 111 133 450 477 0.960507
5448 sofa 495 111 621 211 0.381133
5448 table 400 193 629 253 0.493643
5449 table 175 195 415 314 0.878817
5452 table 0 167 370 392 0.718846
5452 chair 17 188 243 523 0.943664
5453 chair 706 117 730 341 0.504192
5453 bookshelf 340 0 537 209 0.684373
5453 table 0 146 282 466 0.841251
5453 chair 167 133 418 507 0.971792
5454 desk 24 173 582 412 0.503303
5454 chair 47 218 296 528 0.961733
5456 desk 0 165 626 528 0.500709
5456 chair 218 139 345 304 0.766691
5457 chair 115 157 314 483 0.92138
5460 desk 508 183 730 530 0.539963
5460 desk 419 5 730 380 0.603369
5460 table 26 143 467 522 0.875649
5460 chair 120 226 365 523 0.937843
5460 chair 544 111 730 360 0.94342
5461 chair 0 287 50 517 0.506932
5461 table 181 196 543 449 0.67923
5461 chair 93 147 232 337 0.901244
5461 chair 236 201 469 527 0.954192
5462 desk 201 163 619 459 0.636143
5462 chair 0 169 153 352 0.888226
5462 chair 210 228 451 528 0.965005
5463 desk 74 150 163 301 0.416148
5463 table 182 183 537 356 0.66135
5463 chair 8 138 146 331 0.918538
5463 chair 148 288 399 528 0.958458
5464 chair 411 161 509 217 0.362969
5464 table 96 226 639 530 0.832571
5464 chair 80 276 393 528 0.954804
5465 chair 0 76 67 211 0.444255
5465 chair 482 293 728 529 0.833908
5465 desk 34 175 477 528 0.954077
5466 chair 0 364 201 528 0.760991
5466 table 0 176 387 530 0.895885
5466 chair 487 266 729 528 0.917813
5467 chair 221 155 480 528 0.966825
5468 bookshelf 245 0 467 499 0.900018
5469 desk 424 176 603 351 0.836663
5469 desk 1 251 265 528 0.903795
5470 bookshelf 506 106 669 347 0.609065
5470 desk 0 247 103 504 0.779563
5470 table 242 255 446 433 0.805484
5470 chair 433 279 544 414 0.912852
5470 chair 279 294 422 472 0.930515
5471 chair 374 176 523 338 0.69382
5471 chair 25 229 168 432 0.932888
5471 table 132 194 391 469 0.950684
5471 chair 338 218 524 500 0.955548
5472 chair 145 254 193 321 0.606791
5472 chair 301 350 522 530 0.837772
5472 table 0 274 398 530 0.872038
5472 chair 205 254 340 429 0.939915
5475 table 42 185 346 450 0.966365
5476 table 600 164 729 348 0.825926
5476 table 116 179 572 527 0.89552
5477 desk 26 213 489 497 0.700418
5477 table 446 256 729 518 0.933797
5477 chair 140 260 337 476 0.936128
5478 desk 15 207 477 511 0.830555
5480 chair 439 168 579 359 0.54216
5480 chair 500 155 602 331 0.856742
5480 chair 35 181 252 487 0.972897
5481 table 601 220 730 435 0.759831
5482 chair 667 315 729 466 0.617913
5482 sofa 108 219 473 519 0.753939
5483 sofa 112 229 518 515 0.885758
5483 chair 0 229 143 480 0.910046
5484 chair 163 223 330 377 0.695306
5484 table 503 286 729 526 0.813395
5484 table 203 228 590 528 0.899035
5484 chair 141 293 434 529 0.955432
5485 chair 279 167 359 225 0.461462
5485 desk 322 347 625 528 0.569776
5485 table 0 219 420 522 0.848644
5485 chair 61 258 271 521 0.935086
5486 chair 667 196 729 353 0.523464
5486 table 0 189 450 405 0.632109
5486 chair 651 247 729 526 0.860311
5486 chair 556 160 661 321 0.931113
5486 chair 417 184 574 448 0.947643
5487 table 433 320 729 530 0.392516
5487 table 169 223 510 528 0.43407
5487 chair 475 424 726 529 0.439905
5487 chair 89 321 351 529 0.788247
5487 chair 0 224 136 477 0.944573
5488 table 17 148 606 452 0.395081
5488 desk 24 139 606 483 0.410216
5488 chair 46 107 291 493 0.953055
5489 table 152 129 730 443 0.498142
5489 table 44 120 290 361 0.580766
5490 desk 4 160 561 475 0.583702
5490 chair 303 156 564 522 0.954813
5491 table 102 136 622 451 0.859142
5491 chair 276 429 509 529 0.866058
5492 table 30 113 132 156 0.630884
5492 chair 0 429 186 529 0.84007
5492 table 1 152 253 375 0.844303
5492 table 37 175 570 518 0.900647
5493 chair 494 333 673 529 0.444139
5495 table 311 225 484 362 0.748374
5495 table 35 259 380 525 0.949121
5496 desk 419 256 730 528 0.492107
5496 desk 35 265 730 530 0.61734
5496 chair 52 415 221 528 0.665939
5496 chair 323 246 465 374 0.777843
5497 bed 573 148 730 527 0.82894
5498 table 227 202 380 350 0.882124
5498 table 301 239 684 530 0.945784
5499 chair 699 338 729 529 0.534596
5499 table 548 185 729 286 0.561738
5499 table 0 232 374 530 0.59216
5499 table 325 215 506 294 0.714829
5499 chair 623 193 709 295 0.857682
5499 chair 337 278 490 441 0.897348
5499 chair 492 206 606 351 0.949191
5501 chair 689 188 730 394 0.728275
5502 table 30 196 473 396 0.780792
5502 chair 238 242 420 514 0.936314
5503 table 57 234 547 477 0.688985
5504 desk 183 215 617 485 0.749353
5504 chair 188 205 388 521 0.942429
5504 chair 0 193 182 437 0.966463
5505 desk 513 198 728 435 0.490337
5505 sofa 0 332 246 530 0.645066
5505 chair 488 217 728 527 0.933947
5506 chair 664 368 729 530 0.672998
5506 chair 460 191 621 379 0.893411
5506 chair 206 195 362 400 0.894987
5506 chair 0 250 255 529 0.957564
5508 chair 668 295 729 527 0.767769
5508 table 379 220 725 521 0.866547
5510 table 249 245 728 481 0.919094
5510 chair 43 198 183 442 0.928959
5511 desk 50 209 444 403 0.667561
5511 table 0 247 196 529 0.700747
5511 chair 150 198 306 427 0.948751
5511 chair 343 341 584 529 0.950081
5513 chair 35 191 192 401 0.70791
5513 chair 565 190 730 420 0.920008
5513 table 154 207 586 529 0.942704
5514 table 159 214 727 530 0.580737
5514 desk 166 209 724 530 0.68152
5515 table 0 418 411 530 0.558096
5515 desk 103 199 728 464 0.63458
5515 chair 0 282 158 459 0.915494
5515 chair 447 314 729 528 0.91759
5515 chair 109 233 305 437 0.934044
5516 chair 0 247 57 529 0.41788
5516 desk 0 136 473 439 0.628933
5516 chair 103 220 285 415 0.935659
5516 table 395 235 728 528 0.97013
5517 chair 0 184 150 473 0.460252
5517 chair 450 137 580 291 0.566796
5517 table 110 162 451 319 0.700115
5517 table 0 295 153 526 0.756055
5517 chair 30 367 231 528 0.807679
5517 chair 298 170 419 359 0.915507
5517 chair 426 187 656 526 0.934959
5519 table 0 137 301 294 0.515429
5519 desk 225 138 729 366 0.578834
5519 chair 120 231 397 528 0.954129
5520 desk 141 133 483 290 0.806579
5520 chair 261 229 532 528 0.935118
5522 table 477 102 711 273 0.396199
5522 table 240 99 449 200 0.582879
5522 bookshelf 588 0 730 138 0.60965
5522 chair 464 91 540 145 0.790696
5522 table 199 150 650 506 0.952853
5523 table 517 170 729 528 0.858159
5523 table 74 117 629 465 0.914411
5524 bookshelf 129 68 497 418 0.969716
5525 table 585 137 730 357 0.874725
5526 table 386 121 657 302 0.786811
5526 table 19 172 486 496 0.925899
5527 table 256 149 482 365 0.836551
5527 table 0 199 374 530 0.858585
5527 chair 246 276 490 528 0.956513
5529 chair 0 232 56 441 0.595007
5529 chair 693 273 730 377 0.642062
5529 chair 249 233 384 352 0.896709
5529 chair 32 230 295 440 0.897114
5529 chair 471 234 613 333 0.928572
5529 table 3 293 730 529 0.935689
5531 chair 70 202 258 504 0.968736
5532 desk 73 210 505 451 0.648978
5532 chair 594 399 730 529 0.801755
5532 chair 282 214 443 477 0.92495
5533 chair 564 146 639 300 0.401405
5533 table 567 187 730 337 0.438614
5533 chair 208 165 354 377 0.56536
5533 table 60 212 545 517 0.946004
5534 chair 426 193 524 364 0.625679
5534 table 0 199 491 514 0.845606
5534 chair 99 96 258 375 0.851335
5535 chair 366 129 425 178 0.593495
5535 chair 532 151 643 267 0.696603
5535 chair 515 206 706 439 0.94458
5535 chair 49 234 296 525 0.948582
5536 chair 237 128 412 333 0.755903
5536 table 0 174 417 529 0.94786
5537 bed 0 103 544 482 0.955848
5538 table 0 285 197 492 0.379464
5538 bed 130 133 571 421 0.818625
5539 night_stand 160 154 271 271 0.643434
5539 bed 153 133 729 530 0.943139
5540 dresser 225 77 314 154 0.507674
5540 bed 0 126 565 517 0.8869
5541 table 86 84 363 218 0.508663
5541 table 221 107 444 326 0.913676
5542 desk 69 128 433 363 0.836875
5542 chair 296 186 584 528 0.93382
5542 chair 100 192 336 473 0.950303
5543 table 0 130 330 470 0.6455
5543 table 494 128 728 353 0.778228
5543 chair 460 133 606 358 0.876809
5544 dresser 0 106 144 244 0.581113
5544 bed 0 97 579 525 0.941312
5545 chair 0 262 110 530 0.545708
5545 bed 53 56 671 486 0.913515
5546 night_stand 292 78 419 171 0.817062
5546 bed 1 3 622 526 0.953507
5547 night_stand 567 111 730 378 0.724134
5547 bed 0 0 675 522 0.941768
5548 night_stand 355 128 512 320 0.828494
5548 bed 1 23 596 526 0.934108
5549 sofa 446 154 617 261 0.682229
5549 sofa 574 151 730 398 0.855516
5549 sofa 78 120 502 384 0.86365
5550 chair 595 186 703 358 0.529736
5550 sofa 341 169 563 320 0.702242
5550 sofa 0 174 382 375 0.877673
5551 chair 397 192 495 332 0.550597
5551 chair 336 229 430 386 0.834054
5551 chair 235 194 334 345 0.874725
5552 table 330 298 604 486 0.748218
5552 table 213 157 639 430 0.816322
5553 bed 439 24 727 523 0.429422
5553 bed 0 143 443 530 0.536911
5553 sofa 2 151 442 530 0.861781
5554 table 0 235 213 359 0.376207
5554 sofa 168 200 595 529 0.785184
5554 sofa 50 119 417 299 0.878143
5555 chair 43 191 199 391 0.742223
5556 table 434 265 730 529 0.475284
5556 bed 115 116 661 446 0.631196
5556 chair 0 107 153 515 0.765179
5557 bed 0 37 443 492 0.735911
5558 chair 0 172 38 367 0.415707
5558 sofa 1 146 538 459 0.942614
5559 chair 199 158 318 353 0.797202
5560 chair 267 107 355 280 0.741541
5560 chair 26 116 115 249 0.817239
5560 chair 0 209 151 449 0.935536
5560 chair 378 145 516 311 0.950884
5560 chair 329 210 572 529 0.977092
5560 table 93 148 417 439 0.981786
5561 bed 69 4 621 328 0.636981
5561 chair 338 177 555 443 0.833055
5561 chair 187 78 351 340 0.846469
5562 bookshelf 143 111 395 466 0.418695
5562 desk 142 109 393 468 0.513796
5563 chair 483 405 728 528 0.395055
5563 chair 0 140 66 356 0.571527
5563 chair 472 141 686 444 0.825748
5563 chair 301 92 420 182 0.843055
5563 chair 0 116 152 297 0.886457
5563 table 71 157 548 528 0.968806
5564 chair 270 113 466 426 0.965979
5565 sofa 238 63 519 222 0.487877
5565 sofa 66 136 621 530 0.816714
5566 toilet 114 73 384 401 0.974877
5567 toilet 167 95 408 525 0.974869
5569 toilet 249 42 659 480 0.985523
5571 bathtub 0 120 413 406 0.813731
5571 toilet 294 139 629 461 0.951858
5572 toilet 4 107 321 528 0.970263
5573 table 173 300 373 486 0.566602
5573 chair 387 232 585 476 0.919925
5573 chair 0 249 153 479 0.923055
5574 table 163 271 305 389 0.418019
5574 chair 619 385 730 530 0.702521
5574 chair 275 212 382 338 0.915052
5574 chair 1 253 174 461 0.933456
5575 chair 387 157 436 244 0.469562
5575 table 615 166 713 234 0.471436
5575 chair 580 136 655 227 0.527427
5575 chair 453 145 499 225 0.580595
5575 chair 693 158 730 275 0.597219
5575 table 411 155 528 258 0.649494
5575 chair 164 214 310 391 0.77318
5575 chair 415 167 481 261 0.826032
5575 chair 303 192 400 340 0.85416
5575 chair 139 266 318 455 0.883506
5575 table 163 216 406 434 0.910142
5575 chair 383 219 516 436 0.943762
5576 chair 431 97 504 185 0.379999
5576 chair 388 83 442 158 0.385397
5576 table 168 239 342 389 0.644825
5576 chair 128 139 200 201 0.700364
5576 chair 555 99 666 256 0.763316
5576 chair 597 210 730 506 0.815888
5576 chair 55 183 209 359 0.915073
5576 chair 361 189 548 433 0.919357
5577 chair 287 170 415 334 0.911427
5577 chair 69 181 186 315 0.933558
5578 chair 305 270 460 481 0.892616
5582 table 48 94 199 266 0.627859
5582 chair 216 79 262 145 0.771974
5582 chair 391 161 535 386 0.908284
5582 table 85 126 455 486 0.946497
5583 chair 535 207 633 269 0.436515
5583 chair 663 199 728 249 0.477321
5583 chair 585 204 675 259 0.482576
5583 chair 711 240 729 319 0.484566
5583 chair 385 186 434 224 0.572741
5583 chair 10 197 108 241 0.692361
5583 chair 655 250 730 413 0.696809
5583 chair 194 192 265 231 0.739299
5583 chair 265 192 329 226 0.741796
5583 chair 483 210 592 276 0.796704
5583 chair 331 188 386 227 0.805823
5583 chair 110 196 194 245 0.813158
5583 chair 420 215 536 286 0.824978
5583 chair 346 219 475 350 0.855136
5583 chair 145 230 297 417 0.878694
5583 chair 254 226 397 399 0.899154
5583 chair 391 282 617 527 0.929473
5583 chair 1 239 174 487 0.930573
5583 chair 585 259 730 452 0.936176
5583 chair 501 272 701 492 0.9369
5584 table 153 210 364 451 0.520464
5584 chair 0 237 62 325 0.552952
5584 table 0 277 310 530 0.9284
5584 chair 296 214 455 502 0.947302
5587 chair 0 155 35 402 0.731287
5588 chair 30 158 153 328 0.884689
5588 chair 171 197 344 506 0.931558
5589 chair 99 126 309 499 0.936322
5590 chair 178 86 223 150 0.426732
5590 chair 273 82 313 99 0.501447
5590 table 213 99 505 284 0.62576
5590 chair 417 107 450 139 0.717432
5590 chair 204 87 241 142 0.755825
5590 chair 461 113 554 257 0.902058
5590 chair 172 159 317 373 0.919706
5590 chair 311 257 527 497 0.955281
5591 desk 100 211 541 446 0.444215
5591 chair 116 202 312 451 0.921187
5591 chair 331 241 521 505 0.975233
5592 chair 162 75 253 209 0.732092
5592 table 199 100 728 520 0.760801
5592 chair 443 108 509 136 0.832912
5592 chair 0 52 50 184 0.840486
5592 chair 570 126 670 176 0.866587
5592 chair 263 126 426 461 0.927586
5592 chair 415 278 715 529 0.955419
5592 chair 58 114 254 347 0.963677
5593 chair 442 71 542 115 0.368971
5593 chair 0 244 121 522 0.807112
5593 chair 350 210 474 408 0.937787
5593 chair 483 268 658 529 0.945553
5593 chair 243 190 357 362 0.960029
5594 desk 192 106 485 446 0.378277
5594 chair 196 43 236 62 0.400472
5594 chair 3 31 53 70 0.628226
5594 chair 92 58 169 226 0.845847
5594 chair 155 64 221 192 0.899594
5594 chair 0 114 120 307 0.914598
5595 chair 181 333 402 529 0.953189
5596 chair 452 63 620 340 0.85198
5596 table 323 116 618 413 0.94272
5596 chair 133 169 396 527 0.974777
5598 desk 477 174 728 451 0.742685
5599 table 0 271 581 526 0.658651
5599 chair 183 341 420 528 0.940616
5600 chair 359 107 494 248 0.843484
5600 chair 380 194 592 451 0.9563
5600 table 96 135 414 412 0.972777
5601 chair 309 237 607 530 0.78102
5601 chair 1 260 148 499 0.94018
5602 table 114 175 432 483 0.44241
5602 chair 662 318 730 529 0.574548
5602 chair 633 172 730 324 0.802009
5602 chair 473 140 568 265 0.859513
5602 chair 298 196 453 422 0.925244
5603 desk 16 195 491 440 0.511456
5603 desk 429 217 729 444 0.856866
5603 chair 549 361 729 529 0.873421
5603 chair 239 267 408 471 0.913618
5605 chair 22 155 132 306 0.744349
5605 desk 104 184 721 529 0.818758
5605 chair 289 327 495 530 0.940468
5605 chair 31 247 217 514 0.94717
5608 sofa 494 155 730 445 0.707032
5608 table 253 183 453 356 0.887432
5611 desk 381 259 728 527 0.910916
5612 desk 0 254 730 527 0.909772
5613 table 358 159 728 530 0.542535
5613 chair 604 424 730 529 0.774822
5613 chair 322 227 523 529 0.94771
5615 chair 68 208 268 449 0.689375
5615 sofa 239 205 729 513 0.896864
5616 chair 0 439 296 530 0.679298
5617 sofa 0 238 149 478 0.456925
5617 sofa 107 162 727 526 0.793869
5618 chair 464 115 572 149 0.449133
5618 chair 355 122 453 150 0.49284
5618 table 264 200 662 453 0.58703
5619 chair 0 207 142 519 0.570146
5619 chair 456 145 570 265 0.744882
5619 chair 217 156 314 199 0.833569
5619 table 0 174 555 529 0.898729
5619 chair 98 328 464 530 0.902647
5619 chair 466 206 660 444 0.913758
5619 chair 349 250 591 529 0.939671
5620 chair 0 126 173 408 0.956369
5624 chair 259 223 314 261 0.838591
5624 desk 117 237 382 446 0.913184
5625 sofa 0 142 127 253 0.692211
5628 sofa 0 116 314 524 0.710356
5628 chair 447 16 577 188 0.871505
5628 chair 286 44 460 268 0.956951
5629 desk 444 186 669 391 0.375059
5629 chair 562 117 730 359 0.85996
5629 chair 269 143 511 469 0.973753
5630 chair 552 141 730 461 0.799732
5630 sofa 53 123 509 413 0.907666
5631 bed 605 377 729 528 0.789584
5632 chair 691 64 730 318 0.494316
5632 chair 601 106 723 333 0.738572
5632 desk 0 148 398 530 0.759484
5632 chair 335 120 619 528 0.97235
5633 chair 210 123 316 306 0.637936
5633 chair 0 215 148 528 0.714548
5633 table 324 141 730 504 0.738797
5633 chair 140 175 279 382 0.90006
5633 chair 258 169 555 516 0.960368
5634 table 0 300 419 529 0.645008
5635 table 0 155 253 528 0.40052
5635 sofa 192 108 660 530 0.462167
5635 chair 590 158 729 386 0.806908
5635 table 428 341 729 528 0.913077
5636 chair 644 233 730 528 0.417387
5636 table 0 372 260 528 0.427086
5636 table 334 216 693 530 0.668267
5636 desk 0 162 220 382 0.772806
5637 chair 157 126 245 272 0.365788
5637 chair 0 169 48 378 0.671491
5637 chair 26 124 190 319 0.897285
5637 chair 239 147 367 284 0.897556
5637 table 68 149 314 347 0.932279
5637 chair 225 229 394 439 0.946575
5640 chair 195 78 334 277 0.654698
5640 chair 318 56 403 208 0.661089
5640 chair 637 148 729 421 0.756482
5640 chair 456 56 543 167 0.809502
5640 chair 258 63 365 246 0.842574
5640 chair 156 117 330 382 0.90045
5640 chair 0 150 232 490 0.957756
5641 chair 0 244 76 530 0.42356
5641 chair 348 150 519 405 0.926063
5642 chair 575 49 669 129 0.703642
5642 chair 553 128 716 364 0.746071
5642 table 63 110 573 487 0.784628
5642 chair 411 104 612 463 0.948375
5643 chair 205 106 318 203 0.493914
5643 chair 219 125 386 366 0.550034
5643 chair 320 150 487 359 0.669736
5643 chair 382 188 627 510 0.763441
5643 chair 245 230 515 528 0.868911
5643 chair 489 246 729 528 0.948172
5644 chair 144 159 374 527 0.961077
5645 chair 142 135 304 379 0.916405
5645 chair 191 172 407 485 0.95566
5646 desk 106 148 621 530 0.956762
5646 chair 349 159 604 527 0.966955
5647 chair 276 165 460 410 0.928339
5647 desk 264 116 728 420 0.93338
5648 chair 649 286 730 528 0.372604
5648 desk 376 147 729 519 0.560495
5648 chair 374 170 625 505 0.940425
5649 table 563 269 728 482 0.584743
5649 table 424 147 582 271 0.727359
5650 table 239 162 454 337 0.482737
5651 chair 280 210 447 437 0.958213
5654 table 294 209 532 391 0.633975
5655 table 99 303 559 519 0.840249
5656 chair 163 180 261 253 0.647572
5656 table 201 205 493 483 0.744713
5656 chair 381 189 489 345 0.799302
5656 chair 342 276 578 528 0.962884
5656 chair 139 237 349 489 0.970594
5657 sofa 251 109 524 291 0.96768
5658 sofa 521 176 712 328 0.402934
5658 sofa 110 163 443 328 0.889375
5660 table 592 224 729 479 0.399042
5662 chair 455 184 610 388 0.915082
5662 table 172 183 365 364 0.922237
5664 sofa 17 76 529 529 0.984602
5665 chair 0 131 57 256 0.431564
5665 chair 323 169 469 325 0.435406
5665 chair 697 136 729 299 0.461692
5665 chair 173 136 265 287 0.598487
5665 chair 104 120 151 144 0.626721
5665 table 188 111 323 168 0.729002
5665 chair 291 149 349 179 0.765704
5665 chair 25 200 171 400 0.792034
5665 chair 0 169 97 377 0.862394
5665 chair 491 181 622 403 0.897794
5665 table 0 152 575 420 0.915775
5665 chair 92 220 307 500 0.943772
5665 chair 358 234 577 519 0.961153
5666 chair 114 98 338 426 0.969125
5667 chair 0 247 47 530 0.408955
5667 chair 0 246 155 528 0.445677
5667 chair 262 121 430 413 0.911567
5668 desk 0 227 242 436 0.933683
5668 chair 180 242 374 504 0.972268
5669 chair 432 126 503 191 0.473347
5669 chair 615 145 714 242 0.537332
5669 chair 223 137 343 266 0.63101
5669 chair 313 133 410 270 0.700011
5669 chair 670 295 729 529 0.761361
5669 chair 382 130 465 197 0.797737
5669 chair 564 164 662 292 0.877128
5669 chair 352 192 509 400 0.928426
5669 chair 512 171 619 310 0.930203
5669 chair 444 179 569 335 0.930914
5669 chair 238 194 418 474 0.940313
5670 chair 0 166 34 424 0.526684
5670 chair 107 91 282 375 0.726071
5670 chair 464 63 609 196 0.747339
5670 chair 521 94 728 251 0.833606
5670 chair 619 112 730 384 0.909668
5670 chair 179 259 423 528 0.934611
5670 table 183 111 550 441 0.949009
5670 chair 433 150 682 427 0.960912
5671 table 201 94 574 183 0.470771
5671 chair 666 209 729 378 0.516251
5671 chair 464 112 551 177 0.522951
5671 chair 97 141 188 360 0.523991
5671 chair 431 101 509 178 0.549601
5671 chair 357 87 422 179 0.656036
5671 table 82 95 724 457 0.662794
5671 chair 619 138 682 169 0.670907
5671 chair 142 74 203 92 0.732773
5671 chair 472 243 723 460 0.938306
5671 chair 110 182 286 450 0.950507
5671 chair 279 268 528 529 0.962697
5672 desk 125 77 359 406 0.85919
5672 chair 0 130 130 414 0.916073
5673 bookshelf 565 41 727 190 0.912335
5673 chair 180 135 296 319 0.926701
5674 chair 690 175 729 226 0.377156
5674 chair 585 163 701 290 0.669247
5674 chair 648 222 730 418 0.681598
5674 chair 437 149 551 292 0.774816
5674 chair 519 195 672 420 0.927192
5675 table 0 136 120 363 0.424516
5675 chair 522 65 570 115 0.647179
5675 chair 463 72 533 126 0.77925
5675 chair 238 96 382 259 0.85907
5675 table 291 82 730 422 0.881463
5675 chair 366 77 472 152 0.920616
5675 chair 499 200 729 493 0.939369
5675 chair 192 176 440 492 0.966361
5676 chair 674 66 730 203 0.397
5676 chair 599 51 668 81 0.433885
5676 chair 531 109 696 281 0.564816
5676 chair 400 71 449 115 0.603131
5676 chair 609 89 727 230 0.626264
5676 chair 0 240 127 529 0.676272
5676 chair 337 84 414 132 0.729769
5676 chair 255 97 364 155 0.741035
5676 table 4 77 665 477 0.763976
5676 chair 130 114 267 188 0.85635
5676 chair 0 147 132 234 0.88666
5676 chair 463 154 694 451 0.965783
5676 chair 188 220 468 529 0.968695
5677 chair 0 129 136 390 0.411378
5677 chair 182 11 229 67 0.486556
5677 chair 217 18 271 79 0.713726
5677 chair 262 27 342 96 0.720085
5677 table 0 39 558 454 0.907776
5677 chair 322 37 420 116 0.920714
5677 chair 402 52 563 290 0.921946
5677 chair 0 198 295 528 0.93368
5677 chair 365 184 727 530 0.984356
5678 sofa 0 147 169 284 0.793914
5680 desk 1 197 553 435 0.778932
5681 sofa 140 149 362 367 0.967985
5682 desk 221 174 472 338 0.795012
5682 desk 425 266 730 528 0.802149
5683 desk 58 153 588 424 0.745663
5684 sofa 204 85 639 487 0.990196
5685 dresser 152 54 395 427 0.895561
5686 table 0 205 360 359 0.41819
5686 table 292 285 576 529 0.436639
5686 chair 378 195 512 326 0.833401
5686 chair 0 288 191 514 0.943402
5687 sofa 0 166 629 439 0.606779
5688 toilet 384 217 499 380 0.691741
5689 toilet 265 170 457 410 0.965312
5690 chair 701 109 730 271 0.428204
5690 chair 368 116 546 307 0.572893
5690 chair 0 186 287 527 0.937305
5691 table 217 158 455 336 0.705772
5691 chair 136 155 338 406 0.870763
5691 chair 337 169 538 413 0.890913
5692 chair 0 150 45 364 0.365063
5692 chair 651 318 729 529 0.571808
5692 chair 173 276 363 498 0.755239
5692 sofa 318 191 730 396 0.842697
5693 table 262 146 489 242 0.785971
5693 chair 245 219 474 482 0.829897
5694 chair 6 318 388 530 0.362023
5694 table 0 131 164 276 0.458701
5694 chair 425 100 524 196 0.577561
5694 chair 0 106 63 141 0.650493
5694 chair 338 147 501 329 0.744632
5694 chair 79 137 175 276 0.844419
5694 chair 0 161 115 330 0.879387
5695 table 91 142 679 526 0.748922
5695 chair 123 175 293 430 0.892155
5696 chair 129 136 460 471 0.902769
5698 chair 27 114 162 268 0.561659
5698 chair 88 128 174 227 0.622001
5698 table 195 147 441 490 0.84774
5698 chair 0 132 105 440 0.880006
5698 chair 354 168 543 419 0.952158
5699 sofa 31 62 197 144 0.41878
5699 chair 88 123 164 158 0.561502
5699 chair 462 183 570 250 0.593822
5699 chair 645 233 730 374 0.60947
5699 chair 41 155 180 314 0.634451
5699 chair 269 140 325 225 0.639715
5699 chair 174 165 309 303 0.698674
5699 chair 390 178 493 273 0.703629
5699 chair 298 172 406 271 0.769795
5699 chair 325 231 508 462 0.84753
5699 chair 195 225 369 488 0.848469
5699 chair 460 232 615 446 0.904021
5699 chair 0 222 194 527 0.927721
5699 chair 564 232 709 431 0.930931
5700 sofa 354 206 704 404 0.968332
5701 chair 458 306 705 526 0.458448
5701 chair 564 275 691 360 0.627179
5701 chair 328 210 433 337 0.861873
5701 chair 272 222 402 401 0.88395
5702 bathtub 400 116 729 529 0.629695
5702 bathtub 0 141 153 530 0.630884
5702 toilet 189 132 345 384 0.963958
5703 chair 108 170 282 450 0.785801
5703 toilet 289 159 448 360 0.954382
5704 chair 315 198 472 462 0.904792
5706 chair 89 205 289 528 0.816664
5706 toilet 311 230 476 478 0.970916
5707 toilet 84 199 244 451 0.983274
5709 chair 128 148 395 509 0.975368
5710 chair 470 97 556 235 0.890987
5710 chair 174 182 410 521 0.971422
5711 chair 56 157 302 529 0.964536
5712 chair 227 154 457 468 0.967289
5713 chair 391 153 475 323 0.649825
5713 chair 196 224 396 527 0.966564
5714 chair 292 107 403 283 0.89443
5714 chair 69 156 305 471 0.961168
5715 chair 15 149 70 327 0.48261
5715 chair 406 202 577 524 0.567075
5715 chair 168 124 219 160 0.628473
5715 chair 223 136 271 173 0.776869
5715 chair 42 164 126 375 0.796786
5715 chair 273 147 329 190 0.826179
5715 chair 324 164 392 211 0.854596
5715 chair 391 181 475 237 0.873079
5715 chair 93 191 191 434 0.895979
5715 chair 152 227 290 504 0.920781
5715 table 11 137 584 523 0.936738
5715 chair 474 318 729 530 0.957215
5715 chair 257 274 479 530 0.96564
5716 chair 472 1 530 34 0.457196
5716 chair 400 1 467 49 0.66407
5716 chair 309 5 392 71 0.830034
5716 chair 180 15 356 249 0.831771
5716 chair 417 117 727 429 0.850719
5716 table 199 7 729 429 0.949842
5716 chair 63 133 420 528 0.967074
5717 chair 0 232 59 488 0.684233
5718 sofa 260 206 520 378 0.768496
5720 chair 508 124 594 208 0.524874
5720 chair 290 120 366 212 0.663016
5720 chair 591 147 701 281 0.757988
5720 desk 433 184 729 529 0.814797
5720 chair 366 194 516 456 0.916685
5720 chair 179 147 310 347 0.937542
5720 chair 406 273 664 529 0.944241
5721 chair 0 207 50 269 0.432907
5721 chair 0 212 132 516 0.464168
5721 table 1 197 217 524 0.639969
5721 chair 55 187 102 231 0.762197
5721 table 155 237 365 502 0.853145
5721 chair 302 264 464 505 0.90184
5722 chair 193 151 233 166 0.417343
5722 chair 206 166 252 179 0.495842
5722 chair 364 173 404 192 0.5374
5722 chair 255 161 297 177 0.55505
5722 table 415 265 729 530 0.56543
5722 chair 102 174 156 191 0.592122
5722 desk 411 259 730 530 0.616928
5722 chair 428 201 529 331 0.628321
5722 chair 654 235 726 322 0.647507
5722 chair 705 215 730 273 0.673453
5722 desk 130 227 494 524 0.728349
5722 chair 302 179 348 201 0.764251
5722 chair 46 203 159 364 0.803898
5722 chair 391 323 517 529 0.813161
5722 chair 187 190 250 218 0.845776
5722 chair 292 221 426 417 0.890883
5722 chair 173 241 330 477 0.894311
5723 table 74 194 511 415 0.410991
5725 chair 698 105 729 255 0.537968
5725 chair 0 6 74 122 0.648795
5725 chair 600 111 729 276 0.889573
5726 desk 360 257 604 471 0.525794
5726 chair 414 252 587 474 0.882526
5726 chair 538 250 667 441 0.885428
5727 chair 534 165 699 472 0.576254
5727 table 0 135 316 528 0.784478
5727 chair 397 93 471 222 0.858
5727 chair 184 130 363 419 0.949334
5727 table 511 250 730 529 0.951301
5728 desk 0 194 328 411 0.685928
5728 chair 11 198 155 424 0.910652
5728 chair 138 168 262 396 0.925882
5728 chair 446 176 628 465 0.973992
5729 chair 106 36 178 235 0.447018
5729 table 1 90 206 523 0.78014
5729 chair 203 67 459 472 0.959122
5732 table 0 360 155 530 0.814056
5732 table 458 222 729 529 0.852557
5732 chair 191 158 389 449 0.964828
5733 chair 79 144 176 218 0.363371
5733 chair 275 118 325 166 0.401242
5733 chair 601 153 660 306 0.417129
5733 chair 316 116 351 153 0.441998
5733 table 436 142 542 261 0.450337
5733 chair 436 131 475 188 0.495484
5733 chair 457 119 493 163 0.504771
5733 chair 177 128 251 189 0.549117
5733 chair 334 190 443 352 0.554283
5733 chair 68 106 131 153 0.556405
5733 chair 0 113 64 161 0.577429
5733 chair 79 145 219 359 0.704976
5733 chair 614 185 730 445 0.82297
5733 chair 0 159 107 446 0.843068
5733 desk 264 245 559 529 0.85806
5733 chair 130 189 366 529 0.968551
5734 chair 462 185 505 309 0.376067
5734 desk 0 293 101 526 0.378693
5734 chair 264 166 319 252 0.399961
5734 chair 14 181 77 242 0.409197
5734 desk 1 175 219 528 0.579657
5734 chair 427 171 471 280 0.631785
5734 chair 228 200 327 440 0.660363
5734 chair 489 199 617 373 0.78184
5734 chair 257 253 437 528 0.878132
5734 chair 599 235 730 529 0.924036
5734 desk 323 253 615 529 0.949113
5735 chair 400 156 512 282 0.396339
5735 chair 112 323 340 529 0.705398
5735 chair 261 117 328 192 0.775653
5735 chair 0 282 85 497 0.780755
5735 chair 135 173 266 348 0.813109
5735 chair 320 175 486 389 0.828987
5735 chair 351 131 435 237 0.8604
5735 table 98 184 361 398 0.916582
5736 chair 640 162 728 324 0.433339
5736 table 524 123 657 232 0.549996
5736 chair 441 117 514 215 0.866563
5738 table 654 79 730 152 0.3996
5738 chair 619 74 689 150 0.665037
5738 chair 357 140 494 341 0.791041
5738 table 238 166 439 386 0.884765
5738 chair 358 204 545 444 0.922922
5738 chair 95 206 291 456 0.953694
5739 table 234 165 429 376 0.841086
5739 chair 197 152 334 364 0.912684
5739 chair 354 221 546 472 0.956033
5740 chair 502 48 579 145 0.57574
5740 chair 572 61 660 168 0.61785
5740 sofa 0 243 259 528 0.83275
5740 chair 663 22 730 152 0.835073
5741 table 503 203 730 316 0.493542
5741 chair 422 316 481 516 0.5087
5741 chair 584 198 639 280 0.509663
5741 table 479 414 728 529 0.531628
5741 chair 426 321 542 528 0.544033
5741 table 422 212 727 428 0.645002
5741 chair 264 179 323 269 0.847463
5741 chair 220 196 299 313 0.916628
5741 chair 173 216 279 369 0.940214
5742 table 623 227 729 530 0.524072
5742 chair 638 259 730 530 0.543791
5742 chair 616 206 719 393 0.583894
5742 chair 376 173 457 306 0.895738
5742 chair 308 211 426 409 0.89784
5742 chair 190 261 391 528 0.960272
5743 chair 0 223 37 475 0.387842
5743 table 0 131 196 229 0.440996
5743 chair 236 121 325 236 0.444598
5743 chair 140 119 211 223 0.490542
5743 table 174 130 420 265 0.6458
5743 table 0 188 205 526 0.699957
5743 chair 534 144 659 294 0.719065
5743 chair 309 129 389 249 0.721931
5743 chair 407 136 501 270 0.78715
5743 chair 42 352 332 528 0.912094
5743 table 385 146 706 320 0.92623
5743 table 11 231 726 528 0.951436
5744 table 136 172 510 451 0.937413
5745 table 325 223 523 352 0.785757
5745 sofa 0 124 197 372 0.824178
5745 sofa 0 285 730 530 0.919846
5745 sofa 230 111 652 289 0.93412
5746 sofa 484 232 729 529 0.747323
5746 table 327 225 572 339 0.769297
5746 sofa 65 197 437 529 0.841844
5746 sofa 358 165 728 306 0.953873
5747 sofa 100 189 301 360 0.726125
5748 sofa 0 106 358 479 0.820821
5749 chair 419 130 468 192 0.382908
5749 chair 559 152 602 170 0.413244
5749 table 253 138 367 190 0.45512
5749 chair 531 191 622 305 0.505482
5749 chair 92 165 214 338 0.589871
5749 chair 648 156 714 193 0.590635
5749 chair 308 138 388 245 0.711373
5749 chair 475 155 533 205 0.722659
5749 chair 568 276 728 442 0.773579
5749 chair 28 226 200 417 0.830391
5749 chair 442 188 553 351 0.841971
5749 chair 400 326 684 529 0.861953
5749 chair 616 182 716 279 0.880516
5749 table 397 217 626 393 0.92082
5749 table 0 177 154 380 0.926418
5749 chair 236 196 370 391 0.933013
5751 chair 252 62 357 141 0.527061
5751 chair 566 64 653 162 0.553057
5751 chair 603 85 729 210 0.559376
5751 chair 0 289 60 528 0.574452
5751 table 0 106 74 244 0.614722
5751 table 508 62 652 162 0.697542
5751 chair 0 145 81 298 0.729633
5751 chair 365 104 487 294 0.743873
5751 table 218 54 340 137 0.802108
5751 chair 144 76 239 175 0.819085
5751 chair 38 92 161 245 0.861568
5751 chair 472 78 571 181 0.870154
5751 chair 171 126 330 282 0.904748
5751 chair 410 174 621 413 0.936338
5751 chair 108 242 344 474 0.940766
5751 table 235 132 480 382 0.960856
5752 chair 363 111 541 342 0.850443
5752 chair 24 91 292 461 0.852227
5753 chair 163 142 312 394 0.894337
5753 chair 385 113 496 285 0.932379
5754 chair 249 139 493 448 0.876865
5755 sofa 0 140 127 339 0.383426
5755 table 213 183 381 326 0.417194
5756 chair 516 157 619 228 0.798985
5756 table 171 148 639 525 0.882552
5756 chair 125 184 320 506 0.951447
5757 sofa 83 68 610 430 0.955751
5758 chair 538 125 640 275 0.386468
5758 chair 194 131 265 317 0.49583
5758 chair 200 131 269 186 0.797001
5758 chair 356 137 432 175 0.831555
5758 chair 241 203 414 505 0.943652
5758 chair 87 148 241 386 0.952346
5758 chair 439 184 610 438 0.955331
5758 table 182 169 511 383 0.959649
5759 chair 434 74 643 311 0.410563
5759 chair 0 123 268 528 0.512619
5760 chair 0 151 89 411 0.427857
5760 table 0 80 254 255 0.520693
5760 sofa 245 0 506 131 0.759324
5760 chair 403 64 523 195 0.797428
5760 chair 139 61 259 248 0.833908
5760 table 333 76 730 526 0.871528
5760 chair 4 86 164 335 0.887046
5760 chair 274 83 463 469 0.918129
5761 sofa 87 136 606 418 0.980668
5762 sofa 1 135 176 245 0.798485
5763 chair 41 109 272 458 0.391857
5763 chair 0 270 67 487 0.459017
5764 chair 99 28 175 87 0.410216
5764 chair 481 0 538 16 0.438375
5764 chair 450 16 557 152 0.463151
5764 chair 378 25 429 58 0.656042
5764 chair 185 34 259 84 0.755763
5764 chair 465 16 556 63 0.762154
5764 chair 67 62 165 232 0.79184
5764 chair 597 0 688 110 0.818094
5764 table 23 52 603 313 0.88948
5764 chair 496 56 663 306 0.925362
5764 chair 0 156 246 431 0.933676
5764 chair 304 133 512 417 0.943789
5765 chair 0 172 97 352 0.522444
5765 chair 530 152 658 352 0.687743
5765 chair 497 108 576 150 0.835061
5765 table 71 140 621 387 0.888657
5765 chair 14 221 211 447 0.928719
5765 chair 452 185 650 485 0.931545
5765 chair 140 259 377 527 0.946892
5766 chair 572 20 602 51 0.370067
5766 chair 379 37 434 78 0.384271
5766 chair 528 48 620 178 0.394808
5766 table 368 22 544 77 0.424429
5766 table 604 20 730 130 0.628772
5766 table 125 78 657 287 0.679065
5766 chair 633 37 714 131 0.707609
5766 chair 539 48 619 82 0.759081
5766 chair 574 99 703 264 0.783811
5766 chair 126 164 326 377 0.865847
5766 chair 21 114 175 299 0.902559
5766 chair 500 111 677 360 0.930689
5766 chair 277 193 517 528 0.943363
5767 chair 252 150 456 412 0.648897
5767 chair 620 201 730 482 0.759979
5768 desk 197 229 688 530 0.511425
5768 chair 419 148 495 237 0.540328
5768 chair 116 146 198 183 0.561936
5768 table 163 162 374 234 0.577228
5768 table 196 229 690 530 0.615001
5768 chair 643 175 723 203 0.647444
5768 chair 528 161 610 257 0.729304
5768 table 364 160 532 268 0.80815
5768 table 46 186 310 401 0.836133
5768 chair 367 192 461 264 0.844883
5768 chair 45 197 205 367 0.845792
5768 chair 576 415 730 528 0.889514
5768 chair 316 333 531 529 0.949118
5769 desk 309 214 728 530 0.459975
5769 chair 201 119 378 394 0.929458
5770 table 0 123 333 525 0.540296
5770 chair 286 128 465 414 0.950612
5771 table 0 123 730 471 0.455965
5771 chair 46 124 269 397 0.960876
5771 chair 382 218 647 528 0.96439
5772 chair 706 162 730 382 0.390633
5772 chair 195 138 249 184 0.520744
5772 chair 133 188 203 392 0.565165
5772 chair 433 137 474 195 0.794281
5772 desk 143 147 494 448 0.876235
5772 chair 459 142 567 372 0.933572
5773 chair 675 112 730 194 0.423287
5773 chair 546 90 584 146 0.509767
5773 chair 226 125 321 194 0.599405
5773 chair 138 147 265 233 0.60998
5773 chair 12 163 155 285 0.61625
5773 chair 475 114 554 228 0.669779
5773 table 3 161 513 527 0.862244
5773 chair 417 184 611 524 0.943857
5774 desk 366 2 730 527 0.404037
5774 chair 0 151 201 524 0.95806
5774 chair 291 148 491 485 0.961561
5775 chair 297 103 468 416 0.953437
5776 chair 455 141 570 317 0.51921
5776 chair 477 141 568 191 0.609804
5776 chair 83 139 171 319 0.627872
5776 chair 149 72 217 102 0.663699
5776 chair 323 84 369 111 0.721355
5776 chair 29 121 151 295 0.808109
5776 chair 385 100 448 144 0.845277
5776 chair 24 238 305 528 0.908918
5776 chair 344 259 604 528 0.947138
5776 table 117 87 673 518 0.947291
5777 chair 393 22 461 43 0.743293
5777 chair 271 32 318 61 0.757756
5777 chair 165 60 235 104 0.762408
5777 chair 64 93 199 312 0.777202
5777 chair 482 44 576 139 0.825722
5777 chair 455 81 616 213 0.885378
5777 table 1 39 523 354 0.949623
5777 chair 385 150 632 424 0.956912
5777 chair 24 258 371 528 0.958162
5778 table 473 95 696 191 0.602553
5778 chair 608 102 713 210 0.775494
5779 chair 582 41 703 231 0.658799
5779 chair 251 43 339 115 0.898278
5779 table 111 83 552 406 0.913692
5779 chair 99 54 257 294 0.938105
5779 chair 426 104 612 357 0.944799
5779 chair 126 256 403 528 0.956488
5780 chair 167 143 277 376 0.557425
5780 chair 296 69 384 122 0.803401
5780 chair 417 83 515 156 0.850657
5780 table 168 119 585 415 0.854698
5780 chair 267 309 496 528 0.923481
5781 chair 170 91 268 143 0.753391
5781 chair 451 47 574 222 0.860504
5781 chair 0 273 283 529 0.93105
5781 chair 542 75 714 310 0.943883
5781 table 19 83 584 458 0.968827
5782 toilet 246 210 414 400 0.954306
5784 desk 0 308 359 529 0.381911
5784 chair 304 246 446 528 0.543832
5785 table 112 190 634 480 0.743168
5786 chair 47 78 193 241 0.498289
5786 chair 319 85 469 227 0.89655
5786 table 112 137 356 362 0.910096
5786 chair 0 191 236 454 0.931096
5786 chair 241 178 476 429 0.952195
5787 dresser 417 192 669 529 0.505711
5787 table 0 243 432 528 0.823999
5788 toilet 162 208 282 366 0.436416
5789 toilet 281 253 431 499 0.961511
5790 toilet 309 186 466 470 0.962488
5791 desk 138 124 730 526 0.4296
5792 chair 372 152 539 410 0.832669
5792 table 150 160 456 427 0.97694
5793 chair 406 100 582 227 0.550452
5793 chair 0 181 284 459 0.929993
5793 chair 317 217 584 446 0.931588
5793 table 216 135 450 366 0.937884
5794 sofa 305 107 730 371 0.623128
5794 chair 0 155 255 452 0.885275
5795 chair 236 149 468 425 0.918856
5796 chair 511 124 646 168 0.505607
5796 chair 333 112 454 283 0.646433
5796 table 184 134 494 415 0.721327
5796 table 411 150 730 483 0.803761
5796 chair 88 115 230 328 0.919998
5796 chair 490 250 728 526 0.950296
5796 chair 191 195 413 508 0.959268
5797 sofa 128 103 637 376 0.953109
5798 table 528 175 690 324 0.625686
5798 chair 52 260 229 448 0.721648
5798 chair 417 251 613 460 0.790503
5798 chair 447 140 542 260 0.863681
5799 chair 653 233 730 417 0.40854
5799 table 254 211 400 399 0.877197
5799 chair 174 213 323 400 0.889395
5799 chair 364 222 533 435 0.930986
5800 table 450 164 555 305 0.674467
5800 chair 490 169 603 297 0.7694
5800 chair 392 183 504 331 0.878418
5800 table 132 210 323 453 0.888994
5800 chair 239 191 409 411 0.932846
5800 chair 9 243 245 508 0.964454
5801 table 259 127 415 309 0.439422
5801 table 472 145 730 374 0.461228
5801 chair 357 99 481 279 0.905251
5801 chair 168 171 358 376 0.912515
5802 desk 0 115 341 530 0.429271
5802 chair 274 179 555 529 0.833602
5803 toilet 99 330 235 530 0.899859
5804 table 28 161 367 471 0.475471
5804 desk 27 160 367 495 0.625644
5805 desk 0 3 287 339 0.413407
5805 desk 241 133 727 500 0.599609
5805 table 239 136 729 499 0.751425
5805 chair 112 113 382 527 0.957345
5806 bookshelf 286 1 395 149 0.71743
5806 table 190 116 532 499 0.901923
5807 chair 519 84 633 276 0.818462
5807 chair 615 61 702 213 0.871537
5807 desk 0 9 543 507 0.977034
5807 chair 287 165 559 528 0.979299
5808 table 126 118 430 431 0.548359
5808 chair 393 93 534 363 0.937615
5809 chair 487 371 729 530 0.434272
5809 chair 300 109 364 201 0.6196
5809 desk 400 233 730 528 0.834185
5809 chair 276 140 380 291 0.896364
5809 chair 198 218 375 528 0.976389
5810 chair 0 143 110 186 0.719598
5810 desk 0 158 280 530 0.879052
5810 chair 298 167 524 516 0.965702
5811 chair 315 22 388 43 0.548568
5811 chair 211 53 335 217 0.77132
5811 chair 639 75 730 139 0.811362
5811 desk 0 115 158 401 0.843867
5811 table 265 34 730 520 0.880131
5811 chair 412 176 675 527 0.882852
5811 chair 234 96 398 332 0.940224
5812 chair 584 55 677 80 0.556546
5812 table 527 72 730 404 0.758512
5812 desk 141 134 353 405 0.859039
5812 chair 576 263 730 529 0.86487
5812 chair 453 82 580 220 0.865268
5812 chair 439 132 623 392 0.939855
5813 chair 675 218 730 485 0.728413
5813 chair 452 161 518 198 0.827551
5813 chair 394 182 472 219 0.829825
5813 chair 492 266 697 528 0.840093
5813 chair 246 200 347 256 0.866051
5813 table 133 178 730 530 0.881224
5813 chair 49 338 351 530 0.948563
5814 table 112 152 478 480 0.930233
5816 chair 73 84 195 291 0.505497
5816 table 138 116 410 393 0.896128
5816 chair 332 137 639 528 0.982146
5817 desk 242 185 727 523 0.699789
5818 chair 145 148 353 401 0.896044
5818 table 213 122 512 397 0.939093
5818 chair 340 185 572 447 0.952906
5819 chair 479 143 608 350 0.387493
5819 chair 118 147 318 503 0.771272
5819 table 152 134 571 494 0.931961
5820 chair 564 155 729 394 0.386348
5820 chair 133 145 251 251 0.785155
5820 chair 267 111 358 204 0.842752
5820 chair 538 96 621 146 0.846939
5820 chair 352 99 418 180 0.860521
5820 chair 463 172 727 529 0.939478
5820 table 122 140 662 487 0.943814
5820 chair 47 256 352 528 0.956374
5821 chair 0 148 54 528 0.410647
5821 chair 0 87 38 347 0.439803
5821 table 153 67 353 316 0.94774
5822 desk 0 130 234 500 0.370221
5822 chair 467 95 504 179 0.598939
5822 chair 474 143 569 345 0.703218
5822 chair 358 141 563 479 0.877676
5822 chair 26 146 241 474 0.885146
5822 table 280 133 519 509 0.899266
5822 chair 183 123 289 333 0.917289
5823 desk 258 284 707 530 0.36421
5824 chair 0 250 95 529 0.858098
5824 table 133 94 369 256 0.874304
5824 chair 0 123 132 365 0.924614
5825 chair 0 161 144 456 0.625028
5825 sofa 0 162 143 460 0.663697
5825 chair 436 169 728 509 0.869592
5825 table 135 181 427 449 0.923788
5826 table 212 173 487 437 0.896267
5826 chair 160 201 371 447 0.908059
5826 chair 364 204 572 471 0.923433
5827 table 189 215 398 441 0.730473
5827 chair 180 109 340 239 0.890279
5827 table 0 101 199 259 0.928303
5827 chair 427 171 694 459 0.962972
5828 table 236 161 428 335 0.506857
5828 chair 431 90 594 252 0.9572
5828 chair 541 165 730 450 0.958996
5828 chair 0 222 337 529 0.973281
5829 toilet 52 136 304 411 0.903173
5831 chair 0 140 69 326 0.408856
5831 bookshelf 60 1 268 182 0.7336
5832 sofa 0 137 179 508 0.516375
5832 table 490 123 729 245 0.600351
5833 table 434 145 668 444 0.692966
5833 chair 0 200 98 529 0.78792
5834 bed 5 129 730 357 0.806301
5836 table 173 100 730 530 0.735957
5837 chair 298 140 442 347 0.385079
5837 sofa 357 222 729 530 0.636912
5837 sofa 0 190 284 526 0.841083
5838 sofa 439 244 730 527 0.51715
5839 chair 354 216 502 525 0.372156
5839 chair 354 220 472 274 0.628252
5839 chair 137 220 256 410 0.663432
5839 table 218 267 728 530 0.911942
5840 table 0 181 420 530 0.921042
5840 chair 313 150 527 475 0.924269
5841 toilet 60 209 328 504 0.984719
5842 chair 148 137 341 379 0.927811
5843 table 42 141 572 474 0.484163
5843 chair 0 124 111 362 0.890947
5844 chair 0 447 50 528 0.460689
5844 bed 0 41 435 430 0.468506
5844 chair 395 176 660 530 0.869773
5846 chair 272 160 504 503 0.966482
5848 chair 120 87 369 432 0.964739
5849 chair 619 67 730 270 0.46142
5849 chair 199 73 338 241 0.509509
5849 table 501 19 730 273 0.873778
5849 chair 42 154 334 529 0.908614
5849 chair 426 73 635 362 0.94498
5849 chair 282 110 514 444 0.963309
5850 chair 413 141 454 218 0.402004
5850 chair 375 155 420 248 0.540798
5850 chair 325 170 379 298 0.67392
5850 table 1 153 429 399 0.71422
5850 chair 0 400 196 528 0.889541
5850 chair 358 238 506 455 0.951871
5851 desk 268 159 451 355 0.792648
5852 chair 103 288 214 445 0.501445
5852 table 461 132 723 283 0.547044
5852 table 302 149 663 377 0.837452
5852 table 0 160 422 470 0.889197
5854 desk 531 309 729 528 0.640406
5854 chair 562 318 655 451 0.807259
5854 chair 525 242 679 413 0.89995
5854 chair 131 203 282 427 0.924501
5854 chair 351 219 488 418 0.92709
5854 chair 286 170 391 339 0.929165
5855 chair 567 145 710 230 0.427189
5855 desk 0 117 528 319 0.439609
5855 table 0 112 527 316 0.460324
5855 table 416 177 729 528 0.930456
5855 chair 273 162 400 334 0.944993
5855 chair 0 233 256 528 0.96739
5856 table 0 100 505 530 0.950665
5856 chair 370 114 623 480 0.963916
5857 table 2 107 532 520 0.951997
5857 chair 299 211 538 528 0.957394
5858 table 113 144 652 357 0.448115
5858 chair 65 198 230 506 0.564863
5858 chair 398 241 611 505 0.957431
5859 chair 276 138 398 396 0.644401
5859 table 320 158 728 525 0.795325
5859 chair 334 181 541 514 0.924371
5861 table 0 148 104 235 0.460037
5861 chair 157 150 174 172 0.536942
5861 chair 106 216 148 260 0.613553
5861 chair 107 219 150 373 0.662978
5861 chair 143 172 168 214 0.668017
5861 table 109 177 586 473 0.782548
5861 table 527 172 730 362 0.796017
5861 table 374 177 585 451 0.829067
5861 chair 428 208 550 394 0.900565
5862 chair 213 153 326 391 0.409313
5862 table 521 221 730 525 0.409453
5862 desk 556 223 730 523 0.411233
5863 chair 125 134 304 269 0.571708
5863 sofa 118 196 462 429 0.61595
5863 chair 312 113 453 237 0.833504
5864 chair 191 56 250 218 0.42604
5864 chair 234 68 326 249 0.564451
5864 table 139 42 728 485 0.652068
5864 chair 302 116 434 418 0.858904
5864 chair 395 164 626 527 0.864512
5865 chair 457 141 518 249 0.614743
5865 table 230 112 521 457 0.938979
5865 chair 440 178 603 401 0.944981
5866 table 474 81 584 208 0.578046
5866 chair 432 96 524 229 0.709801
5866 table 239 134 447 365 0.886683
5866 chair 362 94 494 314 0.928372
5866 chair 68 215 309 511 0.935677
5867 toilet 592 231 729 510 0.675958
5868 chair 406 155 512 341 0.428769
5868 chair 195 117 285 265 0.769846
5868 table 402 195 639 427 0.904434
5868 table 113 149 315 329 0.905882
5868 chair 39 135 184 316 0.919414
5868 chair 235 184 376 413 0.945277
5868 chair 600 206 729 474 0.958822
5869 chair 230 129 315 256 0.738043
5869 table 130 143 283 290 0.9045
5869 chair 241 220 402 463 0.91561
5869 chair 41 159 181 318 0.930659
5869 chair 454 154 567 340 0.932935
5869 table 301 189 523 411 0.953198
5872 table 236 200 490 392 0.84344
5872 chair 353 249 501 464 0.920796
5872 chair 159 236 286 427 0.929308
5873 chair 615 267 730 507 0.850563
5873 chair 349 253 486 480 0.929504
5873 table 194 204 452 416 0.934428
5874 chair 116 53 227 184 0.496583
5874 chair 701 40 730 191 0.496989
5874 chair 583 41 662 165 0.509378
5874 chair 276 35 346 116 0.531021
5874 chair 382 72 482 144 0.639621
5874 chair 140 78 250 229 0.73713
5874 table 173 38 302 165 0.772726
5874 chair 533 95 625 235 0.773028
5874 chair 265 106 378 302 0.818439
5874 chair 427 131 617 375 0.82102
5874 table 429 58 585 156 0.895411
5874 table 0 90 165 283 0.917144
5874 chair 117 213 344 480 0.969459
5874 table 250 141 538 435 0.981436
5875 chair 50 422 229 529 0.466917
5875 table 242 128 437 406 0.541506
5875 chair 197 134 349 314 0.770643
5875 chair 0 163 155 371 0.821941
5875 chair 363 157 549 481 0.899931
5875 chair 155 192 350 491 0.911279
5876 chair 241 170 325 198 0.586154
5876 table 361 109 549 223 0.723596
5876 chair 399 180 543 372 0.844291
5876 chair 584 126 707 244 0.844426
5876 chair 479 140 607 290 0.856755
5876 table 264 130 474 280 0.86049
5876 table 52 172 370 337 0.919395
5876 chair 4 170 193 412 0.94495
5876 chair 190 254 415 528 0.955526
5877 toilet 236 174 370 403 0.90211
5878 bathtub 0 111 254 529 0.581423
5878 toilet 317 155 450 401 0.945015
5879 toilet 439 206 618 436 0.487011
5880 table 592 107 729 187 0.54916
5880 chair 549 112 690 298 0.837248
5880 chair 322 211 582 527 0.953538
5880 table 96 180 508 521 0.97178
5881 desk 0 105 692 338 0.565906
5881 chair 0 142 147 344 0.868535
5881 chair 174 127 338 347 0.932952
5881 chair 444 121 619 340 0.935062
5882 table 0 391 206 529 0.665153
5883 bed 130 37 650 520 0.66342
5883 table 336 304 730 528 0.709344
5884 bookshelf 636 1 728 192 0.387942
5884 table 71 148 498 472 0.85114
5884 chair 30 222 327 527 0.93974
5885 chair 654 37 730 196 0.759688
5886 toilet 176 90 353 383 0.961289
5888 table 0 97 463 432 0.868508
5889 table 0 197 134 279 0.800774
5890 chair 239 160 322 258 0.444834
5890 chair 78 181 176 300 0.767701
5890 sofa 286 145 721 470 0.970991
5891 chair 341 18 432 147 0.415828
5891 desk 0 62 59 417 0.421056
5891 table 608 100 717 227 0.61621
5892 chair 157 113 255 232 0.370672
5892 desk 0 1 260 213 0.393603
5892 chair 0 174 84 340 0.704395
5892 chair 0 277 136 527 0.825966
5892 sofa 247 126 659 418 0.971253
5893 sofa 617 1 730 278 0.473697
5893 chair 314 94 604 435 0.938182
5894 desk 144 236 730 530 0.829857
5894 bookshelf 0 2 164 530 0.879268
5895 table 186 182 534 428 0.761617
5895 sofa 1 46 619 319 0.87787
5895 sofa 0 185 396 528 0.920849
5896 sofa 64 95 651 530 0.529096
5897 table 374 207 729 388 0.890077
5897 sofa 278 63 714 271 0.965933
5898 chair 112 164 475 529 0.403117
5898 sofa 592 0 729 146 0.528567
5899 chair 228 109 490 445 0.957274
5900 chair 230 81 413 390 0.952286
5900 bookshelf 432 28 728 441 0.966964
5901 sofa 468 220 730 529 0.479081
5901 bookshelf 4 0 212 240 0.547482
5901 sofa 5 149 349 529 0.627862
5901 sofa 538 59 730 250 0.8453
5901 sofa 278 76 493 228 0.908174
5902 bookshelf 250 2 400 234 0.631978
5902 sofa 0 366 103 529 0.826825
5902 sofa 55 179 350 403 0.882571
5902 sofa 395 153 730 396 0.94595
5903 sofa 455 18 729 438 0.505847
5903 table 184 134 546 380 0.883097
5903 chair 392 289 621 490 0.905865
5904 table 386 194 639 348 0.883941
5904 chair 173 185 340 377 0.892232
5906 toilet 297 191 425 429 0.937362
5907 toilet 326 88 454 322 0.945312
5909 table 144 118 489 368 0.917658
5909 chair 367 150 541 384 0.928812
5909 chair 121 201 359 456 0.950989
5911 toilet 168 207 346 393 0.939802
5912 toilet 257 114 400 365 0.925039
5913 toilet 263 96 418 377 0.963695
5914 table 0 120 657 412 0.3802
5915 chair 356 126 497 284 0.874651
5916 chair 188 35 227 67 0.394679
5916 chair 0 121 35 320 0.562443
5916 table 0 63 456 438 0.910435
5916 chair 121 157 337 465 0.921059
5916 chair 365 90 553 358 0.964845
5917 chair 81 42 165 116 0.726188
5917 chair 332 138 524 408 0.875982
5917 chair 192 213 421 528 0.940192
5917 table 0 78 464 529 0.976947
5918 table 372 43 467 77 0.456044
5918 chair 223 129 339 334 0.579198
5918 chair 309 86 383 137 0.609414
5918 chair 372 71 451 145 0.660044
5918 table 310 75 497 151 0.812443
5918 chair 67 309 345 528 0.934768
5918 chair 411 217 603 428 0.935638
5918 table 148 138 590 449 0.964503
5919 chair 271 89 330 119 0.429037
5919 chair 471 136 592 347 0.705128
5919 chair 323 73 369 101 0.737616
5919 chair 70 43 151 150 0.821869
5919 chair 0 54 79 177 0.886785
5919 table 0 36 153 155 0.890517
5919 table 132 83 591 473 0.908287
5919 chair 340 191 557 467 0.927282
5920 table 203 129 728 395 0.419132
5920 desk 0 100 236 325 0.601665
5920 table 1 99 237 324 0.614662
5920 chair 0 97 98 311 0.696058
5920 chair 207 127 455 528 0.964275
5921 desk 278 161 730 527 0.885485
5921 chair 294 160 462 497 0.904912
5922 table 84 171 462 434 0.846753
5922 chair 0 122 104 281 0.913027
5922 chair 413 192 608 438 0.938969
5923 chair 6 112 113 263 0.865077
5923 table 93 183 501 495 0.916092
5923 chair 391 230 644 529 0.959917
5924 chair 576 117 644 207 0.444718
5924 table 416 95 729 214 0.481054
5924 chair 514 110 576 189 0.527578
5924 chair 641 126 723 224 0.561227
5924 chair 25 156 156 343 0.609012
5924 chair 467 106 521 186 0.679592
5924 chair 279 111 325 150 0.762769
5924 chair 411 137 481 190 0.786874
5924 chair 85 186 249 396 0.841846
5924 chair 451 154 607 340 0.847808
5924 chair 339 121 400 168 0.87804
5924 table 34 123 592 477 0.933824
5924 chair 123 239 370 527 0.940196
5925 chair 322 123 372 161 0.522976
5925 chair 550 136 661 272 0.626736
5925 chair 350 114 404 153 0.628543
5925 chair 472 173 615 364 0.676631
5925 chair 385 205 581 392 0.748778
5925 chair 256 129 305 175 0.757636
5925 chair 155 147 243 197 0.769205
5925 chair 15 164 188 375 0.858092
5925 table 7 136 586 514 0.898878
5925 chair 282 268 553 529 0.945993
5926 table 254 108 381 164 0.413497
5926 chair 13 199 155 353 0.549414
5926 chair 405 158 488 343 0.693394
5926 chair 485 169 633 345 0.811725
5926 table 509 112 685 220 0.85906
5926 chair 64 212 220 388 0.889736
5926 table 16 152 604 476 0.901382
5926 chair 140 243 312 445 0.918976
5926 chair 228 271 446 528 0.955887
5927 chair 609 1 730 243 0.927924
5927 chair 220 46 501 526 0.962309
5928 chair 92 131 252 398 0.633475
5928 chair 461 159 682 446 0.879099
5928 table 86 92 527 452 0.924294
5929 table 556 218 730 468 0.383784
5929 chair 64 66 147 188 0.568339
5929 table 0 93 99 219 0.587835
5930 table 1 129 489 518 0.378416
5930 bookshelf 616 120 730 346 0.506163
5930 chair 147 140 328 450 0.937233
5930 chair 404 108 547 335 0.953538
5931 desk 633 102 729 198 0.397168
5931 chair 475 121 572 295 0.408245
5931 chair 301 74 366 142 0.691708
5931 chair 568 73 640 208 0.727221
5931 chair 679 111 729 244 0.793451
5931 table 200 140 584 399 0.925579
5931 chair 158 181 337 391 0.935989
5931 chair 285 200 480 446 0.961004
5932 chair 180 47 358 235 0.363892
5932 chair 421 23 503 76 0.760394
5932 table 183 45 729 418 0.793007
5932 chair 123 108 375 466 0.965438
5933 chair 637 25 709 58 0.469169
5933 chair 417 50 482 95 0.66224
5933 chair 549 37 615 116 0.697001
5933 chair 203 66 366 278 0.772837
5933 chair 609 81 730 150 0.800152
5933 table 215 64 730 485 0.831407
5933 chair 265 145 500 528 0.939328
5934 sofa 17 95 662 434 0.713678
5935 table 129 59 565 478 0.921656
5935 chair 0 129 270 466 0.960474
5936 table 182 45 730 514 0.761993
5936 chair 236 130 458 417 0.939802
5937 table 167 210 437 448 0.61024
5937 chair 266 114 395 256 0.825952
5938 toilet 329 133 449 333 0.934439
5939 chair 0 126 69 249 0.496935
5939 table 242 114 415 314 0.906049
5939 chair 294 236 523 523 0.959955
5940 chair 475 74 541 150 0.456985
5940 chair 492 117 637 298 0.666609
5940 chair 363 128 501 237 0.700706
5940 chair 528 196 729 454 0.758967
5940 chair 606 104 726 208 0.777969
5940 chair 101 155 241 343 0.85144
5940 chair 331 224 536 487 0.862052
5940 chair 240 140 366 321 0.908265
5941 chair 173 135 388 409 0.870749
5941 table 286 148 728 530 0.93209
5942 chair 313 119 424 314 0.927989
5942 table 144 107 495 465 0.940338
5943 chair 400 112 648 379 0.380624
5943 table 0 135 436 513 0.505272
5944 table 128 97 507 323 0.894192
5944 chair 265 150 418 326 0.936141
5946 table 0 94 299 304 0.533251
5946 desk 1 95 298 306 0.540501
5946 chair 136 136 297 302 0.922474
5946 chair 363 159 527 403 0.945145
5946 table 318 128 670 396 0.956112
5947 table 289 174 490 295 0.637042
5947 sofa 372 160 730 528 0.870257
5947 sofa 13 107 300 217 0.95102
5948 sofa 478 90 667 181 0.52646
5948 sofa 245 179 730 530 0.59653
5948 table 191 186 427 338 0.723813
5948 sofa 115 104 401 246 0.954323
5949 sofa 103 49 295 164 0.835725
5949 sofa 0 121 476 529 0.85651
5949 sofa 297 45 730 252 0.893442
5950 sofa 4 198 441 475 0.729266
5950 chair 445 197 623 448 0.960409
5952 table 272 230 472 425 0.483994
5952 chair 447 213 575 397 0.877131
5954 chair 49 139 308 441 0.925002
5954 table 265 67 577 338 0.96585
5955 chair 479 59 618 140 0.876709
5955 table 387 129 729 448 0.912919
5955 chair 270 87 451 382 0.927806
5955 chair 458 288 730 528 0.962743
5956 sofa 408 148 708 363 0.67992
5956 table 59 174 484 461 0.933556
5957 dresser 287 212 705 529 0.636088
5959 chair 551 99 638 246 0.755142
5960 chair 410 177 619 526 0.809528
5961 table 132 140 406 299 0.861016
5962 table 190 146 588 368 0.799681
5963 table 264 131 523 309 0.955072
5964 desk 0 46 723 332 0.529078
5964 chair 577 98 729 320 0.945948
5964 chair 375 155 641 457 0.953927
5964 chair 26 246 415 528 0.955056
5965 chair 691 144 730 167 0.65959
5965 table 580 225 730 430 0.667368
5965 chair 340 169 469 324 0.704771
5965 chair 58 218 269 467 0.955563
5966 chair 98 126 285 345 0.946907
5966 chair 458 134 692 410 0.949798
5967 chair 227 61 362 292 0.808136
5967 table 241 11 729 449 0.938691
5967 chair 298 102 507 414 0.940725
5968 desk 191 106 643 519 0.391699
5968 table 192 107 644 521 0.805274
5969 chair 156 0 216 34 0.571154
5969 chair 357 22 408 88 0.598016
5969 table 0 6 417 288 0.61668
5969 chair 398 11 444 75 0.641971
5969 chair 78 7 151 47 0.685964
5969 chair 298 34 366 109 0.76638
5969 chair 0 15 72 61 0.774168
5969 table 53 41 575 445 0.786396
5969 chair 518 47 627 179 0.806347
5969 chair 439 96 577 294 0.823999
5969 chair 227 48 306 135 0.840655
5969 chair 126 68 231 171 0.852469
5969 chair 0 97 126 326 0.918861
5969 chair 347 141 534 380 0.939031
5969 chair 225 191 453 502 0.955979
5970 table 206 155 651 341 0.856057
5971 bed 556 203 730 528 0.519495
5971 sofa 0 196 142 525 0.738493
5971 table 92 189 517 395 0.795437
5972 sofa 24 61 293 216 0.485896
5972 sofa 249 144 730 524 0.671666
5973 sofa 384 22 704 290 0.454574
5974 sofa 438 256 728 528 0.763968
5974 sofa 101 76 473 256 0.9225
5975 sofa 515 97 730 508 0.891014
5976 table 652 206 728 371 0.413259
5976 sofa 47 117 455 528 0.875018
5976 sofa 509 55 730 234 0.886162
5978 chair 283 1 392 193 0.506166
5978 chair 250 208 509 518 0.607689
5978 table 229 28 492 322 0.74418
5978 chair 239 45 353 201 0.76546
5979 sofa 353 138 618 398 0.725809
5979 sofa 0 159 222 418 0.947351
5980 desk 1 201 221 527 0.791829
5980 chair 356 208 527 465 0.953521
5981 sofa 15 181 260 419 0.798497
5981 table 202 194 730 529 0.932701
5982 chair 51 194 318 466 0.664314
5982 chair 495 92 673 278 0.916512
5984 chair 0 312 121 530 0.858818
5984 bookshelf 0 0 730 340 0.866224
5984 chair 181 128 360 371 0.868067
5984 chair 403 147 659 521 0.923579
5985 desk 0 126 457 499 0.722076
5985 chair 366 113 488 287 0.730779
5985 chair 29 266 269 528 0.758257
5985 chair 264 182 477 506 0.920238
5986 desk 599 107 730 338 0.380823
5986 chair 0 184 165 461 0.384939
5986 chair 205 118 307 167 0.677347
5986 chair 462 84 595 278 0.90334
5986 chair 163 225 384 521 0.904599
5986 chair 377 173 547 404 0.918692
5986 table 0 136 491 479 0.924864
5987 chair 418 131 522 287 0.533089
5987 chair 347 149 459 324 0.881116
5987 chair 261 184 403 386 0.949949
5987 chair 122 214 308 466 0.950138
5988 table 170 137 534 468 0.832002
5988 chair 90 166 232 363 0.91464
5988 chair 472 127 612 352 0.952956
5990 chair 425 111 589 367 0.936749
5991 sofa 0 75 180 313 0.837149
5991 sofa 95 146 728 530 0.960662
5992 dresser 571 109 730 491 0.898721
5992 dresser 117 172 239 256 0.908423
5992 bed 23 142 460 516 0.967121
5993 dresser 0 184 82 434 0.637644
5993 dresser 333 175 473 263 0.918597
5993 bed 61 85 572 530 0.972644
5994 dresser 428 150 662 447 0.931358
5994 bed 20 136 417 446 0.958778
5995 night_stand 232 263 326 367 0.505042
5995 dresser 0 128 118 525 0.75263
5995 bed 271 169 729 529 0.973034
5996 chair 444 153 602 482 0.635279
5996 chair 587 180 730 511 0.805771
5996 bed 0 146 113 519 0.82099
5997 chair 598 167 636 192 0.369502
5997 chair 460 181 564 338 0.467942
5997 chair 630 168 680 196 0.53578
5997 chair 498 183 647 351 0.543194
5997 chair 660 189 730 398 0.713025
5997 chair 277 185 426 450 0.794851
5997 table 239 206 679 525 0.855011
5997 chair 163 215 376 529 0.942766
5997 chair 399 232 688 529 0.952497
5998 bed 0 121 268 526 0.713062
5998 bed 271 192 513 529 0.777649
5998 dresser 429 210 533 405 0.815145
5999 dresser 0 89 226 488 0.969075
6000 bed 0 0 728 409 0.578911
6000 bed 0 69 198 511 0.634327
6000 bed 227 173 729 530 0.937418
6001 dresser 183 231 351 298 0.444678
6001 dresser 37 183 184 399 0.670767
6001 bed 474 194 730 530 0.690542
6001 night_stand 558 338 702 415 0.704909
6001 bed 95 224 586 530 0.977482
6002 dresser 209 172 381 263 0.473242
6002 dresser 2 82 203 407 0.860029
6002 night_stand 602 299 729 513 0.860223
6002 bed 99 145 666 528 0.974787
6003 chair 557 251 658 389 0.411471
6003 table 0 206 125 373 0.656485
6003 chair 171 216 333 444 0.685327
6003 table 85 265 556 527 0.737921
6003 chair 295 274 577 530 0.795395
6003 chair 440 232 529 290 0.850187
6003 chair 44 249 309 530 0.930471
6004 bed 150 202 604 529 0.842366
6005 dresser 197 179 450 304 0.387363
6005 bed 33 187 657 529 0.576616
6006 dresser 16 66 158 188 0.43262
6006 sofa 626 280 730 529 0.4586
6006 sofa 0 146 537 530 0.485067
6007 sofa 59 209 730 524 0.95041
6008 sofa 129 194 497 456 0.526045
6009 dresser 300 255 403 390 0.42689
6009 bed 327 242 673 529 0.963574
6010 dresser 79 107 243 382 0.920498
6010 bed 209 209 673 530 0.970211
6011 bed 49 84 458 513 0.904722
6011 dresser 478 143 727 471 0.93143
6012 bed 4 166 665 530 0.758216
6012 bed 0 131 255 529 0.759885
6013 sofa 0 207 635 516 0.95152
6014 dresser 136 153 253 267 0.863426
6014 bed 16 121 591 530 0.94598
6015 night_stand 0 300 35 468 0.681392
6015 bed 74 93 647 530 0.937317
6015 dresser 0 148 177 376 0.965821
6016 dresser 521 163 730 437 0.690615
6016 night_stand 385 328 564 530 0.786411
6016 bed 58 191 532 522 0.946038
6017 night_stand 0 265 88 431 0.526656
6017 bed 74 136 618 529 0.959958
6018 sofa 5 203 469 528 0.80524
6019 table 454 331 729 529 0.756817
6020 sofa 527 242 730 451 0.724478
6020 bed 0 129 504 528 0.856938
6021 table 374 242 554 446 0.761802
6022 sofa 508 243 728 432 0.519811
6022 sofa 2 182 544 528 0.69835
6023 bed 588 162 730 364 0.416397
6023 bed 8 136 589 529 0.883512
6024 bed 370 151 730 459 0.643335
6024 bed 93 129 727 528 0.954834
6025 bed 0 106 545 530 0.848774
6026 bed 50 159 615 527 0.911856
6027 chair 621 195 681 329 0.410753
6027 bed 1 91 630 529 0.84407
6028 bed 4 135 716 528 0.854267
6029 chair 38 103 132 150 0.363073
6029 bed 109 223 713 528 0.959413
6030 bed 0 241 280 525 0.714931
6030 bed 2 270 603 530 0.969243
6031 bed 589 206 730 527 0.77178
6031 bed 0 165 604 528 0.950188
6032 bed 0 86 153 524 0.750779
6032 bed 201 128 728 530 0.927737
6033 dresser 0 128 69 222 0.432415
6033 bed 17 155 542 528 0.926155
6034 bed 1 167 274 529 0.659706
6034 bed 56 93 666 530 0.758257
6035 bed 46 184 631 529 0.430101
6035 bed 0 159 47 378 0.621305
6035 bed 432 239 729 527 0.825728
6036 bed 0 128 579 530 0.806853
6036 bed 488 172 729 403 0.820079
6037 bed 2 194 576 530 0.817358
6037 bed 330 172 729 448 0.832181
6038 bed 387 160 728 513 0.643737
6038 bed 71 160 657 528 0.920914
6039 sofa 584 227 730 398 0.616166
6039 bed 0 121 674 529 0.941835
6040 bed 582 210 730 529 0.489226
6040 bed 39 214 540 530 0.914336
6041 sofa 119 254 730 530 0.603806
6042 sofa 0 251 530 528 0.985641
6043 bed 296 173 729 530 0.66326
6043 bed 0 249 555 530 0.939102
6044 bed 313 100 729 527 0.870477
6044 bed 0 198 615 528 0.916537
6045 bed 0 232 186 522 0.869989
6045 bed 12 199 633 530 0.901286
6046 bed 349 148 730 477 0.672819
6047 sofa 555 273 730 528 0.679601
6047 bed 51 194 530 529 0.938211
6048 bed 16 239 626 530 0.925369
6049 bed 0 193 723 530 0.617756
6050 bed 0 193 721 530 0.911697
6051 night_stand 599 286 730 485 0.496934
6051 bed 593 117 729 488 0.602334
6051 night_stand 38 281 132 394 0.963086
6051 bed 108 203 586 528 0.968878
6053 chair 353 184 485 267 0.426506
6053 bed 73 95 652 530 0.875911
6054 dresser 619 38 730 226 0.603074
6054 bed 8 22 699 530 0.789635
6054 dresser 557 211 687 338 0.857974
6054 dresser 497 209 571 318 0.885747
6055 night_stand 0 274 45 348 0.699548
6055 bed 545 223 730 528 0.73059
6055 dresser 316 216 448 295 0.756848
6055 bed 41 165 527 528 0.97087
6056 bed 1 170 464 530 0.977094
6057 dresser 0 242 98 451 0.818839
6057 dresser 295 201 410 300 0.90017
6057 bed 72 132 541 528 0.9751
6058 bed 436 147 730 506 0.810894
6058 bed 63 137 673 528 0.973959
6059 night_stand 498 293 635 377 0.436337
6059 night_stand 0 278 44 440 0.730608
6059 bed 24 90 567 530 0.978603
6060 chair 117 177 273 443 0.580722
6060 chair 461 195 638 450 0.90343
6060 chair 610 203 730 447 0.909794
6060 table 5 234 593 530 0.910731
6060 chair 0 232 159 526 0.917802
6061 chair 265 215 398 453 0.409708
6061 chair 60 191 133 477 0.513668
6061 chair 348 228 433 379 0.53854
6061 chair 670 275 729 403 0.562848
6061 chair 114 202 300 529 0.589954
6061 table 93 234 500 528 0.847299
6061 chair 0 209 83 530 0.87866
6061 chair 344 265 588 530 0.927878
6062 chair 369 266 540 528 0.410723
6062 chair 163 241 272 468 0.475311
6062 table 552 324 728 528 0.576129
6062 chair 549 302 645 477 0.645721
6062 chair 267 257 335 303 0.650734
6062 table 34 295 545 530 0.763687
6062 chair 337 254 388 316 0.77922
6062 chair 277 276 488 528 0.912563
6062 chair 35 278 278 529 0.951966
6063 chair 173 217 278 373 0.541025
6063 chair 276 249 373 465 0.688848
6063 chair 437 278 562 516 0.794515
6063 chair 657 288 730 529 0.854829
6063 table 223 290 472 526 0.890093
6063 chair 559 275 692 519 0.92795
6063 chair 104 261 269 528 0.929336
6063 chair 283 313 484 529 0.929719
6064 chair 229 254 332 429 0.373437
6064 table 44 260 230 430 0.433962
6064 chair 399 272 533 479 0.661766
6064 chair 0 232 113 461 0.900261
6064 table 232 307 538 527 0.906034
6064 chair 418 324 625 528 0.919726
6064 chair 137 281 342 528 0.936214
6065 chair 543 311 690 528 0.653305
6065 chair 0 232 135 514 0.875831
6065 chair 382 337 532 528 0.887247
6065 table 211 306 484 528 0.901844
6065 chair 140 309 333 528 0.94832
6066 dresser 0 123 74 280 0.571926
6066 night_stand 139 215 254 256 0.905123
6066 bed 1 71 561 529 0.920294
6066 dresser 552 68 730 529 0.944815
6067 dresser 0 153 122 320 0.768768
6067 dresser 584 187 730 529 0.870978
6067 night_stand 165 260 283 305 0.9414
6067 bed 0 148 601 530 0.978185
6068 night_stand 698 389 729 528 0.748853
6068 bed 27 177 690 529 0.923426
6069 chair 614 215 730 529 0.575373
6069 bed 0 86 690 526 0.945125
6070 bed 25 118 636 530 0.959908
6071 dresser 241 222 369 317 0.714306
6071 dresser 622 244 729 525 0.801173
6071 night_stand 563 426 728 530 0.919241
6071 bed 1 186 626 530 0.969299
6072 dresser 572 270 730 529 0.446893
6072 bed 0 148 638 530 0.723135
6073 night_stand 639 282 730 524 0.905258
6073 bed 86 209 724 530 0.931906
6074 bed 0 2 579 524 0.924536
6075 bed 0 3 381 529 0.782861
6077 bed 603 218 730 500 0.44751
6077 table 0 191 456 530 0.582931
6077 chair 340 182 575 503 0.95334
6078 desk 0 161 299 530 0.371581
6078 chair 179 121 393 451 0.925807
6079 desk 356 72 730 528 0.947993
6079 chair 192 40 399 335 0.964564
6080 bed 449 40 730 328 0.564311
6080 bed 27 1 651 528 0.942817
6081 toilet 0 294 41 523 0.477406
6081 bathtub 392 13 730 526 0.555486
6081 toilet 132 23 449 463 0.994882
6083 sofa 0 85 640 323 0.788188
6084 chair 1 129 74 248 0.395701
6084 chair 235 112 392 414 0.413334
6084 chair 110 107 214 250 0.498863
6084 table 590 163 730 507 0.553686
6084 chair 385 167 613 523 0.856862
6085 chair 109 207 352 499 0.421176
6085 chair 582 182 730 367 0.712259
6085 sofa 6 64 579 326 0.852554
6086 sofa 99 147 730 521 0.918666
6087 night_stand 57 229 280 401 0.376347
6087 sofa 180 177 475 372 0.930424
6088 chair 268 197 444 403 0.483812
6089 night_stand 240 216 348 303 0.407957
6089 sofa 342 226 640 369 0.696949
6091 table 382 207 645 526 0.384617
6091 table 663 214 729 396 0.516268
6091 chair 272 130 473 480 0.725002
6092 chair 0 107 221 417 0.921316
6093 night_stand 571 239 728 381 0.441494
6093 bed 49 5 627 524 0.969619
6094 bed 0 1 572 526 0.828884
6095 desk 0 57 387 525 0.500126
6095 toilet 417 130 615 480 0.942399
6096 toilet 263 121 607 529 0.980429
6097 chair 535 122 706 208 0.446045
6097 night_stand 0 207 153 423 0.911933
6097 bed 75 6 728 528 0.973085
6098 sofa 669 100 729 290 0.398321
6098 sofa 38 40 633 358 0.933044
6098 table 207 260 659 529 0.953258
6099 table 316 299 444 420 0.55901
6099 sofa 26 235 275 483 0.836825
6100 sofa 247 146 570 408 0.677158
6101 chair 347 206 491 381 0.858867
6101 chair 118 189 289 441 0.913551
6101 chair 0 165 126 402 0.9172
6102 table 297 148 468 265 0.691446
6103 sofa 279 131 728 449 0.958909
6104 chair 296 120 382 255 0.490538
6104 desk 0 130 357 414 0.700835
6104 chair 282 133 352 305 0.872985
6105 sofa 0 106 430 509 0.562162
6106 table 196 226 389 409 0.436454
6106 chair 0 160 249 490 0.912786
6107 sofa 384 70 729 388 0.59076
6107 sofa 0 37 728 520 0.733224
6108 chair 243 158 363 356 0.566936
6108 table 230 182 681 420 0.62137
6108 chair 393 140 458 195 0.687298
6108 chair 591 139 729 425 0.873825
6108 chair 376 148 601 528 0.941913
6109 sofa 0 190 150 528 0.504157
6109 sofa 483 94 707 335 0.679131
6110 table 0 232 459 529 0.564186
6110 chair 378 175 461 432 0.766132
6110 chair 142 186 389 528 0.93704
6111 sofa 217 55 730 512 0.830996
6111 chair 0 132 284 528 0.957874
6112 table 512 261 730 508 0.394551
6112 sofa 0 83 419 484 0.396898
6112 sofa 448 140 730 298 0.923536
6113 night_stand 406 168 580 303 0.51855
6113 bed 0 7 464 530 0.929421
6114 table 329 117 729 465 0.364582
6114 desk 329 114 729 468 0.57838
6114 chair 183 155 529 528 0.970716
6115 table 163 138 730 530 0.766508
6115 toilet 24 126 273 499 0.870077
6116 sofa 381 61 728 332 0.677246
6118 chair 251 142 351 288 0.568803
6118 table 132 232 284 335 0.644679
6118 chair 338 140 489 336 0.878051
6119 sofa 443 204 730 527 0.420545
6119 night_stand 355 223 500 402 0.544411
6120 sofa 183 121 625 530 0.590463
6121 dresser 411 124 574 425 0.825273
6122 night_stand 471 188 637 389 0.520436
6122 bed 563 53 729 529 0.829943
6122 bed 0 176 486 530 0.868481
6123 bed 0 107 402 528 0.611746
6123 chair 599 179 730 377 0.871238
6124 desk 8 158 374 480 0.672935
6124 chair 0 137 194 463 0.907163
6125 chair 327 171 531 401 0.64954
6125 bed 0 10 474 529 0.93773
6126 dresser 309 192 668 441 0.597718
6127 toilet 95 166 306 524 0.960239
6128 table 168 46 729 526 0.489451
6128 toilet 0 142 106 526 0.950049
6129 table 0 111 401 529 0.590153
6130 chair 291 111 443 309 0.408268
6130 chair 0 303 135 529 0.736487
6131 sofa 0 145 173 258 0.380661
6131 sofa 184 148 495 356 0.799134
6132 sofa 86 125 420 359 0.968008
6133 sofa 436 189 730 418 0.968412
6134 chair 42 158 214 369 0.608013
6134 chair 305 192 584 529 0.850294
6135 sofa 0 196 232 509 0.443484
6136 chair 115 96 293 335 0.401564
6136 chair 5 121 300 526 0.921724
6136 chair 378 75 605 477 0.93474
6137 chair 39 124 282 503 0.870685
6137 chair 288 109 478 463 0.895389
6139 chair 521 129 654 352 0.763402
6140 chair 270 152 482 498 0.574554
6140 chair 524 110 688 399 0.879157
6141 desk 333 171 694 441 0.392261
6141 chair 378 160 431 215 0.706585
6141 chair 575 214 730 451 0.716369
6141 chair 116 181 212 298 0.760857
6144 sofa 300 128 566 300 0.845017
6146 chair 273 207 332 319 0.818805
6146 chair 197 222 291 377 0.879548
6147 chair 481 204 546 247 0.674623
6147 bed 332 223 667 482 0.786529
6148 bed 324 236 730 530 0.70848
6149 sofa 139 376 589 529 0.540304
6149 sofa 290 227 570 449 0.665727
6149 table 524 332 730 530 0.716239
6150 chair 0 318 162 529 0.40088
6150 chair 420 119 576 266 0.497653
6150 chair 282 193 586 518 0.635123
6151 table 122 234 338 391 0.703424
6154 sofa 478 237 730 521 0.362692
6154 table 75 256 383 483 0.775368
6155 chair 236 113 303 229 0.383264
6155 chair 524 101 619 223 0.490714
6155 chair 0 142 43 294 0.552739
6155 chair 404 80 458 159 0.612889
6155 table 191 107 311 205 0.654011
6155 chair 273 136 362 332 0.790939
6155 chair 334 189 497 415 0.90349
6155 table 244 157 488 365 0.940919
6156 chair 163 82 213 118 0.364718
6156 table 461 94 676 236 0.44996
6156 chair 418 107 549 329 0.466637
6156 chair 17 127 162 331 0.595965
6156 chair 599 76 679 203 0.629357
6156 table 155 121 384 315 0.731785
6156 chair 260 117 376 298 0.7683
6156 chair 524 67 621 255 0.83771
6156 chair 145 153 329 318 0.879098
6156 table 263 146 549 406 0.903426
6156 chair 122 218 387 528 0.967739
6157 table 557 177 730 364 0.409924
6157 table 654 169 730 269 0.542017
6157 table 430 184 644 378 0.629425
6157 chair 493 147 548 188 0.676104
6157 chair 238 161 308 282 0.713049
6157 chair 306 170 420 356 0.785682
6157 chair 610 191 730 424 0.808277
6157 chair 405 226 566 457 0.872761
6157 table 305 196 480 396 0.925301
6158 table 526 184 649 318 0.377206
6158 chair 472 164 553 289 0.527028
6158 chair 0 247 56 527 0.715969
6158 chair 81 151 160 219 0.769265
6158 chair 597 206 730 424 0.830477
6158 chair 222 213 358 462 0.902624
6158 table 1 218 297 475 0.941809
6159 chair 320 131 413 297 0.561658
6159 table 390 156 623 358 0.700898
6159 chair 206 123 276 250 0.709685
6159 chair 371 131 495 320 0.810324
6159 chair 396 232 589 519 0.852071
6159 chair 265 151 412 371 0.926336
6159 chair 562 159 730 458 0.927157
6160 table 65 201 205 310 0.411516
6160 chair 285 240 450 473 0.516312
6160 chair 123 188 186 293 0.584486
6160 chair 283 213 383 374 0.728414
6160 chair 545 196 622 358 0.768832
6160 chair 511 183 549 220 0.80878
6160 chair 64 207 169 342 0.86389
6160 chair 617 227 730 497 0.935969
6160 table 338 193 706 492 0.94248
6161 chair 515 153 571 258 0.530404
6161 chair 388 142 438 177 0.654442
6161 table 206 161 729 371 0.689197
6161 chair 612 174 730 335 0.885844
6161 chair 474 195 625 397 0.904181
6161 chair 198 215 349 438 0.922279
6162 chair 82 211 199 487 0.757764
6162 bed 249 154 730 509 0.972838
6163 night_stand 0 179 153 401 0.902173
6163 bed 103 4 728 523 0.95338
6164 table 0 159 298 530 0.760288
6164 bed 486 137 730 528 0.907283
6164 chair 268 135 486 511 0.958898
6165 chair 581 75 730 326 0.949702
6166 toilet 105 89 312 455 0.985923
6167 table 123 147 729 529 0.792082
6168 bathtub 0 156 576 530 0.844621
6168 toilet 468 256 728 528 0.919139
6169 bed 0 9 456 520 0.895728
6170 chair 0 87 98 513 0.897386
6170 bed 118 9 728 528 0.952976
6171 bed 532 157 730 529 0.535101
6171 desk 34 114 365 528 0.67982
6171 chair 313 8 554 395 0.774975
6172 bed 303 270 730 530 0.752439
6172 chair 397 174 633 410 0.875323
6174 toilet 234 173 395 465 0.677476
6175 toilet 1 112 191 439 0.965964
6176 bed 119 76 728 526 0.88401
6177 toilet 693 97 729 275 0.78176
6177 bathtub 0 142 316 528 0.930646
6177 toilet 309 80 582 502 0.990501
6178 table 0 117 222 440 0.540276
6178 chair 235 137 322 253 0.916748
6178 chair 0 190 202 455 0.951587
6179 chair 337 179 611 489 0.837804
6180 chair 128 60 284 267 0.673297
6180 table 0 208 274 427 0.815147
6181 chair 0 146 79 464 0.480128
6181 chair 51 165 262 457 0.559539
6181 chair 390 127 538 377 0.764392
6181 chair 223 165 470 525 0.915189
6182 chair 68 205 424 529 0.591932
6183 chair 225 123 333 214 0.608026
6183 chair 95 141 222 317 0.677331
6183 chair 341 109 433 218 0.768272
6183 chair 222 212 337 375 0.768989
6183 chair 648 142 730 306 0.773952
6183 chair 377 191 527 376 0.794462
6183 table 196 220 491 521 0.908593
6183 chair 346 265 581 529 0.947434
6183 chair 83 303 347 529 0.960626
6184 table 381 175 581 379 0.41839
6184 sofa 52 27 729 288 0.462725
6185 chair 416 307 671 482 0.758816
6186 chair 236 108 611 530 0.668569
6187 table 245 227 471 393 0.422131
6187 chair 556 108 652 275 0.458482
6187 bed 47 164 249 350 0.639798
6188 chair 0 109 168 516 0.414966
6188 chair 343 97 496 278 0.949363
6189 night_stand 508 117 584 167 0.388055
6189 bed 207 5 730 418 0.804864
6190 bed 0 0 392 530 0.928326
6190 night_stand 238 173 358 321 0.939614
6190 bed 319 3 728 526 0.95402
6191 bed 0 78 730 530 0.929315
6192 bathtub 254 202 718 443 0.79035
6192 toilet 465 293 728 529 0.928382
6193 bed 4 275 730 530 0.853394
6194 toilet 213 365 340 514 0.486221
6194 table 406 223 730 528 0.57779
6194 bathtub 48 291 283 528 0.989283
6195 desk 33 210 548 528 0.687596
6195 chair 534 175 633 485 0.918089
6196 table 280 108 729 530 0.555982
6196 chair 1 147 336 528 0.904551
6197 chair 295 52 498 343 0.505072
6197 bed 17 198 323 465 0.583289
6197 bed 505 11 729 530 0.72468
6198 sofa 107 110 730 454 0.977146
6199 sofa 609 320 730 530 0.401389
6199 sofa 521 170 728 296 0.90662
6199 sofa 1 173 443 528 0.947348
6200 sofa 0 173 171 406 0.885017
6202 night_stand 203 251 504 523 0.47922
6202 dresser 397 136 568 259 0.62394
6202 night_stand 0 142 70 273 0.950011
6202 bed 26 11 473 422 0.961719
6203 bed 0 189 677 530 0.624884
6204 desk 513 175 730 528 0.487237
6205 chair 396 80 487 311 0.364602
6205 chair 319 127 429 352 0.513057
6205 chair 162 124 355 450 0.863375
6206 sofa 511 141 730 474 0.6061
6206 sofa 77 148 505 340 0.957752
6207 table 265 215 614 417 0.407959
6207 chair 481 193 604 427 0.857726
6207 chair 316 211 444 424 0.904421
6208 chair 20 184 203 421 0.531574
6209 table 0 137 252 407 0.515466
6209 chair 201 147 322 349 0.924121
6210 desk 237 212 488 473 0.674876
6211 sofa 614 242 730 484 0.69295
6211 bed 161 79 599 521 0.966427
6211 dresser 394 148 545 285 0.974991
6211 night_stand 6 184 154 328 0.985316
6212 night_stand 0 98 122 146 0.785189
6212 dresser 390 40 619 307 0.946977
6212 bed 0 5 405 519 0.959251
6213 sofa 0 232 400 529 0.589423
6214 bed 0 0 542 530 0.966295
6215 night_stand 438 246 585 404 0.942106
6215 bed 2 83 483 529 0.966105
6215 dresser 80 65 232 194 0.979264
6216 dresser 501 119 654 292 0.539037
6216 night_stand 0 208 135 394 0.899339
6216 bed 93 63 558 474 0.983268
6217 bed 574 16 729 495 0.428452
6217 night_stand 440 245 576 377 0.714641
6217 night_stand 148 184 245 214 0.88737
6217 bed 1 99 485 528 0.975871
6218 dresser 192 79 356 165 0.580209
6218 bed 600 64 729 247 0.813853
6218 bed 0 1 493 528 0.95294
6219 dresser 252 71 396 188 0.905272
6219 bed 134 62 666 487 0.97507
6220 dresser 567 70 708 234 0.65029
6220 bed 16 0 655 522 0.921042
6221 bed 0 6 507 528 0.940403
6222 bed 0 29 565 528 0.899067
6223 night_stand 187 148 313 217 0.863926
6223 bed 90 5 730 529 0.917784
6224 night_stand 371 135 506 207 0.407709
6224 bed 42 0 722 529 0.976286
6225 dresser 429 135 730 386 0.455889
6225 bed 0 2 443 530 0.941269
6226 dresser 0 97 142 182 0.476121
6226 night_stand 465 185 586 354 0.923465
6226 bed 0 35 476 530 0.966174
6227 night_stand 0 201 226 528 0.917233
6227 dresser 426 114 576 180 0.940486
6227 bed 89 10 722 481 0.964051
6228 night_stand 406 267 658 527 0.904241
6228 bed 58 5 621 512 0.93974
6228 dresser 373 79 516 198 0.951661
6229 dresser 2 63 192 153 0.759796
6229 bed 0 5 577 526 0.905664
6229 dresser 549 49 706 331 0.936928
6230 night_stand 548 239 729 467 0.872397
6230 dresser 83 19 259 157 0.959134
6230 bed 0 50 653 524 0.987919
6231 night_stand 1 130 114 242 0.537502
6231 bed 104 0 728 527 0.962746
6232 night_stand 0 142 127 286 0.927565
6232 bed 89 2 643 482 0.979574
6233 night_stand 3 117 126 147 0.654665
6233 bed 638 180 730 528 0.70582
6233 bed 1 4 490 530 0.935259
6233 night_stand 475 179 656 345 0.959996
6234 dresser 55 89 197 319 0.631703
6234 dresser 439 104 561 223 0.647246
6234 night_stand 54 88 196 319 0.671877
6234 bed 179 98 703 530 0.976551
6235 night_stand 218 176 330 217 0.786558
6235 bed 103 112 727 528 0.979895
6235 dresser 8 50 217 312 0.989086
6236 bed 0 174 78 529 0.47771
6236 night_stand 52 230 224 521 0.927413
6236 bed 109 15 729 478 0.933261
6237 night_stand 476 140 551 167 0.617014
6237 dresser 0 105 76 311 0.66822
6237 night_stand 78 157 209 291 0.9626
6237 bed 199 6 728 478 0.978861
6238 night_stand 464 191 580 237 0.427492
6238 dresser 0 96 136 372 0.581434
6238 sofa 521 144 639 190 0.708116
6238 bed 123 50 730 527 0.984197
6239 sofa 0 99 155 319 0.487744
6239 dresser 152 100 330 184 0.842606
6239 night_stand 585 217 730 430 0.929128
6239 bed 19 75 626 528 0.946676
6240 night_stand 0 264 83 528 0.621298
6240 night_stand 441 155 498 220 0.735922
6240 dresser 304 132 443 205 0.772652
6240 dresser 559 90 730 381 0.974291
6240 bed 3 17 585 530 0.979373
6241 bed 0 85 122 252 0.479756
6241 dresser 604 55 730 527 0.861618
6241 dresser 465 152 667 336 0.926658
6241 bed 1 57 453 530 0.970683
6242 night_stand 0 151 101 307 0.947104
6242 dresser 396 99 553 213 0.957916
6242 bed 94 1 728 528 0.988714
6243 dresser 532 108 729 365 0.74774
6243 night_stand 181 151 277 182 0.793742
6243 dresser 66 116 206 196 0.828123
6243 bed 0 39 553 528 0.974984
6244 dresser 578 52 729 343 0.471974
6244 night_stand 436 157 539 213 0.877106
6244 night_stand 0 160 164 304 0.971789
6244 bed 96 111 728 529 0.983325
6245 bed 597 88 730 466 0.661598
6245 bed 155 136 583 446 0.917578
6246 bed 275 122 622 503 0.462253
6246 bed 0 158 180 507 0.882128
6246 bed 538 111 730 436 0.889057
6247 bed 0 110 100 381 0.389361
6247 bed 576 154 729 529 0.518032
6247 bed 92 87 490 351 0.910389
6248 dresser 483 65 581 186 0.882222
6248 bed 63 54 626 495 0.924895
6249 bed 585 94 730 344 0.762595
6249 bed 199 49 678 523 0.962825
6249 night_stand 69 151 201 282 0.964931
6249 dresser 449 56 619 266 0.993086
6250 night_stand 272 238 369 286 0.955507
6250 bed 85 179 589 530 0.961181
6250 dresser 582 195 730 516 0.961994
6251 night_stand 590 190 730 372 0.769996
6251 dresser 369 142 567 258 0.92434
6251 bed 66 41 645 528 0.980302
6252 dresser 335 166 595 338 0.440747
6252 dresser 0 47 27 217 0.507736
6252 desk 549 246 729 528 0.644355
6252 bed 0 82 318 523 0.931692
6253 dresser 636 114 729 289 0.661809
6253 bed 0 5 584 529 0.924994
6254 bed 0 137 51 410 0.400046
6254 night_stand 499 218 632 283 0.954428
6254 night_stand 37 201 219 383 0.970963
6254 bed 207 33 730 529 0.975871
6255 night_stand 493 205 664 372 0.955348
6255 night_stand 113 159 243 212 0.955746
6255 bed 0 15 532 529 0.981577
6256 bed 0 186 447 530 0.746155
6256 sofa 520 224 729 484 0.788151
6257 bed 33 88 701 527 0.917734
6258 night_stand 0 179 100 345 0.949654
6258 bed 90 14 704 530 0.975065
6258 dresser 384 81 543 251 0.990992
6259 bed 626 197 730 529 0.460853
6259 night_stand 26 191 158 252 0.887277
6259 dresser 430 92 685 384 0.93544
6259 bed 0 65 443 530 0.989196
6260 dresser 0 11 60 352 0.82618
6260 night_stand 362 176 458 214 0.921054
6260 bed 38 8 662 526 0.976605
6261 dresser 0 18 41 182 0.527425
6261 bed 447 0 728 527 0.749322
6261 night_stand 327 161 456 297 0.958034
6261 bed 0 2 331 524 0.966726
6262 night_stand 439 170 530 208 0.783556
6262 dresser 497 150 695 253 0.787784
6262 night_stand 0 153 173 330 0.959625
6262 bed 163 38 725 529 0.973912
6263 night_stand 64 155 234 197 0.681778
6263 dresser 599 191 730 411 0.765295
6263 night_stand 462 210 618 377 0.91953
6263 bed 0 62 506 530 0.939472
6264 night_stand 414 250 658 529 0.395647
6264 bed 0 52 559 528 0.945126
6264 dresser 391 98 520 229 0.978676
6265 desk 606 304 729 528 0.414937
6265 dresser 465 44 698 407 0.60081
6265 bed 211 46 322 518 0.621165
6265 bed 0 34 296 528 0.7205
6265 night_stand 0 90 34 169 0.733618
6265 night_stand 320 164 473 312 0.928408
6266 bed 0 92 471 523 0.959902
6267 night_stand 518 176 579 239 0.450138
6267 bed 159 4 730 525 0.946471
6268 night_stand 0 109 120 155 0.646802
6268 bed 0 11 508 523 0.913948
6268 night_stand 474 225 584 372 0.922232
6269 bed 0 4 269 300 0.957353
6269 night_stand 202 161 330 295 0.970329
6270 night_stand 176 167 333 319 0.893449
6270 bed 146 18 728 528 0.967345
6271 dresser 0 83 122 221 0.538747
6271 bed 589 198 730 528 0.56504
6271 night_stand 462 230 629 400 0.794816
6271 bed 1 40 490 530 0.944678
6272 night_stand 39 213 187 389 0.741281
6272 bed 166 78 725 530 0.876043
6273 night_stand 179 156 248 179 0.824335
6273 sofa 536 203 730 528 0.851049
6273 bed 0 57 528 528 0.882617
6274 bed 0 0 416 443 0.943976
6275 bed 0 91 535 529 0.987141
6276 bed 245 128 682 530 0.949349
6277 sofa 0 141 209 529 0.643629
6277 bed 75 0 566 469 0.898534
6278 bed 64 1 443 520 0.368566
6278 night_stand 224 219 316 257 0.578436
6279 dresser 440 124 585 271 0.884792
6279 bed 165 97 612 528 0.935958
6279 night_stand 18 215 163 357 0.949215
6280 dresser 0 100 83 424 0.567641
6280 dresser 482 133 663 288 0.68633
6280 bed 102 70 724 527 0.939699
6281 bed 551 117 730 417 0.831082
6281 night_stand 439 198 559 245 0.905879
6281 bed 174 11 672 528 0.910339
6282 bed 572 160 730 528 0.872577
6282 night_stand 424 247 564 365 0.947138
6282 bed 0 70 466 520 0.951931
6283 night_stand 440 187 539 233 0.847137
6283 night_stand 0 173 159 300 0.865809
6283 bed 165 56 706 521 0.972668
6284 night_stand 123 132 249 185 0.429369
6284 night_stand 557 156 729 305 0.632465
6284 bed 1 19 530 528 0.917101
6285 dresser 639 207 730 337 0.502525
6285 dresser 0 155 199 528 0.62202
6285 bed 91 75 658 497 0.93269
6286 dresser 148 103 275 181 0.965816
6286 bed 63 27 598 530 0.970143
6287 dresser 501 83 695 234 0.371635
6287 night_stand 465 183 548 214 0.706798
6287 night_stand 96 193 214 351 0.840121
6287 bed 198 97 729 528 0.968634
6288 sofa 373 139 690 395 0.90702
6289 sofa 595 200 730 398 0.730181
6289 table 309 306 684 528 0.890427
6289 sofa 100 148 570 411 0.947355
6290 sofa 0 100 167 373 0.600502
6290 bed 237 143 573 530 0.605862
6291 sofa 169 112 603 278 0.465304
6292 sofa 161 112 618 362 0.980592
6293 night_stand 0 183 44 253 0.386746
6293 sofa 387 159 522 259 0.525531
6293 table 261 244 622 487 0.748588
6294 sofa 9 52 663 300 0.478088
6295 chair 272 0 398 115 0.458042
6295 sofa 0 210 176 529 0.77891
6295 sofa 33 109 730 440 0.909344
6296 sofa 90 133 700 401 0.941259
6297 sofa 0 224 730 527 0.948048
6298 table 0 158 98 353 0.424159
6298 sofa 64 80 730 386 0.819713
6299 table 542 209 729 363 0.398509
6299 sofa 0 107 545 528 0.834415
6300 chair 98 114 334 445 0.541977
6300 sofa 0 88 112 329 0.821947
6301 sofa 602 137 729 223 0.494703
6301 table 363 270 607 488 0.530513
6301 sofa 0 101 726 509 0.851919
6302 sofa 0 124 707 511 0.947547
6303 sofa 195 145 603 336 0.975509
6304 sofa 0 174 232 403 0.6636
6304 sofa 232 120 730 530 0.981472
6305 sofa 0 144 541 430 0.839207
6306 sofa 346 140 730 364 0.936916
6307 chair 479 153 585 330 0.400967
6307 chair 119 157 397 529 0.403711
6307 table 248 196 579 414 0.611642
6307 chair 228 184 394 428 0.645305
6307 chair 491 204 728 514 0.912275
6308 sofa 638 94 730 235 0.672379
6308 sofa 290 126 716 488 0.983809
6309 chair 576 126 687 323 0.420087
6309 table 624 162 730 327 0.653529
6309 sofa 0 118 491 530 0.859441
6310 table 126 136 517 522 0.753437
6310 chair 344 128 495 290 0.779609
6310 chair 135 102 353 457 0.836502
6310 chair 318 178 612 528 0.945847
6311 chair 223 123 326 197 0.511765
6311 chair 341 126 397 191 0.531619
6311 chair 441 119 514 158 0.536319
6311 table 171 187 723 456 0.687422
6311 chair 480 153 670 462 0.795335
6311 chair 604 140 729 455 0.868903
6311 chair 0 144 225 499 0.886203
6311 chair 277 148 532 530 0.950405
6312 table 187 264 634 530 0.610373
6312 chair 643 263 730 458 0.84284
6313 chair 61 95 106 127 0.552968
6313 chair 395 234 581 451 0.650506
6313 chair 110 92 164 144 0.690832
6313 table 84 191 509 439 0.816921
6313 chair 101 155 206 200 0.819697
6313 chair 352 151 424 206 0.824169
6313 chair 130 108 200 158 0.829832
6313 chair 411 185 489 230 0.850263
6313 chair 218 158 294 197 0.876809
6313 chair 0 183 271 518 0.894077
6313 chair 264 255 533 529 0.917031
6314 table 137 159 325 441 0.457437
6314 chair 443 171 728 477 0.903165
6314 chair 0 63 197 436 0.918655
6314 chair 266 152 516 499 0.940183
6315 chair 666 217 728 476 0.552661
6315 chair 454 235 710 521 0.798672
6315 table 18 193 603 530 0.803076
6316 dresser 0 58 240 494 0.39915
6317 sofa 0 118 386 530 0.741293
6318 chair 501 97 593 217 0.44471
6318 chair 349 110 499 298 0.641421
6318 chair 431 107 560 261 0.672757
6318 sofa 643 138 730 517 0.738219
6320 chair 350 153 579 434 0.42881
6320 chair 484 129 635 311 0.51138
6322 chair 665 95 729 449 0.613665
6322 chair 87 77 209 149 0.754926
6322 table 0 102 546 460 0.863778
6322 chair 0 193 271 528 0.885247
6322 chair 411 109 718 437 0.955315
6323 sofa 5 27 526 275 0.96607
6324 sofa 1 131 427 497 0.737364
6324 sofa 478 139 728 413 0.910322
6325 chair 466 143 618 371 0.483627
6325 chair 66 116 150 345 0.619473
6325 chair 0 175 76 528 0.87224
6325 table 242 155 691 518 0.933514
6325 chair 144 141 366 524 0.934408
6326 table 433 136 729 343 0.395957
6326 chair 517 135 723 364 0.415644
6326 chair 0 77 50 288 0.484572
6326 table 0 189 478 529 0.727875
6326 chair 0 216 270 530 0.814041
6326 chair 332 134 479 375 0.837474
6326 chair 409 136 728 527 0.94466
6327 chair 134 92 278 326 0.501469
6327 chair 0 103 139 320 0.602802
6327 chair 327 127 568 478 0.724347
6327 chair 0 249 352 530 0.829748
6327 table 0 152 450 513 0.91767
6328 table 187 156 622 519 0.443669
6328 chair 446 116 588 282 0.744633
6328 chair 96 95 380 528 0.95119
6328 chair 0 103 105 530 0.952287
6328 chair 377 146 727 530 0.979101
6329 chair 0 325 217 530 0.514532
6329 chair 293 88 407 164 0.775241
6329 chair 0 87 207 354 0.808589
6329 table 0 138 548 530 0.944864
6329 chair 363 125 657 495 0.946568
6330 chair 274 98 360 181 0.636101
6330 chair 574 172 730 433 0.671291
6330 chair 141 88 267 194 0.755069
6330 chair 539 115 635 182 0.792092
6330 table 86 165 621 526 0.85037
6330 chair 0 276 221 528 0.873886
6330 chair 300 180 641 528 0.888487
6331 table 588 211 730 371 0.763274
6331 bed 3 194 511 529 0.931958
6332 chair 665 212 729 381 0.369614
6332 table 417 434 728 529 0.371691
6332 chair 538 162 654 284 0.402327
6332 bed 0 159 705 529 0.895263
6333 bed 93 134 552 511 0.907984
6334 sofa 592 157 728 243 0.662352
6334 bed 0 122 553 528 0.872871
6335 bed 95 78 670 428 0.846931
6335 night_stand 75 202 152 304 0.874642
6336 bed 22 164 513 496 0.366098
6337 sofa 183 189 426 489 0.448795
6338 bed 541 20 730 524 0.612643
6339 bed 0 162 725 529 0.508639
6340 bed 61 168 730 530 0.875717
6341 chair 0 172 69 309 0.535116
6341 bed 63 169 651 529 0.590339
6342 bed 0 177 592 529 0.961433
6343 sofa 0 186 617 530 0.429064
6344 table 0 300 424 530 0.622104
6345 chair 510 256 709 528 0.574207
6345 bed 0 169 557 529 0.879259
6346 sofa 0 172 333 488 0.82622
6347 bed 4 163 572 525 0.793566
6348 bookshelf 419 0 728 300 0.845605
6348 sofa 148 181 635 530 0.912766
6349 chair 303 117 408 200 0.497168
6350 chair 233 129 389 362 0.910321
6351 table 461 176 728 510 0.436492
6351 chair 349 138 477 343 0.704955
6351 dresser 0 0 221 527 0.827271
6352 sofa 0 8 174 99 0.545159
6352 sofa 34 132 730 387 0.885282
6353 table 0 190 471 528 0.924801
6354 sofa 427 96 541 173 0.463699
6354 table 0 174 385 530 0.620557
6354 chair 50 195 381 528 0.915646
6355 bookshelf 0 3 86 521 0.411972
6356 sofa 155 138 721 530 0.976936
6357 sofa 0 133 556 523 0.79303
6358 sofa 149 51 314 124 0.750142
6359 sofa 0 136 161 526 0.506886
6359 sofa 210 138 448 262 0.528257
6359 sofa 600 154 729 390 0.664456
6360 sofa 0 0 514 118 0.717451
6360 sofa 0 138 725 530 0.965585
6361 sofa 286 70 658 262 0.598854
6361 sofa 106 187 599 529 0.890333
6362 sofa 615 175 730 306 0.378192
6362 sofa 0 135 224 341 0.623329
6363 sofa 139 162 520 506 0.400633
6363 night_stand 498 261 557 357 0.433175
6363 sofa 264 8 687 196 0.452141
6363 bed 528 218 729 528 0.710486
6365 table 0 0 231 217 0.457411
6365 sofa 33 159 524 522 0.59627
6366 sofa 0 0 603 430 0.403499
6367 sofa 0 198 658 528 0.669905
6367 sofa 0 0 491 323 0.702907
6368 sofa 0 153 502 524 0.825685
6369 sofa 95 184 542 529 0.598527
6369 sofa 290 123 636 348 0.811827
6371 bookshelf 612 38 730 355 0.548785
6372 bookshelf 581 6 730 361 0.529389
6372 sofa 131 221 639 439 0.945617
6373 bookshelf 0 2 105 287 0.601615
6373 sofa 278 206 616 525 0.80228
6374 sofa 74 159 567 499 0.876482
6375 table 295 259 439 356 0.819734
6375 sofa 0 170 730 526 0.92805
6376 sofa 0 145 70 392 0.511868
6377 sofa 0 176 590 530 0.423081
6378 sofa 0 191 553 527 0.932212
6379 sofa 48 136 455 345 0.609988
6380 table 490 230 729 481 0.605504
6380 sofa 289 143 629 318 0.848855
6381 sofa 1 189 520 529 0.967498
6382 table 0 403 155 530 0.636674
6383 chair 530 99 668 329 0.379421
6383 chair 103 99 187 205 0.465558
6383 chair 369 102 471 321 0.581531
6383 chair 235 101 348 244 0.603525
6383 table 0 260 239 496 0.763468
6383 chair 188 239 387 523 0.922042
6384 chair 451 187 572 428 0.641902
6384 table 0 174 430 509 0.693442
6384 chair 146 147 232 218 0.789345
6384 chair 299 188 498 498 0.866095
6384 chair 0 196 309 528 0.886075
6385 table 0 111 402 529 0.826004
6385 chair 311 148 586 530 0.901961
6386 table 204 200 535 524 0.476736
6386 chair 175 204 327 527 0.564493
6386 desk 202 201 535 522 0.649142
6387 chair 577 207 729 529 0.464863
6387 chair 355 175 549 458 0.866018
6387 chair 0 189 299 529 0.92334
6388 chair 585 146 730 363 0.401512
6389 sofa 31 138 728 482 0.87935
6390 sofa 37 191 363 477 0.36682
6390 sofa 0 102 100 235 0.791602
6390 sofa 378 170 630 306 0.895338
6391 chair 6 165 170 318 0.495407
6392 sofa 117 160 357 286 0.386576
6393 bookshelf 151 126 728 504 0.757862
6394 sofa 0 153 509 520 0.66519
6395 sofa 557 333 728 529 0.423784
6396 table 276 230 435 420 0.676579
6398 chair 448 165 594 293 0.834137
6398 chair 396 210 616 483 0.899074
6399 sofa 91 135 251 210 0.365932
6399 sofa 19 179 515 529 0.933468
6400 sofa 484 66 730 218 0.392939
6400 sofa 44 18 464 198 0.846812
6400 sofa 93 194 538 466 0.945737
6401 table 157 267 384 421 0.418148
6401 table 38 253 187 352 0.582874
6401 table 307 322 589 530 0.648185
6403 sofa 1 185 730 485 0.850376
6405 chair 653 124 728 276 0.555531
6405 chair 659 174 730 415 0.693482
6406 sofa 48 189 730 529 0.542208
6408 sofa 123 197 654 529 0.696393
6410 night_stand 377 184 461 229 0.802452
6410 bed 71 131 629 530 0.927499
6411 night_stand 468 181 578 323 0.91498
6411 bed 1 93 489 517 0.940865
6412 night_stand 473 219 597 388 0.369814
6412 dresser 652 4 729 290 0.54591
6412 night_stand 67 154 146 205 0.570771
6412 bed 0 5 503 529 0.844685
6413 dresser 571 1 730 409 0.772449
6413 bed 0 15 566 529 0.960395
6414 bed 4 4 642 449 0.555625
6415 sofa 3 130 690 518 0.633602
6416 bed 0 33 601 529 0.890156
6416 bed 574 33 729 289 0.892839
6417 dresser 0 174 34 418 0.366315
6417 bed 16 110 649 530 0.816825
6418 bed 5 160 399 511 0.370461
6419 bed 645 140 728 528 0.543446
6420 bed 0 0 713 525 0.645207
6420 night_stand 0 343 154 530 0.701911
6422 night_stand 146 136 219 159 0.407194
6422 bed 23 94 624 526 0.676423
6422 chair 0 181 53 368 0.682362
6423 bed 304 120 623 442 0.62502
6424 bed 89 115 727 530 0.621334
6425 bed 0 47 585 530 0.832983
6426 dresser 77 100 144 159 0.399456
6426 bed 70 85 686 530 0.848297
6427 bed 9 76 727 529 0.76987
6428 bed 2 50 633 530 0.962891
6429 bed 123 63 726 529 0.782719
6431 bed 39 58 698 499 0.49648
6431 bed 0 75 298 258 0.538293
6432 bed 25 87 534 528 0.943366
6433 bed 0 61 498 511 0.834024
6434 bed 0 120 664 530 0.950657
6435 bed 0 107 730 508 0.900213
6436 night_stand 438 148 595 194 0.402225
6436 dresser 346 63 493 168 0.894969
6436 bed 56 73 730 530 0.964249
6437 desk 179 214 556 439 0.511157
6437 chair 668 207 729 524 0.727601
6437 chair 283 207 479 529 0.78127
6438 bed 0 75 531 530 0.928454
6439 night_stand 456 145 515 174 0.635064
6439 bed 221 71 721 435 0.935404
6439 night_stand 128 178 245 311 0.957094
6440 night_stand 167 225 280 299 0.374506
6440 night_stand 119 261 178 309 0.437178
6440 night_stand 438 251 547 389 0.765548
6440 bed 0 151 447 530 0.97209
6441 dresser 453 166 587 259 0.47148
6441 night_stand 0 329 99 528 0.628678
6441 bed 10 143 721 530 0.905803
6443 night_stand 398 206 500 356 0.870342
6443 bed 0 98 414 530 0.944084
6444 bookshelf 52 0 614 469 0.905101
6446 bed 284 225 729 528 0.403948
6447 bed 299 189 727 456 0.49632
6448 bed 71 112 570 460 0.634893
6448 sofa 74 116 568 461 0.804366
6450 sofa 435 41 600 167 0.841179
6450 bed 0 67 502 530 0.877974
6451 bed 0 0 428 527 0.942229
6452 bed 0 190 188 526 0.647809
6452 dresser 239 192 512 529 0.690588
6453 bed 100 78 718 530 0.929337
6453 night_stand 1 229 162 409 0.962454
6454 night_stand 144 169 223 221 0.788246
6454 bed 0 126 523 530 0.979341
6455 chair 70 245 250 461 0.529513
6456 table 0 132 368 523 0.650866
6456 chair 528 126 674 401 0.855449
6456 chair 227 199 479 527 0.925747
6457 bed 107 130 600 530 0.621806
6458 bed 13 0 599 529 0.587213
6459 bed 143 78 727 530 0.860378
6460 sofa 0 217 514 466 0.758864
6461 bed 588 10 729 524 0.779391
6461 chair 278 206 400 386 0.804609
6462 bed 92 182 538 478 0.555803
6463 bed 2 128 693 527 0.521918
6464 bed 0 123 661 530 0.926132
6466 bed 144 140 625 480 0.37234
6466 desk 386 351 729 529 0.535944
6468 desk 18 102 542 528 0.476255
6470 bed 218 176 534 528 0.385235
6471 chair 235 279 338 434 0.903095
6471 chair 106 291 226 453 0.917038
6472 bed 92 146 578 530 0.779584
6473 bed 0 191 386 504 0.536446
6477 table 253 154 666 486 0.496652
6477 desk 244 157 534 488 0.526836
6477 table 643 138 730 280 0.543083
6477 chair 568 174 683 398 0.57076
6477 chair 135 129 252 287 0.884653
6477 chair 237 188 336 412 0.885434
6478 chair 136 164 249 348 0.362032
6478 chair 669 142 729 359 0.815199
6478 chair 0 191 142 429 0.894063
6478 chair 375 198 654 528 0.937365
6478 table 2 180 557 516 0.938546
6479 chair 670 42 729 227 0.398058
6479 desk 27 170 395 487 0.774172
6479 table 318 155 492 359 0.855902
6479 chair 246 210 388 441 0.899499
6480 chair 333 142 482 410 0.739453
6480 table 487 164 723 309 0.854138
6481 table 0 323 125 527 0.506987
6481 table 107 201 404 477 0.74301
6481 chair 289 161 415 413 0.916849
6481 chair 345 304 662 528 0.948083
6482 chair 523 117 592 205 0.434378
6482 chair 558 131 626 204 0.631855
6482 table 328 194 730 529 0.735313
6482 chair 225 181 365 510 0.922724
6483 table 140 177 490 435 0.716896
6483 chair 273 145 341 301 0.741118
6483 chair 64 204 233 429 0.769824
6483 chair 331 215 495 511 0.845261
6485 chair 384 133 490 348 0.791318
6486 chair 0 134 187 486 0.523178
6488 chair 362 193 463 480 0.777183
6488 table 22 171 466 527 0.944246
6488 chair 168 213 367 528 0.945812
6490 chair 599 214 701 406 0.622512
6490 chair 460 218 626 526 0.738558
6490 chair 202 239 451 530 0.908759
6491 chair 0 191 40 323 0.388766
6491 chair 48 191 141 323 0.392153
6491 desk 133 199 520 456 0.462837
6491 chair 308 210 523 529 0.940302
6492 chair 8 202 179 486 0.923817
6495 chair 0 134 60 340 0.664205
6495 chair 143 225 286 488 0.687612
6495 table 0 175 446 465 0.72079
6495 chair 305 147 411 307 0.859633
6495 chair 316 172 488 440 0.939108
6496 chair 326 179 387 234 0.481182
6496 chair 414 211 556 414 0.563497
6496 chair 673 207 730 420 0.634843
6496 chair 424 201 472 245 0.746705
6496 chair 251 217 367 398 0.770008
6496 chair 401 285 569 529 0.929399
6496 chair 135 241 324 528 0.957697
6496 table 270 234 568 520 0.969318
6497 chair 0 189 92 408 0.683017
6497 table 151 191 641 517 0.796699
6497 chair 468 149 654 423 0.867321
6497 chair 75 173 313 525 0.929132
6498 chair 555 198 653 442 0.478058
6498 chair 1 203 165 528 0.625581
6498 chair 618 183 705 369 0.691285
6498 chair 230 247 454 529 0.705298
6498 table 61 239 659 530 0.768352
6498 chair 235 188 327 255 0.847211
6498 chair 422 211 595 527 0.860609
6499 table 299 184 464 239 0.364594
6499 table 72 224 602 530 0.626733
6499 chair 220 224 562 530 0.77638
6499 chair 244 174 346 257 0.839491
6500 chair 284 200 353 231 0.476034
6500 chair 204 215 314 435 0.638259
6500 table 122 181 287 267 0.638745
6500 chair 360 184 419 208 0.68991
6500 chair 48 194 140 330 0.713189
6500 table 114 203 562 528 0.84937
6501 chair 667 212 729 506 0.377653
6501 chair 419 243 507 447 0.435458
6501 table 272 277 729 530 0.451788
6501 chair 206 230 268 380 0.494004
6501 table 0 220 115 372 0.834811
6501 night_stand 584 254 680 303 0.917951
6501 chair 254 297 492 530 0.930045
6501 table 19 251 267 490 0.958745
6502 table 482 164 708 302 0.404448
6502 chair 377 191 566 527 0.788567
6502 table 32 259 393 530 0.804076
6502 table 588 212 730 494 0.873599
6503 chair 345 195 420 389 0.640712
6503 chair 23 213 192 472 0.66199
6503 chair 548 167 685 352 0.738283
6503 chair 372 191 567 494 0.813245
6503 table 122 222 563 530 0.821483
6503 chair 79 295 293 529 0.941793
6504 chair 586 16 684 94 0.40448
6504 chair 693 125 729 313 0.540656
6504 chair 545 138 621 285 0.615047
6504 chair 16 235 162 443 0.784629
6504 chair 477 142 546 273 0.820363
6504 chair 310 165 395 243 0.837642
6504 chair 402 160 468 243 0.856044
6504 table 149 239 515 530 0.93311
6504 chair 409 280 611 529 0.953988
6505 chair 265 77 382 177 0.616568
6505 chair 137 205 245 397 0.669609
6505 chair 366 58 488 176 0.710628
6505 chair 219 215 338 415 0.922262
6505 chair 536 233 681 490 0.944652
6505 chair 399 228 544 478 0.954813
6506 chair 497 212 619 396 0.384839
6506 table 149 215 617 521 0.667526
6506 chair 0 218 75 362 0.703482
6506 chair 69 278 245 526 0.853325
6506 chair 388 266 575 518 0.913717
6507 chair 477 84 575 215 0.381789
6507 chair 682 155 729 273 0.554087
6507 table 127 206 607 530 0.954978
6509 chair 150 144 394 529 0.396724
6509 table 0 157 299 529 0.725033
6509 table 584 135 730 528 0.760301
6510 chair 596 201 728 487 0.53323
6510 table 245 177 524 521 0.684832
6510 chair 393 179 611 496 0.770887
6510 chair 105 191 355 528 0.874753
6511 table 158 184 250 287 0.409158
6511 chair 404 63 547 317 0.744436
6511 chair 459 9 683 412 0.864882
6512 table 0 265 66 372 0.43997
6512 chair 146 201 265 353 0.654286
6512 chair 263 194 389 421 0.838203
6512 chair 320 175 530 493 0.912698
6512 chair 428 151 729 530 0.959859
6513 table 32 176 100 267 0.370722
6513 table 55 158 139 224 0.550101
6513 chair 576 236 729 417 0.675604
6513 chair 129 331 272 511 0.841603
6513 chair 403 220 582 528 0.8482
6514 chair 4 203 96 303 0.385269
6514 chair 296 190 341 248 0.41959
6514 chair 641 177 717 319 0.436296
6514 chair 0 253 73 412 0.479846
6514 chair 557 186 652 341 0.532103
6514 chair 339 202 394 249 0.573761
6514 chair 215 219 298 396 0.606755
6514 chair 366 210 434 246 0.668044
6514 chair 487 179 560 287 0.691677
6514 chair 273 265 431 509 0.790022
6514 chair 664 220 729 463 0.844463
6514 table 197 231 509 475 0.878456
6514 chair 401 249 539 490 0.88104
6514 table 559 191 730 394 0.926613
6517 table 345 194 728 529 0.821634
6518 table 0 81 341 481 0.380697
6518 chair 280 170 422 463 0.913088
6519 chair 209 126 259 140 0.390069
6519 chair 611 136 669 148 0.393445
6519 chair 347 134 388 146 0.411508
6519 chair 276 132 320 145 0.424156
6519 table 0 273 726 528 0.437528
6519 chair 679 135 729 149 0.443256
6519 chair 410 135 454 147 0.447938
6519 chair 545 136 597 148 0.452857
6519 chair 579 183 658 205 0.502591
6519 table 41 177 730 314 0.506958
6519 chair 477 135 526 147 0.536002
6519 chair 399 256 524 311 0.546665
6519 chair 145 173 223 195 0.581666
6519 chair 278 251 398 306 0.596485
6519 chair 228 175 306 195 0.603686
6519 chair 317 179 390 199 0.622
6519 chair 667 184 726 207 0.6249
6519 chair 648 263 730 319 0.627514
6519 chair 162 247 280 302 0.63096
6519 chair 524 258 650 316 0.640664
6519 chair 405 179 478 202 0.651457
6519 chair 493 181 572 204 0.671074
6519 chair 71 242 162 297 0.704159
6520 chair 531 134 558 147 0.38018
6520 chair 571 175 603 195 0.38158
6520 table 2 139 630 347 0.388573
6520 chair 627 174 662 203 0.41361
6520 table 0 151 477 265 0.446521
6520 chair 257 99 304 112 0.468827
6520 chair 526 181 562 216 0.47369
6520 chair 237 217 339 275 0.516772
6520 chair 318 142 380 159 0.523164
6520 chair 474 192 541 229 0.52587
6520 chair 410 199 487 240 0.532695
6520 chair 541 189 588 219 0.550074
6520 chair 382 140 436 156 0.566297
6520 chair 167 147 228 170 0.583683
6520 chair 0 155 47 183 0.64752
6520 chair 249 143 317 164 0.651457
6520 chair 333 204 394 256 0.665998
6520 chair 0 247 112 328 0.688519
6520 chair 67 151 159 176 0.691573
6520 chair 112 230 239 299 0.754285
6520 table 0 164 720 529 0.807113
6521 chair 416 143 496 164 0.363355
6521 chair 346 134 386 150 0.38022
6521 chair 359 133 414 151 0.428684
6521 chair 268 199 337 277 0.641632
6521 desk 232 134 567 403 0.703141
6521 chair 333 236 473 480 0.835396
6521 chair 179 180 237 241 0.854174
6521 desk 48 216 372 528 0.95981
6522 chair 110 231 223 414 0.461121
6522 chair 594 175 728 364 0.540386
6522 desk 0 124 284 392 0.904236
6522 chair 398 323 603 529 0.912248
6522 desk 129 99 568 526 0.92066
6523 chair 387 7 426 21 0.379745
6523 chair 565 17 638 36 0.496991
6523 chair 0 179 83 358 0.582427
6523 chair 430 9 482 25 0.598498
6523 chair 0 148 28 326 0.600477
6523 chair 491 12 554 28 0.650538
6523 chair 185 74 245 137 0.651081
6523 chair 280 31 326 53 0.677145
6523 chair 217 87 315 162 0.711067
6523 table 264 46 622 341 0.727778
6523 chair 329 34 383 61 0.751508
6523 chair 114 62 186 116 0.768697
6523 chair 468 53 552 85 0.781528
6523 chair 391 43 459 73 0.80862
6523 chair 34 222 152 426 0.81576
6523 chair 376 129 537 377 0.842065
6523 chair 61 284 267 528 0.934033
6523 desk 0 78 442 524 0.954097
6524 chair 499 98 545 149 0.403061
6524 chair 383 59 423 84 0.467878
6524 chair 0 80 66 285 0.47894
6524 chair 605 195 685 367 0.497639
6524 chair 0 84 59 122 0.51411
6524 chair 556 223 672 397 0.529737
6524 chair 235 31 282 49 0.576675
6524 chair 0 31 76 50 0.603927
6524 chair 89 30 160 50 0.616584
6524 chair 216 146 346 244 0.618609
6524 chair 170 31 226 50 0.639819
6524 chair 329 62 378 88 0.693947
6524 chair 456 106 511 166 0.716166
6524 chair 263 67 323 96 0.718145
6524 chair 396 116 463 186 0.740554
6524 chair 322 128 403 212 0.748864
6524 chair 77 76 175 113 0.76743
6524 desk 166 81 723 526 0.776724
6524 chair 183 71 257 102 0.791799
6524 chair 480 275 618 479 0.79208
6524 chair 353 341 542 528 0.931587
6524 chair 51 170 238 437 0.936892
6525 desk 21 121 508 307 0.423686
6525 chair 172 107 258 130 0.541409
6525 chair 271 108 365 130 0.618639
6525 chair 390 106 482 130 0.667265
6525 chair 0 217 91 302 0.798145
6525 desk 0 293 527 529 0.819777
6525 chair 112 215 283 314 0.910607
6525 chair 311 221 498 331 0.935054
6526 chair 329 80 377 148 0.492295
6526 desk 0 13 386 526 0.595107
6526 chair 310 99 372 190 0.661369
6526 chair 184 208 321 379 0.724603
6526 chair 243 158 351 338 0.737961
6526 desk 239 25 592 529 0.761445
6526 chair 282 123 366 249 0.779027
6526 chair 45 289 289 528 0.846543
6527 table 274 120 439 298 0.363776
6527 chair 413 114 510 248 0.797139
6527 table 398 242 730 529 0.91029
6529 bathtub 0 287 327 417 0.891299
6530 table 0 219 411 530 0.394003
6530 desk 208 126 380 168 0.417531
6530 chair 391 137 457 182 0.451426
6530 table 347 141 574 280 0.455912
6530 chair 114 143 197 222 0.477786
6530 table 0 190 91 450 0.530903
6530 table 221 167 528 380 0.532743
6530 desk 0 216 411 530 0.566218
6530 chair 0 193 85 369 0.581176
6530 desk 222 167 527 375 0.598711
6530 desk 67 144 271 229 0.619798
6530 chair 165 148 263 232 0.651635
6530 chair 41 220 226 473 0.657442
6530 chair 463 147 548 269 0.730962
6530 chair 275 162 374 256 0.812738
6530 chair 365 165 489 353 0.827995
6530 chair 171 247 375 524 0.947861
6531 desk 70 94 219 243 0.456101
6531 desk 216 225 594 526 0.49197
6531 chair 301 119 402 226 0.512751
6531 table 220 222 590 524 0.551194
6531 desk 273 117 546 228 0.637661
6531 chair 383 114 483 223 0.705461
6531 chair 139 135 277 321 0.74332
6531 desk 111 137 318 359 0.802893
6531 chair 568 170 730 404 0.861762
6531 table 435 170 728 513 0.881071
6531 chair 263 226 485 525 0.958733
6532 chair 193 71 263 93 0.403569
6532 desk 180 50 465 259 0.41227
6532 desk 8 20 281 100 0.576769
6532 desk 483 93 728 259 0.739985
6532 chair 541 98 581 133 0.753783
6532 chair 375 111 480 252 0.84487
6532 chair 40 111 200 350 0.848144
6532 desk 8 104 291 395 0.914882
6532 chair 194 151 394 466 0.966149
6532 desk 348 194 717 529 0.977178
6533 desk 358 35 590 90 0.372276
6533 desk 556 63 728 239 0.397751
6533 chair 107 269 188 437 0.440802
6533 chair 307 97 425 215 0.463931
6533 chair 569 87 674 238 0.623414
6533 chair 440 138 576 351 0.642996
6533 desk 0 77 293 427 0.791442
6533 desk 112 174 493 494 0.932672
6533 chair 109 272 392 527 0.950602
6533 desk 426 98 658 348 0.955653
6534 table 0 103 261 262 0.452935
6534 chair 0 177 120 463 0.501767
6534 desk 0 103 263 265 0.505139
6534 desk 53 193 452 515 0.862894
6534 chair 50 294 360 528 0.920175
6535 chair 322 117 422 177 0.450425
6535 chair 0 123 31 206 0.477662
6535 chair 387 123 496 199 0.490582
6535 chair 468 113 551 174 0.506063
6535 chair 553 125 634 230 0.566307
6535 chair 2 146 124 277 0.699394
6535 chair 107 182 289 349 0.713202
6535 chair 68 162 195 334 0.719119
6535 chair 313 152 420 233 0.740915
6535 chair 370 173 546 364 0.824422
6535 chair 519 141 591 271 0.825914
6535 chair 0 260 165 529 0.928615
6535 chair 261 210 431 468 0.941181
6536 chair 624 108 728 179 0.378459
6536 chair 57 60 125 111 0.552023
6536 chair 225 115 364 280 0.554188
6536 chair 326 152 570 374 0.648988
6536 chair 395 99 479 196 0.650405
6536 chair 444 143 593 310 0.65935
6536 chair 308 112 399 223 0.681627
6536 chair 515 124 643 258 0.691919
6536 chair 591 119 715 246 0.718604
6536 chair 449 91 534 145 0.720337
6536 chair 194 83 272 191 0.728126
6536 chair 675 201 730 396 0.742245
6536 chair 56 132 198 334 0.761149
6536 chair 0 91 88 239 0.804521
6536 chair 99 84 214 195 0.80751
6536 chair 593 254 729 482 0.935417
6536 chair 139 192 351 481 0.942937
6536 chair 455 334 710 528 0.957329
6537 chair 76 77 178 159 0.397165
6537 chair 0 89 56 160 0.401838
6537 chair 0 157 92 400 0.411795
6537 chair 0 237 70 509 0.508457
6537 chair 141 68 240 156 0.665758
6537 chair 289 81 403 208 0.780992
6537 chair 230 97 345 248 0.82667
6537 chair 126 116 283 307 0.904167
6537 chair 0 147 200 394 0.93266
6538 chair 575 135 669 228 0.439984
6538 chair 614 158 728 283 0.448595
6538 chair 458 226 621 356 0.524678
6538 chair 432 113 513 171 0.554275
6538 chair 435 129 534 218 0.67581
6538 chair 54 188 202 400 0.681795
6538 chair 443 157 567 294 0.737258
6538 table 12 152 292 463 0.924529
6538 chair 501 245 729 509 0.95145
6539 chair 660 145 730 273 0.370523
6539 chair 0 173 73 321 0.372107
6539 chair 130 135 221 243 0.379889
6539 chair 175 109 284 183 0.40046
6539 chair 0 285 64 527 0.41464
6539 chair 228 109 287 155 0.434344
6539 chair 571 114 652 210 0.453279
6539 chair 196 140 321 228 0.457906
6539 chair 256 140 363 230 0.46163
6539 chair 169 180 317 334 0.463324
6539 chair 668 159 729 382 0.626639
6539 chair 307 149 435 309 0.829823
6539 chair 32 178 253 356 0.877927
6539 chair 235 194 389 418 0.885085
6539 chair 1 324 297 528 0.961206
6540 chair 146 83 227 188 0.413295
6540 chair 486 97 566 147 0.413296
6540 chair 426 100 501 162 0.418078
6540 chair 64 84 155 200 0.42933
6540 chair 340 103 425 179 0.525412
6540 chair 669 213 728 442 0.542614
6540 chair 163 113 255 247 0.56483
6540 chair 593 127 696 248 0.628235
6540 chair 322 156 472 315 0.767636
6540 chair 644 122 728 213 0.770265
6540 chair 0 88 66 209 0.771145
6540 chair 526 135 641 238 0.776712
6540 chair 261 105 344 179 0.798006
6540 chair 440 145 564 286 0.814035
6540 chair 180 165 345 387 0.844185
6540 chair 546 229 729 471 0.940258
6540 chair 331 289 618 528 0.957446
6541 chair 506 344 729 528 0.481358
6541 chair 421 492 628 530 0.48336
6541 table 320 175 673 369 0.765787
6541 chair 372 239 508 353 0.934084
6542 desk 325 168 574 442 0.50261
6542 desk 0 141 63 332 0.541815
6542 table 500 148 730 398 0.629656
6542 chair 382 143 415 164 0.666838
6542 desk 192 171 409 459 0.729895
6542 chair 557 164 663 312 0.801408
6542 chair 407 206 564 418 0.825191
6542 chair 165 236 345 480 0.924153
6543 desk 168 100 364 152 0.409001
6543 table 355 91 608 216 0.425792
6543 chair 122 134 233 271 0.43365
6543 chair 221 99 278 147 0.468288
6543 chair 0 231 122 525 0.492473
6543 chair 370 119 446 178 0.550033
6543 chair 5 272 319 530 0.674534
6543 chair 451 133 542 270 0.692037
6543 chair 198 151 340 297 0.760983
6543 desk 0 206 341 530 0.780496
6543 chair 48 124 152 249 0.806229
6543 desk 147 155 508 430 0.806415
6543 table 323 119 574 279 0.827835
6543 chair 316 174 458 383 0.865433
6543 desk 1 123 234 285 0.88718
6544 desk 141 78 269 105 0.37847
6544 chair 149 70 199 83 0.448758
6544 chair 284 135 393 263 0.466173
6544 chair 435 215 608 473 0.56089
6544 desk 28 80 149 189 0.575522
6544 desk 46 109 202 203 0.576504
6544 chair 391 129 492 248 0.603569
6544 chair 563 192 684 428 0.675583
6544 chair 107 152 256 362 0.694076
6544 desk 404 192 729 526 0.698902
6544 desk 251 134 543 269 0.761294
6544 desk 77 157 298 400 0.877498
6544 desk 157 265 579 530 0.923986
6544 chair 209 266 455 528 0.940674
6545 chair 66 77 118 91 0.372741
6545 desk 63 99 320 178 0.442785
6545 chair 271 145 378 324 0.472357
6545 desk 575 148 730 263 0.546751
6545 chair 349 119 457 244 0.609902
6545 desk 75 184 377 509 0.637453
6545 chair 589 151 617 191 0.771613
6545 desk 0 140 132 369 0.826265
6545 chair 556 190 601 266 0.828456
6545 chair 26 172 184 410 0.870533
6545 desk 518 266 730 528 0.946092
6545 chair 334 243 556 528 0.948156
6546 chair 575 160 701 296 0.499786
6546 table 494 135 730 364 0.569411
6546 table 362 122 472 258 0.629819
6546 chair 159 286 263 397 0.746468
6546 chair 125 198 263 397 0.764828
6546 chair 611 172 730 357 0.837901
6546 chair 430 189 583 360 0.838468
6546 table 385 155 583 369 0.851748
6546 table 114 163 314 452 0.864816
6547 desk 126 140 443 410 0.572668
6547 chair 0 226 129 528 0.872625
6547 chair 353 265 574 514 0.937156
6548 chair 427 241 592 525 0.433598
6548 chair 198 196 375 434 0.955882
6549 table 447 171 729 343 0.498782
6549 chair 0 155 196 366 0.942967
6549 chair 184 219 407 492 0.967037
6550 desk 478 102 728 371 0.539581
6550 desk 20 92 316 177 0.549068
6550 chair 508 287 728 527 0.634663
6550 chair 35 133 263 374 0.951851
6551 desk 0 153 336 421 0.686484
6551 chair 8 337 297 528 0.913232
6551 chair 593 155 729 374 0.945781
6551 chair 400 221 617 454 0.966255
6552 chair 245 162 405 410 0.423593
6552 chair 225 79 333 296 0.467614
6552 chair 356 350 516 527 0.51479
6552 desk 255 82 729 525 0.772798
6552 chair 0 87 47 220 0.863504
6552 chair 564 374 728 526 0.926927
6553 chair 340 242 449 461 0.430512
6553 table 7 78 730 482 0.446801
6553 chair 496 331 681 526 0.78247
6553 chair 36 109 204 324 0.946623
6554 table 0 88 728 393 0.498413
6554 chair 97 247 252 509 0.841829
6554 chair 380 128 551 368 0.94996
6555 table 0 147 726 478 0.773854
6555 chair 595 165 728 354 0.849513
6556 desk 71 88 728 519 0.376834
6556 chair 646 315 730 527 0.729026
6556 chair 46 84 134 195 0.735981
6556 chair 490 312 656 520 0.834002
6557 table 151 82 730 523 0.363304
6557 chair 23 288 210 523 0.702551
6557 chair 134 115 270 338 0.866744
6558 chair 1 244 77 429 0.715187
6558 chair 213 172 333 329 0.956121
6559 table 0 147 254 430 0.533844
6559 chair 482 143 602 323 0.5546
6559 chair 216 172 329 415 0.55996
6559 chair 0 231 90 523 0.777565
6559 chair 651 76 729 221 0.794417
6560 table 1 105 654 509 0.829847
6560 chair 109 275 258 501 0.847553
6560 chair 341 183 541 485 0.965272
6561 chair 512 208 616 359 0.704001
6561 chair 446 155 515 263 0.778444
6561 chair 0 220 86 516 0.914138
6561 chair 408 208 519 367 0.926118
6562 chair 0 168 92 313 0.374155
6562 chair 0 271 107 528 0.801905
6563 desk 37 209 540 530 0.92943
6564 desk 132 209 730 527 0.897153
6565 desk 450 306 730 529 0.399498
6565 table 172 148 389 310 0.418661
6565 table 449 309 730 528 0.532004
6565 table 366 131 472 237 0.638374
6565 chair 75 125 110 197 0.715879
6565 chair 0 226 63 510 0.797551
6565 table 0 176 225 484 0.82538
6565 chair 133 143 227 376 0.867815
6566 desk 23 92 515 420 0.48598
6566 chair 640 63 690 138 0.716145
6566 table 331 112 729 528 0.736382
6566 chair 479 150 594 256 0.775838
6566 chair 586 82 656 182 0.882901
6566 chair 283 194 476 529 0.9237
6567 desk 1 128 330 530 0.836754
6567 chair 224 96 307 176 0.917924
6567 chair 217 148 374 409 0.945986
6567 table 355 114 689 390 0.94611
6568 chair 615 83 722 269 0.570045
6568 table 123 149 494 529 0.624027
6568 desk 110 146 496 530 0.69192
6568 chair 562 278 730 528 0.721481
6568 chair 436 155 615 459 0.924901
6568 chair 0 137 198 453 0.962522
6569 desk 0 129 489 377 0.720928
6569 chair 0 189 83 529 0.883898
6569 chair 290 123 454 381 0.921386
6569 chair 576 214 729 527 0.935646
6569 chair 39 134 253 393 0.946071
6569 chair 349 348 615 529 0.962662
6570 desk 340 78 729 522 0.623913
6570 chair 80 67 331 298 0.912779
6570 chair 60 179 370 527 0.938585
6570 chair 211 17 364 232 0.944827
6570 chair 326 386 717 529 0.953591
6571 desk 53 179 578 483 0.678657
6571 chair 0 184 78 388 0.713244
6571 chair 62 214 250 459 0.920123
6571 chair 185 168 410 512 0.965844
6572 desk 492 185 728 453 0.458585
6572 desk 95 159 235 295 0.505963
6572 table 0 245 157 526 0.572566
6572 chair 331 181 407 308 0.891902
6573 desk 0 175 445 382 0.381566
6574 table 531 119 730 521 0.376201
6574 table 0 69 383 528 0.726765
6574 chair 393 63 428 204 0.757491
6574 chair 252 158 402 399 0.799352
6574 chair 81 300 370 529 0.933829
6575 chair 0 86 190 203 0.434294
6575 desk 156 99 505 337 0.61624
6575 desk 0 131 258 530 0.790793
6575 chair 449 29 559 281 0.9366
6575 chair 201 107 391 412 0.952094
6575 chair 406 243 696 526 0.96571
6576 chair 264 119 317 332 0.501501
6576 chair 676 152 730 442 0.713975
6576 desk 294 126 719 529 0.895737
6576 chair 63 183 315 528 0.940245
6577 desk 177 215 728 503 0.41279
6577 chair 0 102 34 220 0.512102
6577 chair 364 235 563 488 0.876547
6577 chair 584 302 730 525 0.915474
6577 chair 155 251 403 528 0.969596
6578 chair 571 159 669 292 0.367826
6578 chair 524 161 635 310 0.774105
6578 desk 8 174 482 530 0.885326
6578 chair 345 237 550 524 0.900248
6578 chair 233 369 504 529 0.961569
6579 chair 0 212 142 464 0.814894
6579 chair 196 95 345 300 0.867552
6579 chair 428 111 572 325 0.955615
6579 table 121 124 432 405 0.970072
6580 bed 1 84 494 415 0.854198
6581 chair 409 186 489 323 0.681782
6581 chair 298 175 403 341 0.822114
6581 table 186 206 521 439 0.916352
6582 chair 108 131 209 302 0.714373
6582 chair 202 123 307 290 0.820591
6582 table 43 150 402 369 0.935883
6584 table 462 156 590 259 0.478714
6585 chair 306 73 387 201 0.703297
6587 table 231 236 404 326 0.504735
6588 bathtub 0 131 312 476 0.517011
6589 chair 273 161 336 222 0.447414
6589 chair 271 163 338 328 0.82264
6589 chair 177 174 266 378 0.921541
6589 table 201 175 515 453 0.959863
6590 chair 140 120 302 366 0.91288
6590 chair 252 109 402 314 0.924335
6590 table 336 163 621 424 0.954261
6591 chair 0 172 187 289 0.423064
6591 chair 418 138 601 318 0.508642
6591 chair 262 153 504 295 0.562357
6591 chair 559 135 713 296 0.795226
6591 table 2 269 424 530 0.94729
6592 chair 184 73 323 234 0.710676
6592 chair 241 42 301 111 0.78698
6592 chair 128 44 214 159 0.796216
6592 chair 327 72 495 306 0.797881
6592 chair 524 40 677 312 0.835003
6592 chair 21 59 132 241 0.88382
6592 chair 53 83 195 312 0.916238
6592 chair 194 107 382 399 0.944566
6592 chair 369 130 627 447 0.965768
6593 chair 268 11 336 41 0.597371
6593 chair 362 38 461 168 0.766075
6593 chair 222 41 383 324 0.936989
6593 chair 371 73 550 365 0.949556
6593 chair 0 80 206 482 0.952363
6594 desk 0 164 453 530 0.576943
6594 chair 449 129 527 283 0.624619
6595 chair 262 66 338 180 0.431775
6595 desk 451 239 730 530 0.5178
6595 chair 312 111 408 297 0.606294
6595 desk 337 75 646 409 0.696166
6595 desk 0 116 245 530 0.746779
6595 chair 219 85 327 224 0.884993
6595 chair 396 311 620 528 0.91788
6595 chair 331 162 465 425 0.929567
6596 desk 5 49 178 523 0.805339
6596 chair 190 76 341 319 0.946747
6596 chair 54 196 376 528 0.960402
6596 desk 300 105 729 530 0.961967
6597 desk 84 54 513 301 0.718772
6597 chair 434 201 728 528 0.912409
6597 desk 199 92 729 528 0.916539
6598 desk 0 140 185 528 0.644291
6598 chair 0 78 62 199 0.843937
6598 desk 42 6 663 462 0.933431
6598 chair 34 141 300 527 0.95422
6599 desk 0 9 231 220 0.57041
6599 chair 399 37 513 194 0.691102
6599 desk 152 36 471 359 0.943246
6599 chair 334 84 492 291 0.94603
6599 chair 52 108 301 489 0.950068
6600 chair 286 202 515 491 0.831414
6600 desk 13 102 589 394 0.904254
6601 chair 518 231 729 482 0.786814
6601 desk 144 180 723 523 0.8828
6601 chair 316 307 615 527 0.918064
6602 chair 409 122 504 291 0.672681
6602 chair 539 150 659 357 0.732729
6602 chair 286 121 360 264 0.804459
6602 chair 162 116 289 274 0.813525
6602 table 340 146 583 360 0.881801
6602 table 141 135 353 328 0.9132
6602 chair 0 168 127 364 0.927897
6603 table 428 1 577 129 0.741003
6603 chair 376 17 474 177 0.744636
6604 chair 620 0 729 191 0.606225
6604 chair 191 12 292 131 0.824111
6604 chair 208 44 338 283 0.928387
6604 chair 275 93 476 403 0.944688
6605 chair 377 20 463 219 0.425664
6605 chair 165 2 270 131 0.714079
6605 chair 59 1 210 177 0.728617
6605 chair 0 30 120 242 0.845562
6605 chair 276 56 515 440 0.885956
6606 sofa 268 128 422 255 0.70823
6606 sofa 505 104 677 226 0.765859
6606 table 431 226 729 525 0.788
6607 sofa 435 126 726 292 0.900136
6608 sofa 0 59 431 422 0.713746
6608 sofa 355 106 689 315 0.946926
6609 desk 494 215 728 526 0.554437
6609 sofa 63 24 300 255 0.619757
6609 sofa 393 66 647 213 0.934464
6610 chair 547 140 612 255 0.537626
6610 chair 0 182 115 372 0.651409
6610 chair 692 153 730 300 0.678236
6610 table 23 180 194 372 0.711922
6610 chair 172 177 292 372 0.850651
6610 chair 550 174 671 327 0.911001
6611 table 526 181 720 368 0.476292
6611 chair 217 84 301 200 0.487659
6611 chair 526 169 721 348 0.707709
6611 chair 512 284 728 528 0.926883
6611 chair 340 148 491 381 0.927798
6612 sofa 410 165 612 326 0.727924
6613 sofa 158 110 403 300 0.39725
6614 chair 262 79 321 109 0.374559
6614 chair 471 153 543 242 0.402813
6614 chair 327 76 378 114 0.423072
6614 chair 181 109 258 144 0.424525
6614 chair 199 82 258 111 0.425996
6614 chair 150 215 295 423 0.42844
6614 chair 146 128 253 224 0.497975
6614 chair 389 74 438 111 0.498041
6614 chair 261 105 329 122 0.506405
6614 chair 650 137 720 165 0.528818
6614 chair 412 97 471 131 0.539241
6614 chair 481 94 548 127 0.541721
6614 chair 630 100 712 157 0.633157
6614 chair 263 121 349 173 0.635399
6614 chair 343 101 403 143 0.653336
6614 chair 454 110 534 174 0.715587
6614 chair 545 106 622 164 0.763214
6614 chair 524 174 724 370 0.799127
6614 chair 365 160 449 268 0.818302
6614 chair 647 166 730 358 0.874429
6614 table 66 222 365 509 0.941825
6615 chair 328 42 393 88 0.438808
6615 chair 241 39 314 160 0.614086
6615 chair 377 76 457 125 0.704166
6615 chair 300 106 479 324 0.775174
6615 chair 271 76 361 221 0.856288
6615 chair 612 231 730 525 0.907814
6615 chair 439 106 610 239 0.918511
6615 chair 405 235 728 528 0.942414
6616 chair 528 101 610 145 0.364341
6616 chair 365 126 438 178 0.506497
6616 chair 447 96 524 138 0.507364
6616 chair 437 138 534 278 0.653709
6616 chair 245 157 428 377 0.79733
6616 chair 0 246 212 510 0.801066
6616 chair 152 143 312 330 0.905738
6616 chair 0 213 89 470 0.912172
6617 chair 0 64 44 114 0.432107
6617 chair 266 122 351 220 0.433576
6617 chair 543 133 645 270 0.452402
6617 chair 158 84 229 132 0.477394
6617 chair 408 136 480 196 0.485108
6617 chair 286 109 358 170 0.497716
6617 chair 520 105 572 184 0.532113
6617 chair 186 148 336 278 0.557116
6617 chair 60 97 149 162 0.564747
6617 chair 119 171 296 315 0.575477
6617 chair 381 220 528 344 0.576088
6617 chair 595 188 730 505 0.585355
6617 chair 0 110 81 187 0.58845
6617 chair 115 88 183 141 0.6316
6617 chair 400 162 493 231 0.6724
6617 chair 393 186 501 275 0.722424
6617 chair 0 214 258 522 0.821911
6617 chair 346 278 577 526 0.88552
6618 chair 0 282 106 527 0.398941
6618 chair 70 96 184 223 0.404951
6618 chair 664 68 729 156 0.456975
6618 chair 324 36 383 107 0.475031
6618 chair 130 66 192 143 0.483949
6618 chair 635 21 699 61 0.487716
6618 chair 600 55 699 118 0.488113
6618 chair 244 73 316 133 0.494455
6618 chair 247 129 376 284 0.495393
6618 chair 0 164 157 345 0.513495
6618 chair 242 53 290 110 0.533396
6618 chair 685 27 730 73 0.544452
6618 chair 245 102 345 220 0.548235
6618 chair 0 93 34 239 0.55347
6618 chair 589 158 730 461 0.556151
6618 chair 242 82 325 177 0.562326
6618 chair 403 68 487 176 0.611201
6618 chair 23 57 78 144 0.659766
6618 chair 553 46 634 100 0.677873
6618 chair 519 40 583 90 0.687691
6618 chair 464 95 596 257 0.724936
6618 chair 366 57 454 154 0.757832
6618 chair 409 78 534 218 0.807077
6618 chair 252 164 423 388 0.839647
6618 chair 482 119 695 335 0.882764
6618 chair 261 221 499 528 0.938722
6619 desk 82 172 504 422 0.368962
6619 desk 512 40 720 282 0.477386
6619 chair 375 416 723 530 0.526366
6619 chair 534 382 729 528 0.850959
6620 chair 356 231 482 351 0.457615
6620 chair 0 288 74 523 0.507847
6620 chair 0 208 162 359 0.710194
6621 chair 14 28 87 64 0.420628
6621 chair 608 400 729 528 0.50101
6621 chair 595 54 672 114 0.606054
6621 chair 61 94 279 307 0.614538
6621 chair 110 67 193 111 0.639674
6621 chair 650 93 729 144 0.641055
6621 chair 13 63 99 87 0.643078
6621 chair 94 31 160 67 0.652574
6621 chair 248 37 326 144 0.663359
6621 chair 169 34 235 73 0.666209
6621 chair 544 186 710 345 0.694744
6621 chair 494 50 585 169 0.700686
6621 chair 620 264 729 518 0.783985
6621 chair 0 90 112 222 0.798585
6621 chair 206 71 310 218 0.819948
6621 chair 519 85 633 237 0.824746
6621 chair 0 220 201 529 0.954188
6622 chair 315 210 457 473 0.559743
6622 chair 230 101 302 223 0.622476
6622 chair 502 152 617 304 0.751015
6622 chair 68 128 218 305 0.793506
6622 table 447 184 637 335 0.823728
6622 chair 260 111 372 282 0.89506
6622 chair 132 148 285 353 0.924103
6622 chair 404 263 629 523 0.940936
6623 chair 243 177 342 287 0.382885
6623 chair 438 133 486 149 0.397133
6623 table 0 217 67 469 0.402836
6623 chair 195 131 246 149 0.493709
6623 chair 0 205 57 407 0.544664
6623 table 0 165 231 246 0.554374
6623 chair 46 153 118 247 0.572052
6623 chair 426 152 489 172 0.611238
6623 chair 152 159 219 186 0.739056
6623 chair 260 135 316 156 0.751141
6623 table 189 193 503 364 0.752236
6623 chair 385 189 476 219 0.76844
6623 chair 360 144 421 166 0.777449
6623 chair 265 174 341 202 0.77811
6623 table 4 253 482 528 0.862766
6623 chair 60 235 252 521 0.880645
6623 chair 230 263 452 529 0.913133
6624 table 0 111 286 249 0.38638
6624 desk 493 129 595 198 0.387122
6624 table 159 167 447 405 0.415743
6624 table 572 160 728 374 0.41967
6624 chair 393 108 425 126 0.430367
6624 chair 248 97 286 114 0.444441
6624 chair 606 153 627 186 0.444821
6624 desk 157 168 439 404 0.477941
6624 chair 333 113 370 130 0.55798
6624 chair 173 129 231 151 0.572403
6624 chair 459 202 630 441 0.597344
6624 chair 91 107 147 129 0.649078
6624 table 382 208 674 526 0.688169
6624 table 71 139 280 314 0.69602
6624 desk 373 139 527 282 0.763997
6624 chair 3 117 75 241 0.786335
6624 chair 272 118 317 138 0.793624
6624 chair 429 133 505 242 0.820937
6624 chair 71 138 177 285 0.823556
6624 chair 294 153 408 326 0.82818
6624 chair 381 141 472 280 0.859122
6624 chair 183 169 335 380 0.880813
6625 chair 202 116 269 137 0.452303
6625 chair 16 125 75 144 0.505374
6625 table 595 146 730 312 0.564206
6625 chair 176 145 258 172 0.565653
6625 chair 264 147 347 170 0.591619
6625 chair 29 149 113 174 0.696595
6625 chair 0 223 142 462 0.700185
6625 table 78 168 380 260 0.712976
6625 chair 158 148 257 255 0.738114
6625 chair 191 218 349 465 0.763187
6625 chair 6 466 336 530 0.766078
6625 chair 610 134 730 312 0.782623
6625 table 0 249 395 517 0.816246
6626 chair 443 100 484 118 0.364026
6626 chair 669 118 726 141 0.387394
6626 desk 130 126 329 322 0.387561
6626 table 301 116 475 201 0.393694
6626 chair 164 116 250 256 0.488826
6626 table 0 206 298 530 0.516249
6626 table 129 126 328 325 0.527222
6626 chair 423 119 478 145 0.55506
6626 chair 357 156 423 199 0.582847
6626 chair 588 159 691 340 0.616086
6626 chair 409 196 576 470 0.657355
6626 desk 1 204 299 527 0.681496
6626 chair 118 194 171 274 0.69322
6626 chair 22 123 50 164 0.741873
6626 table 243 173 601 505 0.747295
6626 chair 531 139 599 173 0.750466
6626 table 434 145 724 359 0.81355
6626 chair 204 133 315 288 0.856992
6626 chair 43 147 86 198 0.876683
6626 chair 223 227 458 527 0.906908
6627 chair 502 117 564 313 0.403464
6627 chair 0 217 54 464 0.468816
6627 table 505 98 728 524 0.509184
6627 chair 27 82 58 104 0.53241
6627 chair 323 79 341 104 0.552933
6627 desk 0 153 125 401 0.579201
6627 chair 267 116 300 160 0.689586
6627 chair 295 101 317 133 0.704766
6627 chair 540 158 708 419 0.869537
6627 chair 119 215 355 529 0.894239
6627 desk 116 161 387 530 0.906587
6628 chair 693 112 730 293 0.372453
6628 chair 544 97 559 124 0.393238
6628 table 5 123 444 470 0.402165
6628 chair 346 88 378 116 0.412376
6628 chair 87 50 137 67 0.417302
6628 desk 400 87 504 193 0.461443
6628 chair 0 54 59 74 0.521219
6628 chair 118 73 179 98 0.57646
6628 desk 547 102 630 142 0.605648
6628 chair 0 82 60 113 0.621977
6628 chair 195 64 244 86 0.634974
6628 chair 278 97 327 134 0.646913
6628 chair 516 116 538 151 0.65098
6628 chair 491 133 519 176 0.720857
6628 chair 337 150 449 306 0.797581
6628 desk 497 129 624 206 0.808863
6628 desk 331 184 618 529 0.833834
6628 chair 198 189 417 527 0.90277
6628 chair 9 147 213 441 0.917117
6629 chair 95 241 272 405 0.392332
6629 chair 119 107 191 127 0.423453
6629 chair 348 83 404 101 0.437259
6629 chair 93 83 149 100 0.442834
6629 chair 214 109 288 188 0.454394
6629 chair 1 106 61 125 0.462415
6629 chair 347 161 476 371 0.509498
6629 chair 422 83 478 101 0.515902
6629 chair 0 160 132 376 0.523655
6629 chair 189 83 243 100 0.530784
6629 chair 625 74 695 172 0.534626
6629 chair 28 83 85 100 0.585094
6629 chair 459 172 623 377 0.590019
6629 chair 338 108 412 129 0.630295
6629 chair 426 107 503 129 0.67828
6629 chair 129 161 271 360 0.749131
6629 table 294 179 702 396 0.917231
6629 table 0 186 309 406 0.921897
6630 chair 190 61 255 180 0.377354
6630 chair 541 119 601 145 0.40327
6630 chair 427 60 472 78 0.422838
6630 chair 366 60 413 78 0.475696
6630 table 539 133 730 257 0.490524
6630 chair 609 196 728 504 0.500649
6630 chair 249 131 400 377 0.576481
6630 chair 401 123 483 156 0.607898
6630 chair 513 82 565 103 0.642129
6630 chair 283 58 337 75 0.647241
6630 chair 438 82 502 104 0.734615
6630 chair 249 86 326 109 0.743231
6630 table 387 215 728 526 0.76005
6630 chair 347 84 415 106 0.774887
6630 table 243 153 590 404 0.837801
6631 chair 526 67 564 84 0.474153
6631 chair 320 97 432 203 0.553501
6631 chair 182 99 214 137 0.57939
6631 chair 165 81 187 115 0.582354
6631 chair 570 76 619 95 0.589362
6631 table 285 87 433 210 0.638383
6631 chair 551 95 607 121 0.672584
6631 chair 493 80 535 103 0.678652
6631 chair 605 117 701 278 0.696241
6631 chair 657 88 712 113 0.705519
6631 chair 391 123 520 316 0.716749
6631 chair 302 84 385 200 0.728804
6631 chair 431 150 612 387 0.744287
6631 table 120 188 358 526 0.754877
6631 table 360 131 674 436 0.849035
6631 chair 212 187 407 514 0.888269
6633 desk 167 174 523 471 0.370261
6633 table 166 174 522 471 0.451953
6633 chair 209 108 277 179 0.694439
6633 chair 437 169 519 355 0.911647
6634 chair 311 78 460 181 0.380751
6634 chair 476 66 598 150 0.436035
6634 chair 314 77 402 152 0.475857
6634 chair 312 28 383 77 0.503634
6634 chair 196 84 307 200 0.519219
6634 chair 693 118 730 282 0.532576
6634 chair 404 72 536 164 0.538346
6634 chair 136 31 228 87 0.542893
6634 chair 233 29 313 81 0.550793
6634 chair 541 63 652 143 0.581905
6634 chair 336 126 458 181 0.61035
6634 chair 17 31 130 150 0.613537
6634 chair 630 131 728 290 0.754152
6634 chair 48 91 236 246 0.807799
6634 chair 0 254 173 527 0.817957
6634 chair 310 181 558 462 0.860254
6634 chair 555 141 726 323 0.889247
6634 chair 450 159 655 386 0.900845
6634 chair 110 208 393 528 0.927128
6635 chair 552 0 629 31 0.373401
6635 chair 377 15 466 76 0.407218
6635 chair 0 83 50 229 0.453389
6635 chair 318 11 393 67 0.523374
6635 chair 535 30 668 110 0.580712
6635 chair 464 22 553 86 0.598694
6635 chair 639 0 728 42 0.621544
6635 chair 502 362 729 528 0.660741
6635 chair 25 148 245 338 0.687602
6635 chair 488 108 729 376 0.720258
6635 chair 67 34 171 119 0.757351
6635 chair 270 70 439 234 0.76734
6635 chair 0 102 96 243 0.779686
6635 chair 101 39 215 144 0.799678
6635 chair 358 88 564 271 0.814221
6635 chair 4 121 157 305 0.832336
6635 chair 200 56 347 188 0.876859
6635 chair 146 47 273 161 0.884496
6635 chair 95 189 375 476 0.913074
6635 chair 201 254 594 527 0.933902
6636 chair 184 70 246 113 0.386607
6636 chair 664 89 729 374 0.449117
6636 chair 110 123 221 235 0.449184
6636 chair 13 133 119 260 0.455028
6636 chair 251 107 334 200 0.487707
6636 table 0 188 470 530 0.654719
6636 chair 121 74 193 121 0.669239
6636 chair 188 112 284 215 0.69027
6636 chair 48 79 125 129 0.702135
6637 table 0 66 445 471 0.384326
6637 chair 1 80 96 157 0.51955
6637 chair 41 23 121 89 0.542077
6637 chair 220 0 299 75 0.592026
6637 chair 172 6 265 95 0.622363
6637 chair 564 0 703 176 0.716489
6637 desk 0 66 445 471 0.851035
6637 chair 223 181 454 512 0.950318
6638 chair 11 0 112 60 0.409326
6638 chair 263 11 352 94 0.428113
6638 chair 0 63 119 176 0.463594
6638 chair 346 66 449 185 0.492864
6638 chair 294 4 377 83 0.533224
6638 chair 379 48 473 120 0.533227
6638 chair 102 46 254 173 0.577757
6638 chair 539 191 688 328 0.583289
6638 chair 220 20 326 118 0.602779
6638 chair 544 139 665 251 0.605758
6638 chair 544 106 650 191 0.708455
6638 chair 516 424 730 529 0.718469
6638 chair 235 123 422 257 0.853362
6638 chair 528 274 729 525 0.917898
6638 chair 130 173 388 381 0.922371
6638 chair 2 263 341 529 0.965315
6639 chair 139 152 291 274 0.477388
6639 chair 346 140 436 232 0.544569
6639 chair 81 136 212 249 0.559842
6639 chair 427 158 528 247 0.707061
6639 chair 525 178 661 311 0.73415
6639 chair 300 200 425 342 0.780431
6639 chair 23 278 301 491 0.819538
6639 chair 420 231 618 412 0.870554
6639 chair 153 343 506 529 0.883979
6640 chair 376 238 507 357 0.42371
6640 chair 146 234 273 338 0.425665
6640 chair 261 235 372 344 0.51061
6640 chair 38 230 179 334 0.610452
6640 chair 508 240 639 360 0.626157
6640 chair 529 384 730 529 0.642256
6640 chair 622 244 729 373 0.666013
6641 chair 492 275 728 436 0.406115
6641 chair 184 166 289 219 0.43537
6641 chair 320 311 518 473 0.629576
6641 chair 508 181 623 287 0.633447
6641 chair 289 204 410 315 0.672274
6641 chair 401 193 522 304 0.767693
6641 chair 126 333 327 509 0.779242
6641 chair 169 218 298 336 0.849345
6642 chair 34 88 120 168 0.372459
6642 chair 119 82 194 150 0.389731
6642 chair 0 100 31 242 0.531414
6642 chair 429 180 583 405 0.612947
6642 chair 346 123 449 242 0.770259
6642 chair 112 110 244 250 0.771166
6642 chair 3 126 125 330 0.78155
6642 chair 239 142 397 291 0.784825
6642 chair 275 232 566 527 0.810016
6642 chair 64 170 287 485 0.971503
6643 chair 0 74 83 248 0.365421
6643 chair 419 173 654 338 0.6935
6643 chair 216 95 372 273 0.699009
6643 chair 373 112 594 324 0.755078
6643 chair 106 153 309 449 0.767052
6643 chair 316 290 671 529 0.810697
6643 chair 0 248 214 523 0.852072
6644 chair 507 279 729 525 0.418566
6644 chair 126 67 272 290 0.846003
6644 chair 464 123 728 411 0.854117
6644 chair 377 63 572 312 0.897903
6644 chair 106 168 323 495 0.907862
6644 chair 88 357 399 528 0.934039
6645 chair 272 32 473 230 0.491322
6645 chair 111 172 417 526 0.698198
6645 chair 0 119 149 518 0.721599
6645 chair 578 0 729 254 0.919459
6645 chair 417 59 666 417 0.970731
6646 chair 80 20 320 251 0.524733
6646 chair 348 65 505 371 0.828298
6646 chair 394 155 676 528 0.881974
6646 chair 0 76 308 329 0.885751
6647 table 11 200 520 526 0.464954
6647 chair 0 183 214 485 0.737139
6647 chair 99 259 405 527 0.946521
6648 chair 308 54 644 427 0.429303
6648 chair 497 20 595 206 0.534412
6648 chair 0 0 153 163 0.680822
6648 chair 0 26 99 400 0.707808
6648 chair 110 0 340 159 0.814347
6648 chair 21 124 435 528 0.834296
6649 desk 488 181 730 528 0.449316
6649 chair 615 422 730 526 0.54472
6649 table 487 177 730 526 0.640569
6649 chair 207 105 344 287 0.909122
6649 table 160 117 533 442 0.946374
6650 desk 610 94 730 208 0.380033
6650 chair 458 152 581 202 0.458037
6650 chair 459 82 583 202 0.564671
6650 chair 331 80 443 194 0.688972
6650 chair 242 348 443 504 0.716005
6650 table 294 86 646 198 0.761489
6650 table 0 37 140 166 0.773338
6650 chair 639 83 730 201 0.794402
6650 chair 492 187 727 521 0.864871
6650 table 151 188 730 526 0.925736
6651 chair 420 146 464 176 0.373085
6651 chair 3 144 49 158 0.459253
6651 chair 446 130 486 156 0.511154
6651 chair 691 174 730 383 0.562834
6651 desk 233 128 420 227 0.591161
6651 chair 279 127 360 223 0.609451
6651 chair 420 148 524 333 0.658241
6651 table 433 136 610 338 0.671224
6651 chair 352 181 486 401 0.717676
6651 chair 127 163 259 333 0.773644
6651 desk 195 161 564 527 0.779006
6651 chair 0 188 194 430 0.820055
6651 desk 0 153 307 454 0.84552
6651 chair 233 229 442 520 0.929006
6652 table 466 94 603 157 0.425626
6652 chair 602 108 625 166 0.489748
6652 chair 343 86 408 183 0.515863
6652 desk 366 137 637 473 0.522802
6652 table 2 95 326 376 0.569996
6652 chair 604 165 643 225 0.662444
6652 chair 262 129 340 306 0.834153
6652 chair 328 100 389 242 0.839759
6652 chair 119 163 289 389 0.941566
6652 chair 451 223 688 518 0.968585
6653 table 269 95 528 255 0.794802
6653 chair 543 210 718 339 0.896129
6653 chair 386 219 571 418 0.904718
6653 table 444 323 730 529 0.905146
6653 table 326 151 729 408 0.928941
6654 table 284 78 570 155 0.425973
6654 chair 49 96 149 140 0.525617
6654 table 46 71 309 140 0.589114
6654 desk 0 136 216 355 0.68481
6654 chair 0 204 127 348 0.693606
6654 table 0 353 730 530 0.768202
6654 chair 168 100 273 144 0.812773
6654 chair 303 99 408 150 0.849982
6654 chair 443 103 556 156 0.87188
6654 chair 185 217 374 373 0.89849
6654 chair 393 230 591 394 0.900286
6654 table 140 140 655 397 0.933599
6655 desk 249 269 730 525 0.369143
6655 chair 341 191 450 293 0.388231
6655 table 620 253 729 496 0.469317
6655 chair 543 223 634 273 0.50679
6655 table 250 271 730 528 0.541885
6655 chair 202 189 337 357 0.601522
6655 table 449 187 685 274 0.614352
6655 table 164 156 370 262 0.707705
6655 table 192 198 501 401 0.790295
6655 chair 480 271 665 521 0.832036
6655 chair 290 288 488 526 0.919838
6656 chair 556 411 676 524 0.484515
6656 chair 673 408 730 530 0.497987
6656 table 515 401 730 527 0.751188
6657 chair 665 328 729 504 0.384724
6657 chair 370 191 435 252 0.415785
6657 table 0 234 182 530 0.422825
6657 table 353 188 444 255 0.511729
6657 chair 23 187 101 236 0.578967
6657 chair 584 405 728 528 0.598034
6657 desk 310 246 528 364 0.615771
6657 table 562 250 729 501 0.642482
6657 chair 433 258 466 292 0.646632
6657 chair 91 181 133 235 0.655364
6657 table 0 174 134 234 0.665056
6657 chair 119 252 180 431 0.759907
6657 chair 208 200 280 299 0.79168
6657 table 177 182 282 301 0.792227
6657 chair 480 304 533 359 0.839508
6657 chair 8 289 151 528 0.905378
6657 chair 607 258 729 410 0.907661
6658 chair 570 144 601 249 0.439074
6658 chair 164 146 234 247 0.439792
6658 desk 597 173 730 495 0.444493
6658 chair 360 143 449 285 0.452741
6658 chair 576 178 615 351 0.480436
6658 chair 214 133 292 220 0.711584
6658 table 360 131 488 287 0.744974
6658 chair 1 183 157 348 0.789599
6658 table 246 162 468 435 0.843543
6658 chair 88 166 216 297 0.878121
6658 chair 247 198 393 399 0.879515
6658 chair 315 170 428 319 0.885359
6658 table 0 157 239 382 0.895518
6658 chair 592 218 729 470 0.908542
6659 chair 0 177 27 276 0.512265
6659 chair 231 95 307 189 0.680537
6659 chair 96 81 155 160 0.705452
6659 table 574 114 730 256 0.743416
6659 table 0 70 166 199 0.778479
6659 chair 23 92 121 200 0.792129
6659 chair 611 125 726 255 0.798315
6659 chair 183 107 271 190 0.835207
6659 table 514 242 730 530 0.843133
6659 table 343 100 493 258 0.857094
6659 table 129 84 309 198 0.874988
6659 chair 379 126 488 251 0.881622
6659 table 1 183 326 530 0.89942
6659 chair 9 337 221 528 0.929974
6659 chair 312 237 527 522 0.968709
6660 chair 350 75 418 162 0.487713
6660 table 256 63 428 176 0.532766
6660 table 0 116 285 413 0.649085
6660 chair 493 107 567 217 0.658891
6660 chair 493 329 688 528 0.728498
6660 chair 612 201 730 348 0.757142
6660 chair 0 176 146 280 0.796671
6660 chair 10 104 122 140 0.815888
6660 table 382 88 574 206 0.823927
6660 chair 419 114 517 208 0.851045
6660 chair 284 80 365 179 0.860286
6660 table 573 128 730 351 0.862959
6660 chair 143 155 271 250 0.876943
6660 table 0 191 561 530 0.939065
6660 chair 134 387 381 528 0.948672
6661 chair 389 260 729 526 0.370687
6661 chair 563 274 729 348 0.371809
6661 chair 12 185 140 226 0.409857
6661 table 0 182 144 526 0.532563
6661 chair 163 230 429 526 0.559782
6661 table 2 230 438 528 0.665966
6661 chair 0 186 152 527 0.692657
6661 chair 471 87 619 278 0.857101
6661 chair 110 54 217 213 0.889337
6661 table 34 55 339 227 0.908158
6661 chair 207 61 331 223 0.917612
6661 chair 345 74 472 241 0.925451
6661 table 291 76 664 279 0.925737
6662 chair 703 112 730 190 0.404115
6662 chair 174 173 334 401 0.95785
6662 desk 324 173 644 528 0.959031
6663 toilet 101 104 324 339 0.42923
6664 toilet 238 54 382 341 0.965816
6665 toilet 219 74 365 377 0.966658
6666 table 83 164 303 216 0.424644
6666 chair 167 155 215 168 0.651024
6666 table 456 157 672 278 0.680025
6666 chair 203 184 268 222 0.697016
6666 table 616 228 730 483 0.733976
6666 chair 617 221 730 412 0.73962
6666 chair 570 177 653 284 0.792656
6666 chair 477 179 560 279 0.812485
6666 chair 19 286 195 506 0.856408
6666 chair 187 287 347 507 0.873003
6666 table 0 222 393 476 0.928824
6667 chair 110 182 300 438 0.408023
6667 sofa 283 80 421 149 0.593378
6667 chair 262 148 340 167 0.612893
6667 chair 449 143 519 163 0.671647
6667 bookshelf 425 0 546 138 0.678126
6667 chair 530 182 621 400 0.780831
6667 table 158 146 260 177 0.788436
6667 table 106 147 619 511 0.8157
6667 chair 365 270 577 526 0.930003
6667 chair 82 272 290 524 0.95712
6668 sofa 0 268 498 526 0.892304
6668 bookshelf 353 5 729 201 0.910708
6668 sofa 319 159 533 297 0.946564
6669 desk 404 173 581 280 0.364621
6669 chair 65 194 160 370 0.393624
6669 chair 669 377 729 526 0.455467
6669 chair 374 282 541 525 0.472875
6669 desk 469 285 729 529 0.706749
6669 chair 502 254 564 282 0.7382
6669 chair 468 195 536 281 0.797007
6669 table 345 262 683 527 0.809586
6669 chair 232 228 348 379 0.81398
6669 chair 529 191 590 260 0.82375
6669 chair 109 243 262 425 0.862736
6669 table 35 197 359 420 0.911979
6670 chair 0 223 60 349 0.527637
6670 chair 364 218 474 341 0.563707
6670 chair 350 422 489 529 0.683065
6670 desk 285 183 529 346 0.723107
6670 chair 67 282 202 328 0.765285
6670 desk 0 290 476 529 0.859197
6671 chair 179 205 284 389 0.372974
6671 chair 87 194 152 211 0.589992
6671 desk 601 181 730 527 0.649935
6671 chair 107 164 177 211 0.66374
6671 chair 19 168 91 205 0.774567
6671 table 0 201 274 482 0.899922
6671 chair 0 276 177 523 0.914359
6672 table 134 188 248 281 0.39108
6672 chair 230 188 313 295 0.52367
6672 chair 672 191 730 308 0.702176
6672 chair 318 196 419 308 0.747378
6672 chair 551 182 625 281 0.814861
6672 chair 447 201 553 316 0.815574
6672 table 378 191 489 277 0.825971
6672 chair 19 174 133 282 0.867112
6675 desk 421 133 673 444 0.388719
6675 table 421 134 674 451 0.413412
6675 table 169 172 495 456 0.504228
6675 chair 530 128 677 328 0.512375
6675 desk 169 171 495 456 0.534967
6675 chair 234 102 302 127 0.595508
6675 chair 380 53 442 103 0.609882
6675 chair 407 92 483 111 0.64952
6675 chair 124 64 204 157 0.844737
6675 chair 99 158 220 376 0.88852
6675 chair 472 218 684 492 0.924885
6675 chair 186 267 405 524 0.949864
6676 table 635 179 730 272 0.6473
6677 sofa 236 226 522 424 0.884152
6678 chair 440 160 511 278 0.366253
6678 chair 545 160 656 258 0.54205
6678 chair 0 229 103 418 0.544643
6678 chair 455 305 676 499 0.547931
6678 chair 604 173 729 260 0.560567
6678 chair 638 177 730 372 0.63327
6678 bookshelf 115 107 241 242 0.844887
6678 table 264 207 438 337 0.901098
6679 chair 250 183 402 341 0.398045
6679 sofa 0 155 143 281 0.421681
6679 table 159 200 301 316 0.457468
6679 table 77 192 221 297 0.773088
6679 bookshelf 402 0 729 378 0.977724
6680 chair 428 95 479 134 0.445562
6680 table 341 89 482 130 0.485003
6680 chair 115 118 191 217 0.523975
6680 chair 627 89 675 104 0.595879
6680 chair 621 119 702 161 0.609495
6680 chair 622 119 700 228 0.622076
6680 desk 0 56 54 175 0.643503
6680 chair 230 214 328 333 0.689032
6680 chair 280 169 425 328 0.742442
6680 chair 336 127 426 248 0.74763
6680 chair 482 132 566 273 0.752513
6680 chair 297 98 347 151 0.800413
6680 chair 216 114 293 208 0.832401
6680 chair 534 112 597 145 0.833201
6680 chair 546 143 660 288 0.840448
6680 table 101 101 313 208 0.841622
6680 chair 147 190 224 286 0.858257
6680 table 0 206 390 530 0.893039
6680 chair 327 213 517 460 0.956943
6680 table 298 128 702 371 0.964538
6681 bookshelf 256 10 728 244 0.431208
6681 chair 347 94 389 111 0.64562
6681 chair 127 107 182 217 0.697656
6681 chair 502 134 583 158 0.749852
6681 desk 0 97 122 528 0.832019
6681 chair 443 175 583 359 0.849691
6681 chair 158 118 259 244 0.85477
6681 table 150 87 409 240 0.903964
6681 chair 300 178 436 374 0.928421
6681 table 316 133 611 355 0.967984
6682 chair 347 190 404 288 0.729627
6682 chair 461 206 527 306 0.797157
6682 table 409 177 619 299 0.872366
6682 chair 209 195 276 299 0.903117
6682 chair 459 256 599 422 0.907029
6682 chair 80 220 205 362 0.932101
6682 chair 274 233 391 382 0.944792
6682 table 185 196 532 396 0.968024
6683 sofa 1 149 52 259 0.70151
6683 table 351 191 464 255 0.871062
6683 sofa 260 158 652 500 0.876616
6684 chair 685 182 730 263 0.443011
6684 bookshelf 114 4 373 364 0.507417
6684 chair 604 194 688 292 0.65874
6684 bookshelf 376 24 531 316 0.677157
6684 chair 479 212 579 335 0.878118
6684 chair 308 237 422 403 0.896364
6684 chair 0 285 149 522 0.941319
6685 chair 289 176 331 237 0.530012
6685 chair 290 191 347 260 0.821698
6685 chair 307 218 390 334 0.937803
6685 chair 341 268 469 460 0.947172
6685 bookshelf 399 4 729 444 0.984941
6686 chair 356 125 384 182 0.41634
6686 chair 173 128 208 143 0.458222
6686 chair 230 152 298 186 0.519247
6686 chair 85 194 140 279 0.537016
6686 chair 518 150 580 235 0.605749
6686 table 362 128 509 181 0.695398
6686 table 147 139 329 188 0.696983
6686 table 578 155 729 260 0.721761
6686 chair 379 135 418 182 0.73286
6686 chair 428 138 484 197 0.73658
6686 chair 153 152 204 196 0.773968
6686 chair 435 197 516 375 0.801796
6686 chair 639 173 730 270 0.816371
6686 chair 377 180 450 205 0.860236
6686 table 100 176 483 451 0.901176
6686 chair 286 258 454 458 0.937972
6686 chair 73 265 274 484 0.95359
6687 table 433 171 568 220 0.387644
6687 chair 205 186 269 260 0.403948
6687 chair 687 189 719 201 0.405845
6687 chair 468 187 503 208 0.412743
6687 chair 695 205 729 276 0.446427
6687 chair 310 230 352 344 0.466812
6687 table 179 180 337 248 0.474594
6687 chair 576 189 609 232 0.492307
6687 table 0 273 91 511 0.550211
6687 table 0 183 75 280 0.581548
6687 chair 35 261 82 300 0.617007
6687 chair 370 209 428 227 0.641163
6687 chair 591 221 670 300 0.769012
6687 chair 620 194 688 280 0.811474
6687 table 337 219 662 446 0.868114
6687 chair 465 290 601 459 0.895996
6687 chair 593 250 716 423 0.904081
6687 chair 0 352 98 528 0.912852
6687 chair 326 270 465 456 0.922652
6688 chair 466 169 530 274 0.494594
6688 chair 113 167 188 271 0.502373
6688 table 295 145 429 195 0.542674
6688 chair 356 145 413 192 0.570244
6688 chair 466 166 519 224 0.596534
6688 chair 679 176 730 298 0.620359
6688 chair 414 196 495 219 0.622961
6688 chair 413 200 495 375 0.683723
6688 chair 347 183 401 202 0.712854
6688 chair 299 147 347 187 0.734201
6688 chair 128 206 183 366 0.741777
6688 chair 200 178 268 197 0.741887
6688 chair 15 169 97 276 0.793977
6688 chair 517 174 614 292 0.837609
6688 table 49 155 230 271 0.862709
6688 chair 303 245 475 466 0.888637
6688 chair 163 218 311 415 0.90987
6688 table 429 152 703 294 0.91603
6688 table 129 181 527 457 0.923689
6689 chair 717 157 730 195 0.411124
6689 table 480 149 727 196 0.411368
6689 chair 661 130 714 149 0.434354
6689 chair 30 119 105 201 0.436282
6689 chair 698 187 729 203 0.443209
6689 chair 478 202 564 388 0.459722
6689 chair 167 168 234 200 0.465977
6689 chair 248 110 304 157 0.474979
6689 chair 585 130 635 149 0.524547
6689 chair 518 134 569 151 0.646221
6689 chair 0 198 37 422 0.65201
6689 chair 577 186 676 204 0.792714
6689 chair 230 167 313 261 0.793122
6689 table 122 152 358 256 0.82389
6689 chair 190 208 295 369 0.846609
6689 chair 630 160 712 200 0.855316
6689 chair 549 163 625 202 0.861848
6689 chair 2 251 169 422 0.871895
6689 table 484 194 728 431 0.881118
6689 chair 547 265 729 476 0.919905
6689 table 0 200 286 410 0.943143
6690 chair 0 230 72 455 0.521205
6690 chair 8 99 90 128 0.53876
6690 chair 396 135 445 205 0.546723
6690 chair 178 140 223 156 0.641441
6690 chair 356 155 426 258 0.652923
6690 table 542 166 728 267 0.66619
6690 chair 591 252 715 287 0.736936
6690 chair 111 188 189 214 0.800383
6690 chair 45 178 110 203 0.826253
6690 table 0 186 247 507 0.845995
6690 chair 190 162 265 266 0.852127
6690 chair 591 193 714 263 0.863212
6690 chair 264 165 355 280 0.867552
6690 chair 61 228 238 453 0.893679
6690 chair 379 288 460 400 0.925167
6690 table 166 147 421 271 0.935006
6690 table 355 261 729 528 0.961801
6691 desk 352 142 527 397 0.388308
6691 chair 425 120 468 146 0.519655
6691 chair 689 128 729 161 0.528642
6691 chair 0 398 74 528 0.752679
6691 chair 228 195 274 301 0.781379
6691 chair 274 206 347 335 0.878411
6691 chair 363 227 460 388 0.884125
6691 chair 507 263 666 483 0.920247
6691 desk 466 138 730 487 0.944331
6692 chair 222 133 264 146 0.380174
6692 bookshelf 294 4 728 298 0.498717
6692 desk 0 142 238 513 0.611876
6692 desk 140 141 378 458 0.683016
6692 chair 437 195 490 319 0.72378
6692 chair 375 215 443 367 0.907573
6692 chair 251 241 370 442 0.912847
6692 chair 1 300 217 527 0.951823
6693 desk 0 240 66 390 0.479036
6693 chair 175 161 222 199 0.488042
6693 desk 64 191 307 459 0.565539
6693 chair 0 256 56 389 0.650247
6693 desk 591 172 730 438 0.781893
6693 chair 696 273 729 440 0.802699
6693 chair 506 217 582 320 0.837139
6693 chair 107 303 206 461 0.904317
6693 desk 215 210 506 528 0.932376
6693 chair 286 330 429 524 0.935246
6694 chair 0 320 69 527 0.442703
6694 chair 425 183 509 260 0.458621
6694 chair 338 462 579 529 0.685214
6694 table 142 194 533 529 0.724226
6694 chair 411 206 563 427 0.729475
6694 chair 0 265 114 469 0.782077
6694 chair 530 237 651 441 0.940349
6695 desk 0 63 126 223 0.452065
6695 sofa 272 233 625 523 0.540658
6695 chair 146 120 213 161 0.648614
6695 chair 30 126 113 223 0.80097
6695 sofa 100 155 331 316 0.970817
6696 sofa 39 128 260 217 0.785811
6696 sofa 274 156 536 287 0.924371
6696 sofa 219 220 667 529 0.933739
6697 sofa 0 199 588 530 0.877887
6697 sofa 173 132 472 271 0.897865
6698 chair 620 218 728 326 0.576044
6698 bookshelf 0 0 182 352 0.705929
6698 chair 0 240 112 393 0.830629
6698 bookshelf 338 26 543 319 0.833365
6698 chair 457 224 554 345 0.889462
6698 chair 250 231 353 369 0.914258
6699 chair 262 194 357 302 0.405115
6699 chair 288 203 404 321 0.547867
6699 chair 207 174 290 252 0.70672
6699 chair 365 237 535 406 0.743498
6699 chair 239 186 322 275 0.74447
6700 desk 522 126 710 282 0.631935
6700 chair 529 179 619 282 0.87957
6700 sofa 104 189 462 360 0.948272
6701 sofa 295 129 644 261 0.937224
6701 table 365 211 506 315 0.937487
6702 sofa 0 186 199 477 0.90558
6703 sofa 66 220 300 451 0.545873
6703 sofa 139 224 485 527 0.822845
6704 desk 247 230 672 455 0.523803
6705 desk 144 187 431 312 0.453175
6705 table 616 289 730 528 0.466154
6705 table 314 271 702 528 0.598145
6706 chair 672 222 730 424 0.586794
6706 chair 380 219 432 242 0.624796
6706 dresser 185 136 321 239 0.700231
6706 table 165 231 686 528 0.701632
6707 table 273 189 637 477 0.911751
6708 desk 211 180 728 498 0.562184
6709 desk 336 226 728 530 0.3677
6710 table 0 198 243 381 0.789571
6710 chair 232 198 370 392 0.928532
6711 table 196 170 540 319 0.792574
6711 chair 538 176 672 389 0.919932
6712 table 0 311 660 526 0.589383
6712 chair 349 173 482 316 0.929277
6713 dresser 430 100 668 348 0.435088
6713 table 50 223 298 369 0.522994
6714 desk 38 198 349 490 0.406472
6714 desk 344 180 729 465 0.876213
6715 desk 178 232 730 499 0.507937
6716 table 482 229 728 480 0.363758
6717 chair 414 265 643 527 0.558142
6717 desk 410 223 677 427 0.649836
6718 desk 424 372 727 528 0.71678
6718 chair 366 125 571 394 0.784141
6719 chair 625 434 730 529 0.479557
6719 table 369 60 694 320 0.661311
6719 chair 561 160 729 404 0.819749
6720 desk 0 143 202 505 0.473029
6721 desk 1 194 347 529 0.425154
6722 chair 17 213 240 452 0.936178
6725 toilet 182 109 349 446 0.521263
6727 table 341 90 666 333 0.834258
6727 chair 331 149 526 413 0.948326
6728 chair 307 103 457 393 0.79714
6728 desk 352 141 728 529 0.905792
6729 table 37 148 498 270 0.619578
6729 table 34 159 476 461 0.697609
6730 desk 319 157 615 382 0.763884
6730 chair 368 241 634 526 0.93087
6731 night_stand 0 282 106 487 0.839637
6731 bed 88 159 730 530 0.977064
6732 sofa 263 200 730 526 0.692757
6732 sofa 231 192 476 357 0.836769
6732 chair 0 124 127 319 0.892104
6733 sofa 0 297 96 528 0.597431
6733 bookshelf 0 0 125 353 0.641932
6733 bed 343 265 729 530 0.671609
6733 table 84 323 381 529 0.810795
6734 sofa 288 150 730 528 0.94129
6735 night_stand 0 199 84 398 0.480275
6735 bed 24 48 684 529 0.976419
6736 table 426 298 730 529 0.823302
6736 sofa 28 148 475 524 0.91696
6737 sofa 0 180 290 511 0.547348
6737 table 622 163 729 300 0.568965
6737 table 382 285 723 529 0.584749
6737 table 400 128 702 275 0.612929
6737 chair 508 160 584 271 0.667426
6737 chair 548 159 669 287 0.825372
6739 sofa 445 170 730 528 0.715707
6740 sofa 103 20 728 328 0.954741
6741 chair 0 335 184 530 0.565592
6741 chair 216 220 351 400 0.885043
6741 sofa 346 172 727 352 0.939989
6742 table 563 137 729 299 0.489915
6742 sofa 0 111 391 530 0.725196
6743 table 258 233 585 528 0.803334
6743 chair 471 223 730 528 0.860194
6743 chair 0 177 153 420 0.866692
6744 chair 206 157 326 314 0.6865
6744 chair 103 285 338 527 0.877069
6744 table 11 209 460 499 0.901505
6745 sofa 0 195 730 528 0.892204
6746 bookshelf 0 2 322 512 0.874796
6747 table 107 297 730 530 0.604433
6748 chair 229 320 363 512 0.934462
6750 table 370 231 730 528 0.839517
6752 table 411 230 730 529 0.539155
6753 desk 0 229 284 528 0.435454
6754 desk 162 207 401 413 0.486311
6756 desk 0 209 245 527 0.782357
6758 desk 419 238 730 528 0.501483
6760 desk 0 286 103 475 0.522025
6760 table 0 406 430 529 0.526172
6760 chair 592 373 729 527 0.579665
6761 table 221 294 539 528 0.420349
6761 desk 209 292 728 527 0.505196
6761 chair 94 205 206 400 0.692357
6761 chair 0 238 213 528 0.95667
6762 desk 1 211 398 528 0.939844
6762 chair 216 277 421 527 0.940928
6763 chair 121 188 278 449 0.37534
6763 table 0 213 98 394 0.582989
6763 chair 674 173 730 356 0.783656
6763 chair 180 178 258 280 0.797773
6763 chair 572 167 676 347 0.805862
6763 chair 84 197 213 430 0.842595
6763 chair 370 343 592 529 0.886749
6763 table 95 225 502 529 0.917228
6764 chair 692 194 730 236 0.379693
6764 desk 0 284 91 528 0.389911
6764 chair 233 145 299 230 0.469897
6764 chair 65 228 158 453 0.615657
6764 chair 223 217 336 406 0.674777
6764 chair 605 218 729 497 0.749266
6764 chair 413 176 486 232 0.867692
6764 chair 501 191 592 265 0.871838
6764 table 255 209 730 530 0.894024
6764 chair 252 261 433 492 0.94422
6765 chair 0 100 53 391 0.389934
6765 chair 200 109 316 443 0.429732
6765 chair 655 182 730 526 0.567285
6765 chair 553 193 708 442 0.607075
6765 chair 444 192 585 430 0.848628
6765 chair 360 208 505 500 0.906995
6766 chair 163 209 257 378 0.628166
6766 chair 53 211 158 365 0.688332
6766 chair 553 27 652 184 0.704437
6766 chair 669 235 729 377 0.706355
6766 chair 472 26 564 203 0.787205
6766 chair 548 235 654 402 0.818222
6766 chair 0 204 97 353 0.827296
6766 chair 238 268 382 526 0.877119
6766 chair 458 217 563 385 0.878732
6766 chair 66 234 193 434 0.904956
6767 chair 63 233 168 384 0.367979
6767 chair 0 230 95 357 0.542375
6767 chair 419 55 519 244 0.684476
6767 chair 95 314 257 528 0.689335
6767 chair 504 62 609 242 0.695612
6767 chair 483 285 599 476 0.839584
6767 chair 392 259 511 449 0.890979
6767 chair 0 260 88 486 0.905627
6767 chair 620 288 729 513 0.935039
6768 chair 406 136 544 377 0.475514
6768 chair 472 147 622 435 0.48446
6768 chair 0 155 63 364 0.505553
6768 chair 215 286 361 458 0.771989
6768 chair 126 335 327 527 0.843756
6769 bed 39 184 592 524 0.875053
6770 bed 0 135 457 526 0.895434
6771 chair 0 443 37 528 0.587005
6771 chair 349 177 485 395 0.682726
6771 desk 5 253 381 526 0.73816
6772 chair 34 165 128 336 0.588346
6772 chair 352 194 428 264 0.632456
6772 chair 449 202 522 266 0.633018
6772 table 24 200 316 362 0.692847
6772 chair 262 217 344 292 0.705401
6772 chair 134 159 231 287 0.779229
6772 chair 533 249 729 527 0.853308
6772 table 151 246 606 528 0.954465
6773 table 11 212 584 529 0.506909
6773 desk 9 210 584 529 0.529891
6773 chair 660 211 730 520 0.771961
6773 chair 0 180 81 364 0.826018
6773 chair 533 188 623 414 0.826705
6774 dresser 0 131 100 307 0.492074
6774 table 210 171 700 530 0.557566
6774 chair 530 304 665 523 0.844172
6774 chair 0 296 157 528 0.850821
6774 chair 329 284 573 528 0.931116
6775 table 40 266 351 520 0.599464
6776 chair 658 230 730 526 0.67007
6776 night_stand 399 230 505 375 0.854569
6776 bed 0 111 430 530 0.940092
6777 night_stand 635 234 729 412 0.920087
6777 bed 50 102 683 528 0.972874
6778 bed 0 141 490 521 0.968573
6779 chair 447 171 533 333 0.403057
6779 bed 0 232 600 529 0.671011
6780 night_stand 144 137 221 205 0.416535
6780 night_stand 30 175 120 241 0.723465
6780 bed 0 131 488 530 0.951936
6781 night_stand 129 203 212 280 0.559594
6781 bed 0 164 630 530 0.950533
6782 night_stand 371 179 415 239 0.650442
6782 bed 56 145 730 523 0.955213
6783 night_stand 472 270 611 456 0.42642
6783 dresser 187 136 263 254 0.474252
6783 bed 0 166 519 530 0.943656
6784 sofa 0 282 383 447 0.479299
6784 bed 0 0 727 390 0.743059
6785 dresser 506 107 707 286 0.562609
6785 night_stand 298 153 374 186 0.698181
6785 bed 1 73 641 527 0.978914
6786 bed 13 221 724 530 0.878486
6787 bed 14 214 721 530 0.894031
6788 bed 0 138 448 525 0.809709
6789 bed 0 143 271 528 0.851197
6790 chair 380 170 456 329 0.877491
6790 bed 0 141 404 530 0.878791
6791 desk 144 163 344 293 0.57634
6791 bed 313 165 627 523 0.830408
6791 chair 177 210 287 342 0.911146
6792 desk 286 217 712 529 0.682929
6793 bed 2 110 455 525 0.88179
6793 chair 455 180 606 410 0.942969
6794 bed 5 134 282 463 0.366461
6794 night_stand 0 247 38 400 0.381205
6794 night_stand 263 176 317 215 0.525648
6794 bed 2 126 543 527 0.6247
6794 chair 541 159 707 398 0.901412
6795 chair 300 202 517 481 0.943788
6796 bed 0 85 469 527 0.911592
6796 bed 251 91 721 529 0.913569
6797 chair 303 417 531 528 0.506694
6797 chair 0 22 93 199 0.784944
6797 sofa 70 135 663 424 0.856211
6798 table 0 315 221 530 0.623058
6798 sofa 7 58 615 337 0.878445
6799 table 255 78 699 514 0.363292
6799 chair 233 0 311 138 0.420241
6799 sofa 651 83 729 302 0.50077
6799 chair 528 1 618 140 0.646392
6800 night_stand 579 112 728 263 0.910265
6800 bed 16 3 618 463 0.936165
6801 sofa 0 44 103 177 0.460982
6801 night_stand 622 178 729 326 0.760722
6801 bed 104 68 640 499 0.975232
6802 night_stand 282 178 336 207 0.535199
6802 night_stand 604 211 719 328 0.915651
6802 bed 130 128 621 475 0.966161
6803 bed 0 78 168 494 0.754456
6803 night_stand 172 172 259 269 0.817163
6803 bed 181 91 650 526 0.969656
6804 night_stand 10 164 146 302 0.88959
6804 bed 119 46 664 521 0.925799
6805 sofa 0 113 549 446 0.962941
6806 chair 107 276 323 384 0.371771
6806 sofa 143 122 724 498 0.487543
6807 table 89 241 404 452 0.744396
6807 sofa 1 128 239 306 0.946223
6807 sofa 257 133 729 528 0.992649
6808 desk 89 270 464 438 0.384049
6808 table 90 266 456 439 0.449095
6808 sofa 118 104 693 377 0.952397
6809 sofa 516 132 730 478 0.410663
6809 sofa 22 101 501 324 0.969364
6810 sofa 0 104 202 307 0.508023
6810 table 23 308 632 473 0.511866
6810 table 239 198 487 311 0.660689
6810 sofa 230 105 657 285 0.948298
6811 bed 90 31 672 488 0.917567
6812 night_stand 125 205 290 327 0.64334
6812 bed 0 173 293 528 0.847955
6812 bed 249 170 728 505 0.848971
6812 night_stand 404 172 509 209 0.861662
6813 sofa 0 145 151 495 0.378759
6813 table 111 47 402 96 0.453853
6813 chair 675 123 730 239 0.509839
6813 sofa 70 91 581 367 0.841147
6814 bed 431 95 729 326 0.827653
6814 bed 88 112 644 528 0.872948
6816 desk 79 203 505 389 0.542492
6817 chair 212 218 370 434 0.466587
6817 chair 421 229 622 492 0.680468
6817 table 160 222 620 530 0.912
6817 chair 123 289 342 528 0.952845
6818 chair 120 212 237 441 0.800427
6818 chair 417 217 500 289 0.842842
6818 chair 346 201 410 263 0.906673
6818 table 111 231 546 530 0.925886
6818 chair 292 315 546 530 0.929238
6819 desk 0 210 333 425 0.708955
6820 desk 478 218 730 528 0.701106
6823 chair 323 373 414 497 0.405119
6823 chair 557 394 647 521 0.598646
6824 bookshelf 0 0 141 254 0.418238
6825 desk 264 106 586 481 0.462469
6825 chair 0 154 135 529 0.893619
6826 desk 307 73 441 234 0.521872
6826 chair 258 48 332 191 0.690608
6826 desk 374 139 727 514 0.744407
6826 desk 488 264 729 530 0.836338
6826 chair 230 56 317 235 0.854559
6826 chair 157 94 309 319 0.943627
6826 chair 236 115 437 394 0.95752
6826 chair 89 269 466 530 0.962957
6827 desk 182 83 325 254 0.417286
6827 chair 403 400 581 528 0.815028
6827 chair 165 89 282 329 0.854407
6827 desk 251 140 719 528 0.86924
6827 chair 75 55 180 214 0.937722
6827 chair 210 150 410 467 0.967569
6828 table 225 133 497 321 0.446833
6833 chair 1 54 182 182 0.53264
6833 toilet 246 191 391 345 0.922217
6834 desk 148 169 499 474 0.877173
6835 desk 86 41 527 473 0.966536
6837 desk 188 100 557 497 0.899624
6838 chair 132 128 234 247 0.41003
6838 chair 280 64 394 197 0.506418
6838 chair 152 142 264 294 0.538895
6838 chair 501 88 729 418 0.687573
6838 chair 341 71 515 244 0.747247
6838 chair 415 77 619 328 0.788757
6838 chair 163 162 310 367 0.815374
6838 chair 191 190 371 440 0.844126
6838 chair 250 237 501 529 0.930744
6840 chair 469 3 728 347 0.790677
6840 toilet 170 201 301 416 0.865031
6841 toilet 303 166 439 434 0.914352
6842 table 378 137 587 268 0.727234
6843 chair 681 235 729 519 0.478575
6844 chair 508 388 730 530 0.747838
6845 chair 0 87 28 268 0.565677
6845 chair 174 28 336 165 0.582022
6845 chair 268 34 424 203 0.641499
6845 chair 53 18 151 117 0.773096
6845 chair 0 101 83 274 0.793038
6845 chair 130 164 357 446 0.794669
6845 chair 2 16 73 99 0.798144
6845 chair 315 37 538 217 0.798177
6845 chair 72 22 202 136 0.803927
6845 chair 617 0 730 166 0.805919
6845 chair 155 23 261 150 0.809626
6845 chair 32 18 109 107 0.814554
6845 chair 4 116 151 292 0.827983
6845 chair 493 44 692 326 0.86813
6845 chair 53 138 238 371 0.888315
6845 chair 283 203 554 528 0.905059
6846 chair 347 0 541 174 0.504532
6846 chair 647 12 730 265 0.647145
6846 chair 249 0 415 148 0.655543
6846 chair 145 117 359 437 0.831157
6846 chair 46 85 227 321 0.888522
6846 chair 468 1 706 225 0.890183
6846 chair 469 226 728 530 0.921649
6846 chair 281 159 557 509 0.923133
6848 table 67 122 473 450 0.936486
6849 chair 673 80 730 242 0.365696
6849 chair 0 23 93 122 0.387345
6849 chair 195 10 280 74 0.401755
6849 chair 557 1 660 80 0.414911
6849 chair 664 44 730 114 0.454605
6849 chair 235 0 347 49 0.533251
6849 chair 53 9 198 86 0.636229
6849 chair 630 60 730 184 0.722416
6849 chair 487 8 595 120 0.736407
6849 chair 522 2 628 108 0.751948
6849 chair 589 82 727 248 0.759581
6849 chair 438 17 547 139 0.766735
6849 chair 28 295 401 530 0.78284
6849 chair 306 43 449 211 0.801457
6849 chair 448 145 696 336 0.82519
6849 chair 380 28 520 178 0.867556
6849 chair 204 58 399 254 0.878936
6849 chair 0 121 153 453 0.896809
6849 chair 51 84 307 331 0.897007
6849 chair 310 198 643 510 0.927948
6850 chair 216 91 370 448 0.549719
6850 table 234 174 692 527 0.874036
6852 chair 463 22 518 62 0.380766
6852 chair 412 150 646 288 0.403469
6852 chair 387 40 455 103 0.454564
6852 chair 628 149 730 302 0.454774
6852 chair 0 198 161 447 0.469608
6852 chair 516 121 648 277 0.476522
6852 chair 409 97 523 208 0.577356
6852 chair 332 28 393 87 0.599958
6852 chair 157 122 422 304 0.609028
6852 chair 692 99 730 177 0.64363
6852 chair 358 207 587 390 0.666484
6852 chair 581 42 652 86 0.7307
6852 chair 514 31 580 74 0.779384
6852 chair 651 53 729 100 0.805783
6852 chair 442 50 517 113 0.817108
6852 chair 514 67 601 134 0.828315
6852 chair 0 373 386 530 0.832295
6852 chair 600 83 704 153 0.88929
6852 chair 520 271 728 485 0.933308
6853 chair 377 245 497 347 0.390959
6853 chair 524 212 605 277 0.414283
6853 chair 441 229 556 315 0.453691
6853 chair 133 321 267 521 0.460784
6853 chair 595 246 728 357 0.555433
6853 chair 513 272 674 406 0.70893
6853 chair 260 292 355 406 0.729441
6853 chair 342 109 406 193 0.748681
6853 chair 347 339 511 503 0.775393
6853 chair 421 300 600 439 0.812515
6853 table 301 111 473 212 0.848845
6853 chair 220 399 395 529 0.895212
6854 chair 0 86 54 241 0.545588
6854 chair 49 6 132 109 0.56586
6854 chair 88 8 165 117 0.594019
6854 chair 418 41 636 350 0.700743
6854 chair 149 15 251 158 0.784417
6854 chair 94 12 205 156 0.803299
6854 chair 246 23 384 238 0.809828
6854 chair 1 107 94 288 0.813176
6854 chair 177 18 310 203 0.815945
6854 chair 1 125 147 353 0.865613
6854 chair 322 30 488 244 0.872421
6854 chair 40 159 230 430 0.880497
6854 chair 107 205 380 528 0.929284
6855 chair 665 94 729 173 0.38707
6855 chair 501 99 631 193 0.473464
6855 chair 468 67 561 134 0.552743
6855 chair 617 121 730 287 0.728652
6855 chair 302 108 421 270 0.787078
6855 chair 471 136 587 302 0.821518
6855 chair 242 201 583 528 0.840407
6855 chair 77 147 304 442 0.874862
6856 chair 639 136 730 388 0.862009
6856 chair 0 176 188 497 0.866152
6856 chair 297 115 428 328 0.878771
6856 chair 477 109 645 283 0.904108
6856 chair 73 121 216 335 0.929549
6856 chair 361 170 634 482 0.937615
6857 chair 351 112 474 281 0.618862
6857 chair 666 67 729 189 0.638084
6857 chair 0 164 82 355 0.664142
6857 chair 577 80 680 189 0.812635
6857 chair 181 133 314 310 0.81712
6857 chair 463 94 590 261 0.858962
6857 chair 56 283 424 528 0.919653
6857 chair 448 186 712 528 0.969285
6858 table 651 121 729 410 0.522456
6858 chair 534 29 650 165 0.640438
6858 chair 331 45 421 138 0.642925
6858 chair 436 45 532 174 0.785232
6858 chair 568 49 728 246 0.941638
6858 table 278 134 639 529 0.955777
6858 chair 72 201 328 512 0.968712
6859 chair 535 65 626 96 0.421554
6859 chair 703 46 730 203 0.450385
6859 chair 367 74 438 190 0.517531
6859 chair 0 107 66 235 0.52402
6859 chair 521 97 634 208 0.688356
6859 chair 3 118 126 290 0.699705
6859 chair 123 92 234 197 0.704843
6859 chair 71 143 299 386 0.718454
6859 chair 223 218 585 528 0.797014
6859 chair 287 107 391 301 0.799392
6859 chair 418 138 625 442 0.878149
6860 table 154 147 348 382 0.461202
6860 chair 0 105 51 315 0.650816
6860 chair 0 105 156 330 0.759651
6860 chair 100 118 334 381 0.861082
6860 chair 331 125 596 515 0.956704
6862 chair 205 157 410 377 0.398038
6862 chair 635 153 729 520 0.868229
6862 chair 543 91 688 229 0.901589
6862 chair 406 121 551 330 0.906842
6862 chair 366 215 649 529 0.955116
6863 chair 414 81 491 178 0.405008
6863 table 630 74 729 193 0.451593
6863 table 118 119 217 210 0.537183
6863 table 341 90 496 192 0.708624
6863 table 484 119 730 331 0.820047
6863 chair 558 93 690 265 0.872858
6863 table 167 191 564 530 0.961451
6863 chair 0 227 230 529 0.962632
6864 chair 570 151 628 197 0.428794
6864 table 15 182 303 460 0.637925
6864 desk 281 114 472 354 0.738877
6864 chair 601 172 683 224 0.762087
6864 table 436 162 701 402 0.920552
6864 table 551 254 728 524 0.927468
6865 chair 0 244 31 452 0.37841
6865 chair 519 103 670 292 0.455612
6865 table 216 96 428 176 0.598873
6865 chair 65 116 124 163 0.681417
6865 chair 327 87 425 182 0.697966
6865 chair 231 184 489 529 0.764882
6865 table 29 181 314 465 0.765571
6865 chair 129 129 194 183 0.770488
6865 chair 429 94 537 261 0.77498
6865 table 0 142 187 354 0.827444
6865 table 377 115 730 341 0.870734
6865 table 28 184 581 529 0.957637
6866 chair 616 68 730 229 0.904384
6866 chair 274 117 436 230 0.942794
6866 chair 83 152 286 425 0.953091
6866 table 133 160 636 528 0.97383
6867 chair 363 157 483 392 0.601663
6867 table 0 177 489 521 0.966593
6868 chair 0 77 112 283 0.390916
6868 chair 253 45 352 148 0.599814
6868 chair 12 33 94 60 0.643989
6868 chair 102 22 165 48 0.691524
6868 chair 242 140 434 296 0.777219
6868 chair 515 75 593 144 0.804948
6868 chair 423 109 532 200 0.824761
6868 table 163 63 413 229 0.831864
6868 chair 26 241 301 450 0.833888
6868 table 483 102 728 258 0.847733
6868 table 0 104 247 332 0.892924
6868 table 9 201 688 530 0.945198
6869 table 0 233 134 528 0.456189
6869 table 249 174 728 530 0.557628
6869 desk 249 174 727 529 0.582318
6869 chair 181 85 274 138 0.624512
6869 chair 409 136 524 239 0.67296
6869 chair 0 115 165 359 0.798586
6869 table 0 116 398 434 0.820514
6869 chair 168 167 420 481 0.929427
6870 chair 587 165 730 485 0.368296
6870 chair 355 138 549 442 0.848629
6870 chair 0 102 154 359 0.920451
6870 chair 121 120 321 389 0.959017
6871 chair 609 3 714 119 0.655941
6871 chair 226 106 407 340 0.90456
6871 table 180 96 531 423 0.964238
6872 chair 338 116 567 456 0.534685
6872 chair 90 81 246 367 0.552252
6872 chair 238 46 367 231 0.657014
6872 chair 485 62 616 311 0.71944
6872 chair 45 33 153 191 0.785563
6872 chair 115 218 453 528 0.956506
6873 chair 0 131 72 181 0.369876
6873 chair 636 56 728 193 0.54431
6873 chair 190 96 316 264 0.653558
6873 chair 0 162 126 241 0.654815
6873 chair 253 111 418 320 0.703159
6873 chair 454 48 545 160 0.739692
6873 chair 414 76 526 210 0.773863
6873 chair 549 87 677 273 0.81953
6873 chair 575 194 729 526 0.866947
6873 chair 79 323 461 529 0.905239
6873 chair 0 217 258 522 0.921605
6873 chair 373 138 638 421 0.926979
6874 chair 487 2 556 23 0.394878
6874 chair 431 38 553 153 0.413688
6874 chair 251 3 296 58 0.445944
6874 chair 139 6 189 35 0.466055
6874 chair 364 2 420 81 0.483871
6874 chair 474 17 555 56 0.491965
6874 chair 662 29 730 62 0.552302
6874 chair 203 11 255 61 0.561345
6874 chair 80 17 135 54 0.618353
6874 chair 338 16 399 119 0.686647
6874 chair 282 32 356 164 0.686849
6874 chair 145 27 211 95 0.701716
6874 chair 32 94 241 352 0.709532
6874 chair 334 78 532 325 0.717641
6874 chair 210 56 300 170 0.729508
6874 chair 0 165 182 518 0.753281
6874 chair 46 46 157 173 0.786792
6874 chair 633 114 730 430 0.787426
6874 chair 0 74 128 205 0.820654
6874 chair 610 60 728 280 0.869269
6874 chair 165 142 500 490 0.942933
6875 chair 620 160 703 187 0.495189
6875 chair 341 217 484 375 0.672486
6875 chair 471 159 541 289 0.706869
6875 chair 634 184 729 231 0.727023
6875 chair 430 185 510 354 0.825035
6875 chair 185 288 444 529 0.852648
6875 chair 566 272 730 519 0.895962
6876 chair 185 275 275 388 0.718279
6876 chair 282 275 385 398 0.804352
6876 chair 80 310 232 494 0.917781
6877 chair 0 130 62 247 0.497978
6877 chair 48 136 178 266 0.88936
6877 chair 341 162 462 354 0.903402
6877 table 308 161 552 426 0.96578
6878 table 205 166 393 398 0.429074
6878 chair 0 301 158 528 0.451849
6878 table 0 124 83 292 0.479597
6878 chair 2 118 93 302 0.608702
6878 chair 190 138 377 391 0.863158
6878 chair 56 131 217 355 0.866672
6878 chair 362 153 579 475 0.930379
6879 chair 115 179 294 388 0.423429
6879 chair 329 112 475 263 0.497561
6879 chair 283 94 368 213 0.537584
6879 chair 662 114 730 289 0.601994
6879 chair 172 241 579 530 0.698937
6879 chair 529 95 663 212 0.759806
6879 chair 392 136 522 329 0.784322
6879 chair 480 158 699 444 0.883839
6879 chair 0 133 93 300 0.891051
6880 chair 0 301 41 526 0.379454
6880 chair 302 95 391 197 0.504331
6880 chair 336 98 438 212 0.705875
6880 chair 173 393 425 530 0.765329
6880 chair 107 107 202 240 0.783248
6880 chair 148 136 268 319 0.810746
6880 chair 544 157 701 347 0.842253
6880 chair 441 124 577 284 0.858248
6880 chair 373 106 496 251 0.902786
6880 chair 152 203 351 490 0.952387
6881 chair 48 118 150 171 0.369674
6881 chair 697 28 729 211 0.385291
6881 chair 186 66 253 178 0.46219
6881 chair 635 7 728 121 0.476041
6881 chair 227 66 302 182 0.592154
6881 chair 278 71 370 213 0.636152
6881 chair 341 77 483 273 0.900784
6881 chair 464 94 667 375 0.93563
6881 chair 64 186 399 527 0.949608
6882 chair 361 155 553 452 0.966244
6883 chair 267 116 385 265 0.819959
6883 chair 631 15 730 219 0.857687
6883 chair 532 1 658 140 0.867676
6883 table 345 80 637 389 0.892933
6883 chair 249 198 494 495 0.971076
6884 chair 699 54 729 152 0.369284
6884 chair 322 78 460 239 0.394848
6884 chair 94 295 730 529 0.475229
6884 chair 107 101 236 170 0.650468
6884 chair 490 100 728 422 0.850261
6884 chair 374 79 524 319 0.896848
6885 chair 136 83 252 204 0.370287
6885 chair 0 164 47 353 0.372243
6885 chair 0 94 91 206 0.375566
6885 chair 361 100 505 363 0.378154
6885 chair 309 101 459 266 0.471071
6885 chair 20 132 156 316 0.587171
6885 chair 133 114 305 299 0.661261
6885 chair 279 71 387 203 0.733774
6885 chair 0 232 119 529 0.851377
6885 chair 201 176 404 512 0.919484
6885 chair 416 174 670 499 0.965571
6886 table 614 234 730 528 0.556957
6886 chair 611 133 730 530 0.634424
6886 chair 567 117 730 238 0.668426
6886 desk 198 16 392 278 0.69144
6886 chair 379 208 639 528 0.942944
6887 chair 446 146 618 350 0.386459
6887 chair 456 76 542 158 0.494383
6887 chair 562 239 729 527 0.576853
6887 chair 479 123 622 272 0.685636
6887 chair 143 125 294 311 0.800436
6887 chair 613 97 712 258 0.828818
6887 chair 300 153 492 429 0.868842
6888 chair 0 117 48 278 0.410903
6888 chair 45 70 149 174 0.748503
6888 chair 472 66 578 198 0.783789
6888 table 88 105 359 394 0.949832
6888 chair 411 100 626 381 0.958361
6889 chair 0 73 99 236 0.430796
6889 table 306 196 619 492 0.659996
6889 chair 155 92 336 326 0.696082
6889 chair 280 125 529 472 0.741414
6889 table 157 123 341 343 0.75506
6889 chair 41 85 188 290 0.855771
6890 table 558 161 729 530 0.656457
6890 chair 240 23 362 223 0.712126
6890 chair 557 121 730 529 0.79934
6890 chair 1 38 115 223 0.830071
6890 chair 164 63 325 324 0.847002
6890 chair 6 145 281 528 0.859817
6891 chair 634 43 730 74 0.438274
6891 chair 483 109 727 352 0.453397
6891 chair 354 213 701 528 0.603168
6891 chair 383 32 466 194 0.749197
6891 chair 0 135 192 447 0.892717
6891 chair 282 54 398 248 0.920752
6891 chair 144 88 292 324 0.929188
6892 chair 249 70 301 106 0.442647
6892 chair 0 60 76 161 0.576826
6892 chair 392 90 536 229 0.731959
6892 chair 391 123 600 373 0.95249
6892 table 121 104 381 380 0.963598
6893 chair 677 118 730 285 0.409813
6893 table 410 78 575 140 0.566559
6893 chair 402 75 436 124 0.672754
6893 chair 254 106 380 302 0.887896
6893 table 311 129 659 513 0.906488
6894 chair 0 158 53 381 0.544088
6894 chair 191 118 398 386 0.581132
6894 chair 335 153 618 528 0.965862
6895 chair 290 82 398 218 0.550681
6895 chair 155 65 239 179 0.554571
6895 chair 142 90 300 270 0.73452
6895 chair 77 99 169 213 0.759616
6895 chair 220 257 727 530 0.786732
6895 chair 203 147 397 412 0.901868
6895 chair 0 178 181 525 0.917819
6895 chair 375 121 538 355 0.927076
6896 chair 585 271 728 528 0.939769
6897 chair 34 162 162 271 0.506189
6897 chair 0 366 126 529 0.66658
6897 chair 517 68 686 330 0.854189
6897 table 232 134 661 529 0.877846
6898 chair 371 117 520 341 0.414685
6898 chair 57 130 241 353 0.490936
6898 chair 285 92 408 237 0.595333
6898 chair 684 218 729 525 0.683614
6898 chair 0 249 229 530 0.844884
6898 chair 462 135 718 470 0.865185
6899 chair 197 130 290 285 0.674622
6899 chair 155 177 542 529 0.790084
6899 chair 42 199 199 477 0.824591
6899 chair 450 68 644 403 0.88883
6900 table 223 305 728 530 0.40051
6900 chair 0 353 239 529 0.69173
6901 desk 248 103 663 502 0.823227
6901 chair 264 105 581 497 0.944542
6902 chair 330 93 404 209 0.394234
6902 chair 216 124 346 314 0.540281
6902 chair 497 95 619 270 0.692554
6902 chair 256 234 523 530 0.730474
6902 chair 84 172 267 397 0.748599
6902 chair 0 252 99 527 0.859948
6902 chair 437 147 593 485 0.865711
6905 chair 552 166 730 300 0.378987
6905 chair 492 163 728 523 0.534889
6905 chair 303 124 425 309 0.793405
6905 chair 144 227 349 529 0.814711
6905 chair 0 345 216 530 0.896445
6905 chair 243 163 391 394 0.925315
6906 chair 0 232 89 431 0.480076
6906 chair 511 85 645 290 0.912247
6906 table 198 152 643 461 0.936161
6907 table 541 218 730 523 0.466961
6907 chair 0 407 216 528 0.696916
6907 chair 179 295 490 529 0.921118
6908 chair 188 156 289 312 0.400495
6908 chair 221 170 348 361 0.607926
6908 chair 285 198 461 460 0.755231
6908 chair 426 243 704 528 0.949916
6909 chair 56 164 182 307 0.382643
6909 chair 447 100 597 295 0.393188
6909 chair 629 41 728 186 0.407141
6909 chair 440 90 541 247 0.474304
6909 chair 0 228 111 460 0.767412
6909 chair 245 203 457 528 0.846206
6909 chair 503 138 729 507 0.877679
6910 bed 0 3 240 360 0.619376
6911 table 362 239 730 530 0.86664
6915 chair 371 143 522 214 0.366146
6915 chair 0 283 66 529 0.411443
6915 chair 261 145 378 200 0.426075
6915 chair 606 140 729 338 0.552744
6915 chair 5 375 315 530 0.567396
6915 chair 148 191 261 350 0.655562
6915 chair 242 199 443 421 0.669003
6915 chair 547 228 730 528 0.697325
6915 chair 321 212 610 514 0.699876
6915 chair 0 317 153 530 0.723452
6915 chair 168 194 336 378 0.740647
6915 chair 100 187 206 327 0.760799
6916 chair 430 45 482 86 0.377948
6916 chair 658 119 730 299 0.383494
6916 chair 263 106 333 166 0.500056
6916 chair 277 148 398 242 0.510767
6916 chair 705 32 730 118 0.548463
6916 chair 531 49 607 83 0.60232
6916 chair 150 153 291 252 0.657542
6916 chair 389 67 451 119 0.668157
6916 chair 612 38 694 75 0.681585
6916 chair 504 81 600 150 0.690094
6916 chair 457 58 523 105 0.701624
6916 chair 337 97 412 152 0.704297
6916 chair 415 90 502 141 0.725667
6916 chair 604 68 714 148 0.762748
6916 chair 519 127 728 339 0.764285
6916 chair 389 140 515 253 0.805635
6916 chair 366 243 652 528 0.934705
6916 chair 25 247 420 527 0.957465
6918 table 2 197 169 329 0.57959
6918 chair 147 192 275 377 0.782825
6918 table 108 200 293 400 0.796208
6918 chair 272 184 410 418 0.829183
6918 chair 436 157 673 521 0.945622
6919 chair 0 237 63 413 0.426558
6919 chair 0 219 111 368 0.687675
6919 chair 110 217 229 370 0.730502
6919 chair 442 129 619 413 0.847947
6919 chair 245 182 413 405 0.872968
6919 table 2 221 250 427 0.904515
6920 chair 368 136 501 327 0.430973
6920 chair 180 138 301 293 0.787693
6920 table 285 162 540 387 0.787788
6920 table 501 156 729 416 0.789206
6920 chair 533 246 728 442 0.847393
6920 table 49 158 359 351 0.903622
6921 chair 165 119 241 201 0.466576
6921 desk 279 76 538 372 0.591638
6921 chair 140 126 214 219 0.602176
6921 chair 67 145 171 273 0.689697
6921 chair 11 158 142 298 0.713631
6921 chair 107 133 199 242 0.733852
6923 chair 81 258 217 342 0.412509
6923 chair 0 293 107 521 0.501886
6923 chair 287 243 468 420 0.908497
6923 chair 0 338 287 530 0.916606
6923 chair 183 277 395 522 0.942794
6924 chair 0 161 34 219 0.402919
6924 chair 23 154 114 223 0.428384
6924 chair 0 220 59 471 0.551627
6924 chair 8 217 195 479 0.756386
6924 chair 283 134 406 309 0.785881
6924 chair 169 211 369 495 0.87729
6926 sofa 390 109 730 528 0.420496
6926 table 532 380 730 530 0.431411
6926 sofa 19 257 353 530 0.498091
6929 sofa 518 138 729 365 0.589547
6930 chair 0 190 105 420 0.571355
6930 table 248 147 508 437 0.828411
6930 chair 453 78 660 426 0.960558
6931 chair 0 167 105 448 0.673024
6931 chair 181 181 360 398 0.925811
6931 chair 518 93 661 305 0.939462
6931 table 311 139 612 360 0.940136
6932 chair 558 43 622 143 0.385869
6932 table 499 66 618 188 0.529405
6932 chair 381 98 486 318 0.621484
6932 chair 587 51 691 186 0.744957
6932 table 182 143 481 406 0.937078
6933 table 143 191 416 480 0.727116
6933 chair 130 136 337 396 0.790506
6934 table 131 133 490 360 0.916497
6934 chair 180 195 364 468 0.938417
6934 chair 443 91 607 332 0.938658
6935 table 102 153 385 454 0.572972
6935 chair 66 112 304 394 0.85546
6935 chair 329 174 653 529 0.967878
6936 bed 677 156 730 403 0.386681
6938 chair 468 140 676 341 0.382072
6938 sofa 266 217 546 496 0.410586
6941 sofa 412 114 661 362 0.403746
6941 table 238 126 420 214 0.405155
6942 table 0 105 480 525 0.567218
6943 chair 262 84 315 160 0.442782
6943 table 0 128 135 270 0.499382
6943 chair 302 96 376 148 0.690015
6943 chair 395 52 467 164 0.701285
6943 chair 327 108 432 257 0.712665
6943 chair 0 161 126 323 0.748653
6943 chair 425 113 578 363 0.754072
6943 chair 431 57 513 194 0.810496
6943 chair 134 109 219 230 0.850111
6943 chair 30 245 293 511 0.872729
6943 chair 274 208 508 525 0.904854
6943 table 189 148 426 409 0.939196
6945 chair 368 75 486 295 0.751169
6945 table 185 124 431 292 0.760985
6945 chair 153 242 438 529 0.884174
6945 chair 417 108 619 429 0.943978
6945 chair 4 181 238 429 0.974587
6946 chair 564 7 653 81 0.41257
6946 chair 426 52 505 131 0.535515
6946 chair 270 80 336 164 0.638206
6946 chair 177 129 253 238 0.686686
6946 table 271 128 490 383 0.779753
6946 chair 462 79 622 258 0.787004
6946 chair 605 8 700 155 0.842427
6946 chair 388 202 621 526 0.863254
6946 chair 192 138 376 328 0.884244
6946 chair 69 250 362 526 0.956951
6947 sofa 592 0 729 191 0.503762
6948 chair 1 143 232 494 0.431557
6948 chair 480 10 614 216 0.511071
6948 table 111 84 410 521 0.662626
6949 chair 709 33 729 168 0.427215
6949 table 289 149 584 388 0.93687
6950 chair 488 139 582 246 0.432099
6950 chair 90 200 224 372 0.482797
6950 chair 468 165 586 374 0.849375
6950 table 256 162 579 379 0.851114
6950 chair 122 223 310 432 0.923645
6950 chair 347 192 489 423 0.946447
6953 table 156 228 575 465 0.842692
6954 table 317 207 581 435 0.86096
6955 table 183 244 443 482 0.721096
6956 chair 594 49 726 278 0.522047
6956 chair 311 156 504 517 0.562489
6956 chair 52 223 288 523 0.921244
6957 table 158 179 404 441 0.563792
6957 chair 637 115 729 328 0.667309
6957 chair 143 208 314 440 0.726879
6957 chair 328 177 498 458 0.776412
6958 chair 0 225 91 498 0.423232
6958 chair 377 134 531 403 0.440752
6958 chair 241 182 402 400 0.551976
6958 chair 11 232 229 479 0.797161
6959 table 322 129 511 410 0.383032
6959 chair 501 90 643 318 0.507538
6959 chair 128 187 362 478 0.78587
6959 chair 358 162 553 478 0.888291
6960 chair 130 141 352 429 0.455372
6960 chair 418 118 589 381 0.722134
6960 chair 235 116 388 355 0.802222
6961 chair 66 152 292 415 0.436446
6961 chair 306 118 528 477 0.538097
6961 chair 634 59 730 253 0.836545
6962 table 649 61 729 160 0.379587
6962 chair 142 211 302 376 0.385149
6962 chair 595 0 665 128 0.425091
6962 table 143 26 332 107 0.431369
6962 table 345 28 480 92 0.451035
6962 chair 220 73 341 211 0.61607
6962 chair 305 69 415 238 0.670621
6962 chair 576 152 730 405 0.732865
6962 chair 404 54 505 210 0.744669
6962 chair 493 44 586 210 0.771809
6962 table 154 88 584 302 0.857892
6962 chair 299 242 538 524 0.920748
6963 chair 53 124 128 213 0.459297
6963 chair 223 133 296 172 0.476362
6963 chair 0 181 93 409 0.493605
6963 chair 117 163 207 204 0.500763
6963 table 0 87 304 300 0.532007
6963 chair 258 187 415 438 0.54452
6963 chair 191 110 252 172 0.56694
6963 chair 321 109 389 143 0.630143
6963 chair 451 91 549 259 0.632081
6963 chair 123 119 190 165 0.664725
6963 chair 0 329 100 528 0.694289
6963 chair 103 254 290 502 0.739221
6963 chair 380 148 516 376 0.76281
6963 table 2 108 588 522 0.845514
6963 chair 493 116 623 332 0.864953
6964 table 312 28 563 155 0.402359
6964 chair 354 98 421 151 0.472481
6964 chair 0 73 56 350 0.49571
6964 chair 562 181 730 525 0.521218
6964 chair 288 45 371 146 0.553068
6964 chair 520 70 640 280 0.618387
6964 chair 108 137 239 316 0.624013
6964 chair 545 18 651 160 0.724329
6964 chair 407 59 508 154 0.800582
6964 chair 114 386 387 530 0.862553
6964 chair 0 217 231 483 0.866938
6964 table 76 139 370 382 0.899029
6964 table 211 152 614 478 0.965698
6965 chair 0 5 103 165 0.437972
6965 chair 374 1 449 53 0.438386
6965 table 347 29 666 238 0.749673
6965 chair 494 53 678 280 0.767024
6965 chair 1 242 282 524 0.869315
6965 chair 202 66 366 301 0.878852
6965 chair 296 124 514 448 0.930913
6965 table 145 72 508 376 0.934953
6966 chair 614 25 693 128 0.496212
6966 chair 251 83 322 196 0.553932
6966 table 243 8 524 208 0.564871
6966 chair 367 40 435 131 0.566336
6966 chair 315 121 484 340 0.612457
6966 chair 119 109 247 299 0.675082
6966 chair 0 193 156 382 0.697948
6966 chair 53 113 176 275 0.72666
6966 chair 399 27 471 129 0.728094
6966 chair 467 7 544 116 0.756613
6966 chair 537 76 662 274 0.799058
6966 table 0 125 184 318 0.812301
6966 table 322 119 672 468 0.854557
6966 chair 500 255 730 529 0.904781
6966 chair 265 216 514 528 0.951432
6967 chair 323 0 407 98 0.429817
6967 table 271 0 411 115 0.50087
6967 chair 264 0 352 116 0.577551
6967 chair 603 0 727 135 0.695128
6967 chair 369 85 548 341 0.804491
6967 chair 118 157 362 420 0.823407
6967 table 165 96 548 418 0.916412
6968 table 0 45 73 239 0.418939
6968 chair 0 37 35 199 0.44747
6968 chair 188 0 270 65 0.459732
6968 chair 382 45 558 302 0.499257
6968 chair 30 0 128 153 0.554264
6968 chair 38 38 187 229 0.677822
6968 table 1 0 206 239 0.894484
6968 chair 216 53 355 252 0.896723
6968 table 220 65 560 391 0.932506
6968 chair 78 198 367 525 0.94178
6968 chair 337 155 589 485 0.953145
6969 chair 246 32 300 101 0.404108
6969 chair 0 41 45 155 0.445394
6969 chair 437 1 513 104 0.475314
6969 chair 514 33 630 178 0.494122
6969 chair 56 66 154 188 0.497364
6969 chair 220 102 412 347 0.497881
6969 chair 180 66 271 158 0.55507
6969 chair 3 108 164 270 0.637887
6969 table 524 5 727 206 0.647725
6969 chair 623 17 729 184 0.682081
6969 chair 338 17 426 111 0.719158
6969 chair 438 76 576 337 0.804711
6969 table 329 1 462 109 0.819945
6969 table 200 104 535 422 0.826899
6969 table 54 60 254 239 0.881296
6969 chair 117 207 345 511 0.916649
6969 chair 331 237 544 527 0.923269
6970 chair 666 56 729 228 0.370403
6970 chair 167 76 235 163 0.398249
6970 chair 442 38 490 59 0.406411
6970 table 141 59 268 177 0.497609
6970 chair 192 54 254 139 0.515983
6970 chair 0 109 86 256 0.548965
6970 chair 101 71 195 190 0.553031
6970 chair 628 33 714 181 0.595624
6970 chair 340 62 367 89 0.60806
6970 chair 250 100 324 245 0.634164
6970 chair 462 82 572 243 0.680482
6970 chair 308 78 392 246 0.762535
6970 chair 397 120 559 336 0.845291
6970 table 181 63 526 368 0.867368
6970 chair 149 207 368 461 0.944512
6971 table 513 54 647 157 0.393988
6971 chair 499 72 573 108 0.399197
6971 chair 146 117 270 296 0.45094
6971 table 0 100 105 252 0.513601
6971 table 590 15 689 112 0.632846
6971 chair 24 148 186 336 0.662583
6971 chair 251 142 428 382 0.691668
6971 chair 533 194 729 446 0.698421
6971 chair 103 102 203 253 0.738639
6971 chair 504 106 611 159 0.747625
6971 table 299 54 424 167 0.750967
6971 chair 298 68 380 169 0.795799
6971 table 74 109 284 329 0.823789
6971 table 296 141 645 448 0.905813
6971 chair 325 256 550 528 0.964868
6972 chair 108 75 322 328 0.366706
6972 table 203 69 469 440 0.469657
6972 chair 26 107 337 503 0.819476
6972 chair 351 90 607 462 0.822159
6973 chair 79 290 396 529 0.731695
6973 table 93 158 553 447 0.90125
6974 table 76 129 326 513 0.582248
6974 table 319 89 450 266 0.608513
6974 chair 148 114 303 304 0.62732
6974 chair 395 72 494 258 0.705487
6974 chair 252 107 406 389 0.742445
6974 chair 433 86 556 276 0.784977
6974 chair 584 97 727 300 0.792481
6974 chair 0 153 214 528 0.912043
6974 chair 307 143 529 528 0.936402
6975 table 6 281 369 426 0.375102
6975 desk 10 281 369 425 0.382716
6975 chair 417 300 561 426 0.843315
6976 desk 0 273 409 423 0.666472
6976 chair 127 318 347 425 0.904283
6977 desk 367 268 446 385 0.437913
6977 chair 138 252 215 313 0.70965
6977 chair 334 368 445 425 0.80286
6977 chair 219 307 270 343 0.805291
6977 table 3 313 387 427 0.85355
6977 chair 266 322 324 378 0.880295
6978 table 508 325 561 425 0.586153
6978 chair 24 303 156 422 0.64203
6978 chair 204 315 315 425 0.850019
6978 chair 273 281 351 390 0.87356
6978 chair 0 328 111 425 0.873773
6978 chair 121 344 277 425 0.899521
6978 chair 352 323 472 425 0.928186
6979 chair 0 256 120 425 0.562322
6979 chair 276 296 360 388 0.587834
6979 chair 169 394 278 424 0.597158
6979 chair 171 306 284 423 0.619769
6979 chair 430 357 560 427 0.635386
6979 chair 345 305 460 424 0.638486
6979 chair 280 323 416 425 0.871563
6981 bookshelf 55 34 497 289 0.662618
6982 desk 0 330 558 427 0.63406
6985 chair 499 298 558 424 0.766851
6985 table 94 298 534 427 0.856498
6985 chair 344 264 423 301 0.880883
6985 chair 199 275 248 331 0.897331
6985 chair 144 287 217 362 0.912659
6985 chair 41 310 161 426 0.94554
6986 chair 523 316 560 421 0.432127
6986 chair 79 304 150 383 0.449497
6986 chair 0 289 35 426 0.457455
6986 chair 386 279 445 335 0.584275
6986 chair 77 325 152 425 0.643501
6986 chair 415 294 503 362 0.753367
6986 table 146 311 561 427 0.781377
6986 chair 203 279 282 318 0.876832
6987 desk 189 265 545 426 0.660895
6988 chair 192 289 371 426 0.396173
6989 table 106 336 281 426 0.472574
6989 desk 106 336 281 427 0.638447
6990 bookshelf 2 1 475 206 0.658479
6991 chair 358 289 492 417 0.682177
6991 table 0 284 402 426 0.789354
6991 chair 350 393 454 425 0.798675
6991 chair 49 279 109 333 0.8416
6991 chair 159 260 198 304 0.845573
6991 chair 266 320 434 425 0.866945
6992 chair 248 380 358 425 0.391388
6992 table 189 312 560 427 0.702153
6992 chair 139 300 207 340 0.713936
6992 chair 530 313 561 371 0.765644
6992 chair 87 339 251 426 0.829816
6992 chair 421 295 489 343 0.85373
6993 toilet 78 254 253 425 0.884038
6994 toilet 80 142 280 425 0.901038
6996 bathtub 293 327 561 427 0.57805
6996 toilet 0 310 101 427 0.935856
6997 sofa 266 286 561 427 0.936431
6998 sofa 0 213 286 426 0.459092
6998 sofa 426 269 560 427 0.649661
6998 bookshelf 162 14 458 420 0.984494
6999 desk 207 239 440 425 0.439555
6999 chair 276 256 434 425 0.481233
6999 bookshelf 500 42 561 426 0.678124
7000 desk 376 268 561 425 0.54154
7001 table 0 246 440 425 0.47646
7001 desk 1 245 438 427 0.626557
7001 chair 119 320 283 427 0.834009
7002 chair 489 339 561 426 0.770553
7002 table 351 279 560 425 0.826589
7002 chair 302 295 450 425 0.93261
7003 bed 0 269 557 427 0.372906
7003 bed 85 359 482 427 0.535031
7004 bed 0 379 350 427 0.529928
7004 desk 348 320 517 425 0.741121
7005 bed 238 309 560 426 0.530629
7007 bookshelf 258 118 456 424 0.79984
7008 table 0 252 101 425 0.439103
7008 bookshelf 0 252 101 425 0.668307
7008 dresser 224 188 501 426 0.893487
7009 bookshelf 36 223 362 425 0.90581
7010 night_stand 28 205 167 323 0.462594
7010 bed 10 214 543 425 0.918356
7011 bed 121 235 560 426 0.923095
7012 bookshelf 142 1 336 425 0.858916
7013 bed 463 294 561 425 0.463773
7013 bed 0 261 368 426 0.85939
7014 bed 1 227 269 427 0.671578
7014 bed 176 296 561 424 0.696342
7015 dresser 69 89 348 426 0.912437
7017 night_stand 310 293 547 425 0.57281
7017 bed 0 146 349 427 0.889401
7018 bed 380 274 561 427 0.805665
7018 dresser 0 214 262 426 0.920243
7019 bed 45 364 150 426 0.539464
7019 table 138 315 561 426 0.585944
7020 table 0 192 222 425 0.723533
7022 table 0 262 556 426 0.386708
7022 chair 259 225 369 427 0.576746
7022 chair 136 218 270 425 0.706635
7024 chair 433 163 560 426 0.799167
7026 chair 216 183 283 415 0.67023
7027 bookshelf 91 15 277 317 0.433748
7028 bed 307 68 561 423 0.790376
7030 bookshelf 11 16 561 423 0.721648
7031 table 322 370 561 426 0.474308
7032 bookshelf 0 2 210 424 0.394831
7032 bookshelf 346 1 561 425 0.794434
7035 bookshelf 0 1 210 422 0.631051
7035 table 204 264 559 425 0.910731
7037 sofa 0 216 194 411 0.646547
7038 bookshelf 216 124 314 316 0.468925
7040 desk 1 325 559 427 0.368318
7044 table 0 256 97 329 0.558592
7045 bed 86 298 561 427 0.455597
7045 table 0 277 194 387 0.734849
7046 sofa 225 219 350 296 0.572462
7047 table 0 278 450 427 0.465376
7047 bed 0 196 120 373 0.712398
7049 desk 0 236 99 371 0.42874
7051 bookshelf 393 148 525 316 0.454573
7052 bookshelf 44 1 230 275 0.505802
7053 desk 0 207 259 426 0.74616
7055 bed 0 290 560 426 0.519273
7055 bed 9 116 559 426 0.565252
7056 chair 32 205 219 425 0.448442
7057 toilet 69 184 159 260 0.475362
7057 dresser 30 121 256 250 0.658276
7060 desk 0 235 560 427 0.543565
7062 desk 63 303 293 427 0.760726
7063 chair 318 341 559 426 0.608218
7064 bed 0 176 376 425 0.474032
7065 chair 450 218 502 422 0.425463
7065 chair 454 218 561 425 0.803884
7066 sofa 0 236 432 426 0.487366
7066 chair 322 63 418 133 0.554883
7067 bookshelf 91 76 484 425 0.988664
7068 table 0 353 319 427 0.437715
7068 sofa 302 256 560 426 0.942377
7069 chair 418 321 552 425 0.652529
7069 chair 215 325 428 425 0.895684
7072 sofa 0 171 376 425 0.967443
7073 table 368 221 561 411 0.473055
7073 chair 101 352 297 427 0.561111
7073 chair 367 232 479 382 0.792279
7075 chair 112 222 159 424 0.56525
7076 chair 0 181 77 425 0.362289
7076 bookshelf 4 196 560 425 0.444521
7077 chair 178 237 296 421 0.4463
7077 chair 244 204 414 427 0.553403
7078 sofa 0 242 407 426 0.86429
7079 toilet 0 214 210 425 0.990859
7080 dresser 0 238 402 426 0.921818
7083 desk 215 238 480 426 0.696786
7085 bed 0 221 308 427 0.692511
7086 chair 441 12 560 426 0.373704
7087 chair 290 187 560 426 0.691195
7087 chair 0 193 145 425 0.905566
7087 chair 162 164 288 384 0.914221
7088 desk 0 270 372 425 0.380019
7089 table 276 227 543 427 0.61862
7089 chair 0 225 32 424 0.695817
7089 chair 175 184 336 426 0.919714
7090 chair 32 215 531 425 0.834321
7091 night_stand 0 347 210 425 0.933968
7091 bed 191 173 561 427 0.953922
7092 dresser 402 271 561 425 0.734242
7093 bed 0 114 274 426 0.940935
7094 chair 29 263 158 406 0.543918
7095 chair 226 313 322 426 0.595685
7095 chair 49 267 183 425 0.712401
7095 chair 383 275 561 425 0.855177
7096 table 0 324 54 427 0.407036
7096 bookshelf 217 189 253 350 0.609532
7096 chair 12 330 85 427 0.748132
7097 chair 0 349 115 425 0.685161
7097 table 0 289 179 426 0.68964
7097 chair 111 311 197 425 0.776938
7098 bed 0 61 154 353 0.407215
7099 table 337 268 554 418 0.666116
7099 bookshelf 193 80 314 359 0.778173
7100 sofa 26 253 229 392 0.398826
7101 chair 123 228 199 324 0.375806
7101 sofa 460 201 560 410 0.404126
7101 table 0 296 535 426 0.794469
7102 sofa 370 217 491 343 0.461415
7102 sofa 0 259 301 427 0.923881
7104 bookshelf 432 120 561 249 0.362883
7104 table 463 264 561 348 0.409178
7106 chair 151 267 236 384 0.634879
7107 desk 244 309 418 426 0.518793
7107 chair 244 302 342 425 0.878887
7107 chair 133 297 227 427 0.912735
7109 desk 153 294 460 426 0.398822
7109 chair 318 277 382 419 0.47172
7109 chair 231 308 329 427 0.919455
7109 chair 344 312 449 426 0.945222
7110 bookshelf 345 77 558 427 0.578166
7110 table 163 271 363 425 0.793161
7111 chair 351 372 495 425 0.406076
7111 desk 366 325 560 424 0.433766
7112 chair 86 324 275 425 0.390951
7112 sofa 355 335 464 427 0.401195
7112 table 452 329 560 427 0.620414
7113 sofa 0 273 297 425 0.633814
7113 table 365 365 561 426 0.689744
7114 chair 248 280 444 425 0.714038
7115 chair 201 261 261 332 0.737612
7115 chair 124 267 184 358 0.866574
7115 bed 362 295 560 427 0.882337
7116 bed 0 249 203 415 0.631583
7117 chair 263 292 312 363 0.589314
7118 sofa 243 269 561 427 0.640863
7119 chair 0 258 154 426 0.595474
7119 chair 357 245 474 412 0.73799
7119 chair 213 241 339 385 0.785778
7120 chair 394 256 479 336 0.39826
7120 desk 459 262 561 344 0.531973
7120 sofa 32 315 561 426 0.764615
7123 desk 115 297 558 427 0.55591
7124 table 23 314 560 427 0.394656
7125 bed 0 197 181 425 0.508455
7125 sofa 225 259 561 425 0.940954
7126 table 0 313 256 426 0.443987
7126 desk 1 303 480 427 0.500952
7126 chair 222 250 360 427 0.675203
7127 chair 451 105 561 410 0.435504
7128 sofa 0 294 398 426 0.406668
7128 bed 0 292 399 426 0.437577
7129 bookshelf 382 2 517 421 0.407756
7130 table 130 246 377 424 0.382481
7130 chair 59 235 192 427 0.836202
7130 chair 297 263 432 427 0.915645
7131 table 393 322 559 427 0.665504
7131 sofa 23 228 427 425 0.975528
7132 bookshelf 348 1 510 424 0.854834
7133 chair 0 206 84 418 0.835254
7134 sofa 0 273 240 425 0.407766
7134 bed 0 273 240 425 0.59537
7134 table 369 259 560 417 0.635721
7134 chair 368 275 436 360 0.711743
7135 chair 32 296 175 417 0.67411
7135 chair 444 323 561 425 0.874542
7137 chair 84 258 280 427 0.698457
7138 table 0 216 128 335 0.441828
7138 chair 318 174 363 297 0.706767
7138 chair 12 255 92 323 0.784839
7138 chair 187 215 377 425 0.831174
7139 table 0 254 262 425 0.740085
7140 chair 17 238 95 326 0.600141
7140 table 16 234 191 331 0.601435
7140 chair 0 279 67 424 0.837568
7141 chair 334 354 433 425 0.455628
7141 chair 478 275 561 406 0.556712
7141 chair 254 281 347 425 0.67917
7141 table 373 295 560 425 0.912326
7142 chair 169 260 221 306 0.546192
7142 chair 0 261 101 426 0.669151
7142 chair 426 293 534 420 0.724355
7142 table 8 273 518 427 0.843179
7142 chair 299 344 461 425 0.865107
7144 chair 176 257 237 363 0.444022
7144 chair 0 345 124 425 0.724797
7144 chair 110 265 194 409 0.788443
7144 table 0 288 198 423 0.82854
7144 chair 274 268 350 387 0.852317
7145 chair 142 195 181 211 0.450387
7145 desk 153 225 245 324 0.459517
7145 chair 0 340 32 408 0.508771
7145 chair 52 196 112 278 0.546715
7145 chair 148 218 175 245 0.586235
7145 desk 27 284 191 343 0.596895
7145 chair 103 239 141 277 0.672053
7145 desk 253 189 416 322 0.675083
7145 chair 34 274 93 324 0.69774
7145 desk 0 344 199 425 0.798651
7145 chair 425 221 561 420 0.972001
7146 chair 381 294 462 346 0.377316
7146 desk 457 174 540 250 0.381314
7146 chair 128 302 209 425 0.393894
7146 desk 248 210 372 311 0.446413
7146 chair 163 214 212 239 0.452551
7146 chair 83 273 187 424 0.54395
7146 chair 477 245 539 289 0.57326
7146 desk 463 265 561 424 0.58568
7146 desk 400 180 484 282 0.595951
7146 chair 37 257 113 403 0.617059
7146 desk 188 335 440 426 0.69369
7146 chair 249 202 341 310 0.732614
7146 desk 338 195 436 305 0.751946
7146 chair 404 177 476 279 0.790197
7146 chair 341 188 426 296 0.832179
7146 desk 361 312 561 427 0.874433
7147 desk 45 189 229 229 0.460051
7147 desk 357 224 429 310 0.537503
7147 chair 455 321 561 425 0.574923
7147 desk 368 250 470 323 0.628591
7147 desk 178 229 277 355 0.802203
7147 desk 94 225 210 331 0.824655
7147 chair 0 249 107 423 0.850981
7147 desk 269 318 457 426 0.932218
7148 chair 96 210 137 337 0.368476
7148 desk 132 250 281 316 0.4429
7148 desk 396 184 477 259 0.467588
7148 chair 519 209 561 252 0.477594
7148 desk 128 224 236 257 0.540513
7148 desk 203 366 459 426 0.66099
7148 desk 384 259 560 423 0.68858
7148 chair 311 189 384 304 0.690979
7148 chair 164 310 219 427 0.728426
7148 chair 112 260 184 421 0.741368
7148 chair 419 278 552 425 0.765267
7148 desk 291 203 397 312 0.88954
7149 bookshelf 335 186 507 294 0.485778
7149 chair 96 318 200 425 0.53656
7149 chair 123 254 211 361 0.615862
7149 table 0 263 112 427 0.760328
7149 chair 417 246 481 339 0.885132
7149 chair 431 262 506 373 0.893166
7149 chair 484 270 561 402 0.913954
7149 chair 208 254 337 425 0.943355
7150 chair 263 214 309 258 0.55186
7150 chair 109 388 176 426 0.553786
7150 chair 293 243 342 264 0.566902
7150 chair 428 271 489 425 0.567932
7150 desk 158 367 372 425 0.583151
7150 chair 79 287 165 406 0.607167
7150 chair 212 211 262 256 0.627813
7150 chair 149 271 253 402 0.656689
7150 chair 25 277 110 400 0.669444
7150 bookshelf 360 11 464 264 0.683564
7150 chair 359 315 434 425 0.772153
7151 table 0 316 188 425 0.378519
7151 table 0 179 94 311 0.688013
7151 chair 0 197 67 304 0.745133
7151 chair 113 223 179 345 0.786127
7151 chair 259 217 368 398 0.873062
7151 table 78 195 361 396 0.898142
7152 chair 74 183 159 329 0.37237
7152 chair 18 185 101 317 0.434479
7152 desk 275 128 514 235 0.442796
7152 table 293 196 561 398 0.848743
7152 chair 446 258 559 417 0.85551
7152 chair 0 254 73 424 0.888504
7152 chair 345 258 449 412 0.912378
7152 table 0 194 198 374 0.939471
7153 chair 64 162 130 179 0.657392
7153 chair 177 164 218 179 0.658262
7153 chair 120 226 214 363 0.896409
7153 table 0 174 273 339 0.909802
7153 chair 17 221 118 359 0.915525
7154 chair 0 294 56 423 0.628126
7154 table 0 304 105 424 0.784139
7155 chair 182 200 238 288 0.363186
7155 chair 137 395 231 425 0.505788
7155 chair 75 219 168 319 0.608505
7155 table 37 297 334 425 0.822241
7155 table 261 229 525 386 0.877787
7155 chair 331 234 418 358 0.895666
7156 table 6 229 385 419 0.373597
7156 desk 367 204 558 340 0.394141
7156 chair 61 203 183 399 0.523136
7156 chair 62 302 185 425 0.605178
7156 chair 0 224 47 399 0.628719
7156 table 409 306 561 426 0.720836
7156 chair 417 238 527 329 0.733059
7156 chair 214 223 338 425 0.847697
7157 chair 408 172 532 392 0.614855
7157 chair 336 191 393 336 0.620597
7158 chair 193 262 272 406 0.455818
7158 table 246 219 547 427 0.495455
7158 chair 0 164 105 283 0.598687
7158 chair 433 171 478 259 0.607297
7158 chair 146 150 252 358 0.655095
7158 chair 332 179 394 242 0.700064
7158 desk 0 186 101 426 0.774164
7158 chair 388 181 447 259 0.777754
7159 desk 232 160 309 235 0.406831
7159 desk 225 209 456 426 0.418426
7159 table 226 212 480 426 0.434512
7159 desk 299 166 382 222 0.463607
7159 chair 454 315 550 425 0.673625
7159 table 0 248 168 425 0.722995
7159 table 0 178 115 262 0.730493
7159 chair 79 180 127 263 0.786398
7159 chair 12 191 86 269 0.804575
7160 chair 439 241 494 283 0.451855
7160 chair 352 230 400 257 0.479208
7160 chair 289 342 399 425 0.657738
7160 desk 0 239 99 424 0.658401
7160 table 335 215 534 296 0.668522
7160 table 111 249 491 427 0.687268
7160 chair 144 306 262 426 0.869151
7161 table 253 305 439 425 0.423478
7161 chair 264 210 303 223 0.423788
7161 chair 82 192 127 259 0.436584
7161 chair 348 177 408 264 0.624298
7161 chair 419 224 487 318 0.689912
7161 chair 234 237 285 282 0.72154
7161 table 120 214 320 303 0.729288
7161 chair 139 231 191 260 0.755789
7161 table 0 258 279 427 0.772136
7161 chair 45 369 173 425 0.80804
7162 table 0 215 48 426 0.464218
7162 chair 240 155 293 264 0.476949
7162 chair 105 157 165 255 0.645855
7162 chair 57 167 112 279 0.747082
7162 chair 0 239 79 425 0.805274
7162 chair 184 191 282 303 0.833447
7162 table 114 154 318 288 0.931974
7163 desk 470 238 561 426 0.396745
7163 desk 375 130 558 264 0.420722
7163 chair 456 337 560 426 0.62983
7163 desk 218 197 387 386 0.769502
7163 chair 412 146 494 256 0.776229
7163 chair 150 189 240 338 0.797657
7163 chair 252 212 350 382 0.800673
7163 desk 291 273 559 425 0.908138
7164 bookshelf 216 48 363 160 0.398895
7164 chair 76 215 142 248 0.439334
7164 chair 229 197 305 287 0.529411
7164 chair 0 280 42 427 0.540622
7164 chair 299 185 374 303 0.581274
7164 chair 352 240 456 374 0.612504
7164 table 313 196 525 344 0.725209
7164 chair 192 236 289 405 0.777395
7164 chair 186 183 238 237 0.789073
7164 chair 447 221 528 342 0.857596
7164 chair 39 345 160 425 0.907595
7164 table 0 243 260 424 0.919576
7165 chair 493 197 561 366 0.386214
7165 chair 420 203 479 229 0.412858
7165 table 324 225 560 400 0.766194
7165 chair 0 250 75 422 0.844555
7165 chair 308 252 387 388 0.867088
7165 chair 373 303 503 425 0.88021
7166 chair 144 218 227 329 0.382737
7166 table 290 245 560 425 0.536344
7166 table 27 256 232 413 0.560248
7166 chair 185 230 262 360 0.838401
7166 chair 79 291 199 424 0.920932
7167 desk 35 197 186 248 0.375584
7167 desk 0 227 28 327 0.419655
7167 chair 51 209 98 261 0.505722
7167 desk 298 198 405 300 0.569326
7167 chair 454 324 561 427 0.744027
7167 chair 268 213 319 276 0.781226
7168 bookshelf 372 214 561 425 0.424373
7168 chair 17 144 95 250 0.618022
7168 chair 460 169 514 212 0.699856
7168 chair 310 196 378 271 0.749656
7168 chair 410 157 458 212 0.781895
7168 table 241 162 386 259 0.858909
7168 chair 51 168 140 295 0.863552
7169 chair 493 202 561 396 0.512098
7169 chair 408 143 499 250 0.884398
7169 chair 430 176 555 315 0.921897
7170 desk 21 188 290 333 0.574481
7170 chair 515 210 561 341 0.622398
7170 chair 484 159 561 265 0.775489
7171 table 213 170 347 318 0.66264
7171 table 62 155 193 274 0.688303
7171 chair 0 181 65 365 0.809108
7171 chair 137 217 299 423 0.940517
7172 table 298 149 454 283 0.368449
7172 desk 297 149 455 283 0.416738
7172 chair 346 282 560 427 0.889821
7172 chair 82 135 203 297 0.89359
7172 chair 116 174 274 381 0.962657
7173 desk 329 167 483 314 0.466887
7173 desk 464 205 560 419 0.503765
7173 table 463 208 561 418 0.5781
7173 chair 198 171 344 339 0.749873
7173 chair 210 225 410 425 0.947671
7174 chair 106 233 183 317 0.369791
7174 chair 116 395 169 424 0.494916
7174 chair 103 234 182 255 0.541226
7174 chair 113 315 239 425 0.62143
7174 chair 58 216 129 247 0.691661
7174 chair 159 265 276 426 0.786337
7174 table 0 242 218 425 0.939788
7175 chair 444 129 561 257 0.466127
7175 chair 0 167 50 215 0.594826
7175 chair 353 99 440 120 0.662117
7175 chair 58 135 148 184 0.806377
7175 chair 137 113 200 154 0.875955
7175 chair 365 238 561 426 0.919888
7175 table 0 112 488 422 0.963252
7176 chair 194 193 313 230 0.718533
7176 chair 490 194 560 242 0.773343
7176 chair 28 293 284 425 0.816483
7176 table 128 196 560 425 0.927996
7177 chair 282 205 463 425 0.762384
7177 table 98 171 454 425 0.931979
7178 table 344 238 559 427 0.381609
7178 chair 489 143 561 274 0.391677
7178 chair 0 250 179 425 0.479879
7179 table 134 145 384 303 0.57725
7179 chair 110 130 172 283 0.857784
7179 chair 145 129 264 317 0.894404
7179 chair 270 140 392 325 0.912814
7180 chair 361 114 429 158 0.420876
7180 table 168 141 524 394 0.802996
7180 chair 140 124 228 353 0.937496
7180 chair 386 167 561 425 0.959064
7180 chair 204 144 379 425 0.960972
7181 chair 257 381 472 425 0.432555
7181 bookshelf 80 1 277 134 0.511823
7181 bed 87 145 560 427 0.830095
7182 chair 315 185 445 399 0.437328
7182 chair 0 183 135 284 0.534245
7182 chair 421 117 515 287 0.632392
7182 chair 317 183 447 274 0.76832
7182 table 0 230 493 427 0.862966
7182 chair 358 277 560 427 0.887297
7185 desk 0 212 90 426 0.477508
7185 dresser 0 213 90 426 0.485947
7185 table 186 214 419 388 0.613583
7185 sofa 289 243 561 424 0.872042
7186 bed 0 189 244 425 0.383005
7187 table 226 170 556 411 0.507222
7188 chair 111 105 193 215 0.827651
7189 bookshelf 392 0 560 139 0.374945
7189 chair 271 124 390 306 0.929192
7190 bookshelf 0 2 160 423 0.853899
7191 table 223 111 326 242 0.375295
7191 sofa 230 116 560 426 0.84826
7191 chair 0 47 210 378 0.912641
7192 desk 1 99 355 362 0.808106
7192 chair 342 62 545 425 0.96344
7193 bookshelf 5 0 336 210 0.665138
7193 desk 173 171 561 425 0.793787
7194 table 86 214 561 426 0.387248
7194 bookshelf 0 0 307 246 0.804747
7195 bookshelf 1 1 487 319 0.947709
7196 bed 0 122 188 356 0.494023
7196 desk 124 182 398 408 0.50046
7196 bookshelf 215 2 560 324 0.627626
7196 table 125 183 398 407 0.630531
7196 chair 258 216 396 411 0.802251
7196 chair 48 186 230 426 0.943752
7197 desk 139 278 561 427 0.442122
7197 bed 0 177 215 393 0.472117
7197 bookshelf 206 0 561 313 0.919266
7198 bookshelf 0 1 161 265 0.560679
7198 table 0 219 307 427 0.620381
7198 chair 289 313 557 427 0.747032
7198 sofa 278 162 561 361 0.955704
7199 bookshelf 0 1 395 388 0.726103
7200 bookshelf 178 3 559 427 0.820518
7201 sofa 0 147 86 419 0.408235
7201 bookshelf 474 0 561 385 0.723488
7201 chair 105 105 211 259 0.924237
7202 sofa 156 91 355 303 0.837334
7202 chair 377 92 477 245 0.915386
7203 table 261 306 559 427 0.37493
7204 chair 519 173 560 284 0.383832
7204 desk 127 245 381 425 0.531558
7205 chair 320 188 560 426 0.537052
7205 chair 108 218 196 283 0.553397
7205 chair 305 178 398 324 0.730472
7206 chair 87 176 322 425 0.936815
7207 bed 237 192 561 426 0.551301
7207 bookshelf 0 2 84 183 0.607481
7208 chair 0 52 94 223 0.465145
7208 desk 60 129 485 425 0.620697
7208 bookshelf 1 0 427 191 0.836161
7208 chair 0 139 65 377 0.86711
7209 desk 0 115 209 423 0.376161
7209 bookshelf 339 1 559 207 0.436884
7209 desk 320 113 560 426 0.885383
7209 chair 193 97 329 334 0.917881
7210 desk 326 101 430 282 0.378065
7210 desk 330 72 558 284 0.573646
7210 chair 463 44 561 270 0.924732
7211 sofa 403 169 560 422 0.433896
7212 table 340 147 386 234 0.38876
7212 chair 378 105 559 317 0.457158
7212 bookshelf 0 0 165 236 0.748386
7213 bookshelf 269 0 491 294 0.629209
7214 chair 459 140 561 407 0.536224
7214 sofa 0 253 252 427 0.618016
7214 bookshelf 0 1 159 359 0.830768
7217 chair 315 79 475 328 0.791237
7219 bed 125 153 502 427 0.367927
7221 desk 150 167 561 426 0.397038
7222 night_stand 125 199 236 394 0.373661
7223 desk 23 173 526 425 0.550871
7224 chair 45 192 203 343 0.658282
7224 chair 10 124 129 261 0.89784
7224 table 116 114 402 368 0.912606
7224 chair 251 220 426 424 0.948415
7225 desk 0 189 516 425 0.816191
7226 table 469 143 561 412 0.404641
7226 desk 0 143 180 423 0.420733
7226 desk 469 143 561 419 0.486621
7226 chair 313 129 484 392 0.924337
7227 sofa 206 199 475 366 0.487348
7227 chair 522 224 561 363 0.550813
7227 chair 149 340 418 424 0.730892
7228 sofa 0 204 247 360 0.51532
7230 chair 308 164 452 425 0.853493
7230 chair 416 156 525 363 0.872992
7230 chair 184 162 324 421 0.907205
7230 table 87 187 477 412 0.928732
7231 table 96 195 298 352 0.720463
7231 chair 0 177 58 414 0.916983
7231 sofa 182 139 393 272 0.954471
7232 sofa 0 149 75 310 0.729425
7233 table 0 133 128 390 0.39389
7233 table 206 295 546 427 0.609228
7233 sofa 160 103 559 321 0.959261
7234 chair 519 110 560 267 0.669646
7235 chair 158 240 271 420 0.774277
7235 sofa 320 209 560 426 0.895732
7236 chair 458 191 561 424 0.5853
7237 chair 213 140 344 296 0.436601
7238 chair 317 172 349 256 0.772092
7239 dresser 0 116 192 359 0.596699
7239 chair 226 221 311 340 0.865834
7240 chair 135 255 259 427 0.803101
7241 sofa 455 194 561 425 0.510581
7241 bed 81 160 377 355 0.550711
7241 table 379 167 561 297 0.716391
7242 sofa 0 129 558 427 0.970758
7243 sofa 3 137 349 427 0.957394
7247 chair 0 176 71 396 0.719384
7247 chair 144 171 276 363 0.939939
7247 chair 229 175 376 389 0.963343
7247 chair 341 184 520 426 0.967405
7248 chair 239 137 339 231 0.650977
7248 chair 385 135 514 242 0.660262
7248 desk 91 224 560 425 0.846121
7249 desk 0 220 278 424 0.620064
7249 chair 250 157 420 421 0.958406
7250 chair 225 113 376 328 0.902438
7250 chair 367 133 544 422 0.906442
7251 chair 0 179 283 427 0.904287
7251 desk 209 132 561 425 0.92952
7253 table 215 297 394 425 0.512943
7253 chair 27 215 149 371 0.51804
7253 chair 63 240 234 426 0.824109
7254 table 467 297 560 425 0.383771
7254 table 185 182 296 307 0.670058
7254 chair 222 166 357 362 0.860042
7254 chair 268 203 473 425 0.867769
7254 chair 132 137 232 273 0.885062
7255 bookshelf 290 0 477 388 0.725597
7256 chair 219 117 352 272 0.483492
7257 chair 337 43 449 264 0.682974
7257 chair 380 120 560 402 0.863539
7257 chair 170 79 353 298 0.894136
7258 chair 310 84 419 248 0.661442
7258 chair 20 163 333 426 0.924692
7258 chair 348 134 559 401 0.964164
7259 table 33 108 278 279 0.543798
7259 chair 195 137 334 401 0.733244
7259 chair 238 240 533 425 0.799674
7260 table 339 95 560 255 0.512631
7260 chair 474 103 561 427 0.809859
7260 sofa 0 116 214 423 0.911644
7261 sofa 432 145 561 427 0.50683
7261 bookshelf 110 1 352 336 0.948916
7262 bookshelf 40 3 558 302 0.988674
7263 table 140 178 476 388 0.673221
7263 chair 196 167 361 424 0.934763
7264 bookshelf 275 3 432 236 0.60613
7264 bookshelf 411 0 560 388 0.636712
7265 bookshelf 0 1 138 405 0.664828
7265 bookshelf 155 0 360 268 0.934252
7266 bookshelf 0 158 113 426 0.537323
7267 sofa 0 148 465 425 0.896178
7268 sofa 0 171 267 427 0.936978
7269 sofa 89 151 535 423 0.983114
7270 chair 0 300 71 425 0.578911
7270 sofa 207 204 561 425 0.971516
7272 chair 245 116 338 271 0.421277
7273 table 116 129 215 222 0.405057
7273 dresser 1 2 138 424 0.44967
7273 chair 391 58 561 425 0.611642
7273 chair 126 124 189 235 0.804693
7274 chair 146 124 240 312 0.422281
7274 desk 313 79 560 361 0.451284
7274 chair 0 163 45 352 0.508185
7274 desk 0 171 173 325 0.640431
7274 chair 5 172 133 346 0.824057
7275 bookshelf 48 0 489 274 0.442078
7275 desk 428 116 561 293 0.615627
7275 chair 463 120 561 317 0.901651
7276 table 494 178 560 427 0.520873
7278 toilet 287 157 420 390 0.943617
7279 toilet 0 346 188 425 0.50985
7279 dresser 380 206 561 427 0.532474
7280 toilet 256 184 440 399 0.973992
7281 toilet 373 163 492 353 0.954921
7282 bathtub 429 159 561 425 0.964803
7282 toilet 199 149 372 382 0.977426
7283 bathtub 13 218 257 425 0.973037
7284 toilet 226 185 322 401 0.924916
7285 toilet 406 228 561 425 0.98781
7287 toilet 79 113 345 425 0.965607
7288 toilet 71 230 312 427 0.839784
7289 night_stand 228 152 317 265 0.450016
7289 bed 0 52 196 423 0.699345
7290 dresser 421 149 561 427 0.459925
7290 bed 0 215 342 426 0.879862
7291 desk 109 138 561 400 0.894782
7291 chair 295 133 483 415 0.953522
7292 desk 459 123 561 418 0.428122
7292 desk 314 142 487 353 0.54654
7293 bed 0 204 263 427 0.750071
7293 dresser 251 70 561 423 0.94794
7294 bed 0 133 561 427 0.800674
7295 chair 0 271 107 425 0.60924
7295 bookshelf 117 0 251 338 0.693045
7295 bed 305 99 560 427 0.787736
7296 chair 138 86 381 425 0.76145
7297 dresser 0 49 174 424 0.911798
7297 bed 252 179 561 385 0.914162
7298 bed 138 132 561 427 0.944339
7299 bookshelf 15 1 267 424 0.978561
7301 chair 68 134 157 279 0.551636
7301 bookshelf 231 2 559 424 0.575098
7301 chair 85 95 152 173 0.622936
7301 table 0 152 142 425 0.77895
7301 chair 0 199 149 424 0.847731
7302 chair 449 166 532 254 0.414644
7302 chair 0 270 179 427 0.677805
7302 chair 159 173 273 214 0.809154
7302 table 0 198 481 425 0.825366
7302 chair 317 218 526 425 0.925461
7303 table 0 202 556 424 0.499584
7303 chair 481 162 561 344 0.589797
7303 bookshelf 373 1 538 95 0.597995
7303 chair 396 210 544 309 0.745406
7304 chair 13 189 167 345 0.65904
7304 table 0 224 560 427 0.700628
7304 chair 109 225 263 329 0.900804
7305 chair 447 208 561 426 0.649066
7306 desk 41 236 417 426 0.729232
7306 chair 143 240 414 425 0.917974
7307 desk 307 192 550 418 0.773854
7307 chair 0 140 127 399 0.804376
7307 chair 364 188 546 426 0.937392
7308 table 323 238 561 426 0.753227
7308 chair 105 186 304 426 0.948935
7309 desk 221 161 385 396 0.565037
7309 chair 0 174 42 424 0.64505
7310 chair 205 306 291 427 0.525918
7311 table 357 281 561 427 0.63547
7314 desk 0 193 548 425 0.467755
7314 chair 455 317 561 425 0.47675
7314 bookshelf 0 1 162 359 0.927677
7315 dresser 0 51 131 362 0.632181
7315 bookshelf 116 1 561 388 0.952275
7317 desk 193 203 450 425 0.491853
7317 chair 0 167 319 424 0.924417
7318 table 0 234 75 425 0.611577
7318 chair 2 242 128 425 0.782768
7319 chair 0 30 101 408 0.424334
7319 table 254 203 491 414 0.764073
7319 chair 238 248 367 425 0.919251
7319 chair 400 222 533 423 0.933448
7320 sofa 33 199 271 350 0.823727
7320 chair 354 178 504 423 0.9303
7321 bookshelf 409 151 512 249 0.611471
7321 chair 348 149 419 267 0.81447
7322 dresser 116 114 301 338 0.598655
7324 chair 96 201 279 427 0.877331
7324 desk 202 155 456 409 0.911468
7324 chair 355 205 547 424 0.912101
7325 table 80 112 183 205 0.700001
7325 chair 28 105 133 225 0.873062
7326 sofa 0 110 207 426 0.669504
7326 sofa 263 53 462 186 0.952271
7327 sofa 191 104 531 375 0.890785
7328 table 0 264 119 426 0.394901
7328 sofa 290 160 560 427 0.921679
7328 sofa 0 137 305 326 0.954349
7329 sofa 293 105 561 322 0.951028
7330 table 493 239 561 416 0.441194
7330 chair 27 157 89 341 0.715181
7331 chair 213 55 332 282 0.859202
7331 chair 285 224 561 425 0.939471
7332 table 0 83 281 406 0.873436
7332 chair 278 113 527 426 0.982877
7333 chair 299 51 540 288 0.845758
7333 table 322 184 558 426 0.866561
7334 desk 0 41 223 423 0.488727
7334 table 290 78 560 424 0.571095
7334 desk 294 78 560 424 0.772498
7334 chair 0 28 309 425 0.927288
7335 chair 216 200 393 261 0.476269
7335 desk 21 202 189 266 0.499808
7335 desk 0 260 519 425 0.80845
7336 chair 196 137 326 279 0.890448
7336 chair 6 156 178 388 0.945412
7337 chair 35 185 242 426 0.96458
7338 desk 123 174 317 404 0.761282
7338 chair 319 181 441 347 0.915755
7339 chair 222 159 346 402 0.6716
7339 desk 275 259 556 426 0.89908
7339 bookshelf 0 2 145 424 0.941229
7340 table 0 294 305 424 0.431933
7340 desk 448 209 561 424 0.575963
7340 desk 0 294 305 425 0.664532
7340 chair 276 157 416 390 0.952899
7341 chair 0 216 24 418 0.477963
7341 desk 129 377 231 425 0.698587
7341 chair 258 179 377 336 0.94571
7341 chair 323 206 485 409 0.952099
7342 bookshelf 139 1 561 427 0.991502
7343 bookshelf 0 1 278 425 0.97666
7344 chair 470 186 561 425 0.41775
7344 chair 168 137 238 222 0.431633
7344 chair 51 105 122 198 0.572363
7344 desk 3 186 560 426 0.657499
7344 chair 301 277 561 427 0.876803
7345 desk 0 155 195 425 0.463522
7345 chair 130 164 305 390 0.930976
7345 chair 2 245 261 425 0.947171
7348 sofa 0 243 270 425 0.85288
7349 table 466 207 561 387 0.490796
7349 chair 169 192 245 312 0.754479
7349 chair 183 231 336 425 0.951357
7349 chair 0 220 161 425 0.97096
7350 table 0 187 170 394 0.846062
7350 chair 390 165 561 425 0.90132
7350 chair 166 185 319 379 0.940173
7351 chair 0 162 71 357 0.497066
7351 bookshelf 496 1 561 354 0.84222
7351 table 97 158 489 416 0.958045
7353 table 114 232 321 359 0.597489
7354 dresser 346 345 561 425 0.731491
7355 bed 0 117 433 422 0.49571
7355 sofa 0 116 436 422 0.721466
7356 toilet 141 236 216 419 0.793042
7357 chair 0 223 88 425 0.401017
7357 bathtub 302 327 480 427 0.690402
7358 toilet 0 300 103 424 0.462417
7358 bathtub 66 329 219 425 0.941785
7359 toilet 232 335 561 424 0.493883
7359 bathtub 392 375 560 425 0.878995
7359 toilet 214 333 384 426 0.958489
7360 sofa 0 256 308 426 0.623639
7361 bathtub 158 104 561 423 0.439015
7361 bathtub 148 277 559 423 0.750122
7367 bed 0 138 435 426 0.770464
7367 toilet 348 151 521 379 0.816077
7368 toilet 77 329 178 425 0.384456
7368 toilet 0 252 179 426 0.892497
7370 toilet 342 91 561 413 0.667937
7372 bathtub 0 117 311 335 0.575368
7374 toilet 56 166 350 425 0.985102
7376 bathtub 92 356 446 425 0.683532
7376 bathtub 78 252 528 425 0.962138
7378 toilet 402 179 561 427 0.952096
7378 bathtub 51 213 520 425 0.982688
7380 toilet 204 190 530 424 0.990193
7382 toilet 382 158 559 427 0.797078
7383 toilet 130 152 520 425 0.745139
7385 bathtub 115 264 453 425 0.936093
7388 chair 63 348 196 425 0.376188
7391 toilet 20 225 62 368 0.47496
7392 toilet 307 159 396 328 0.8517
7393 table 0 154 319 427 0.563104
7398 toilet 74 163 336 427 0.976945
7400 desk 0 214 499 426 0.412952
7400 table 0 215 500 426 0.430568
7400 toilet 493 205 561 362 0.512899
7401 toilet 242 196 374 398 0.749187
7402 toilet 0 213 165 427 0.615952
7403 dresser 46 174 300 425 0.75997
7403 chair 320 138 420 280 0.877847
7404 chair 393 152 498 342 0.411455
7404 chair 440 153 541 314 0.486566
7404 table 41 149 527 423 0.593216
7404 chair 307 157 422 388 0.810918
7404 chair 181 156 326 425 0.897991
7405 chair 0 148 65 305 0.377687
7405 table 0 159 222 342 0.660218
7405 chair 0 177 45 400 0.760456
7405 chair 90 149 221 356 0.934863
7406 table 176 87 403 303 0.497166
7406 chair 442 64 559 265 0.560403
7406 chair 183 49 252 108 0.66035
7406 chair 396 40 461 98 0.835541
7406 chair 62 84 275 360 0.927747
7406 chair 330 79 523 367 0.951206
7407 table 371 176 561 427 0.37015
7407 chair 183 185 261 385 0.561194
7407 chair 116 172 188 275 0.698759
7407 table 0 248 217 425 0.849242
7407 chair 150 266 349 426 0.904523
7408 table 0 188 266 427 0.874353
7409 table 0 309 60 426 0.425858
7410 table 42 359 304 426 0.519922
7410 dresser 390 239 561 425 0.88455
7411 desk 1 188 517 427 0.378002
7412 chair 48 164 109 298 0.822431
7413 table 496 222 561 423 0.696036
7414 chair 372 207 545 407 0.785431
7414 table 32 177 547 427 0.841308
7415 table 0 201 135 425 0.364282
7415 chair 467 172 560 241 0.492009
7415 chair 204 239 390 425 0.640122
7415 chair 278 187 414 427 0.794142
7415 table 300 239 561 426 0.836703
7416 chair 28 258 257 426 0.387842
7416 chair 29 259 110 426 0.599852
7416 chair 130 199 272 427 0.700332
7416 chair 512 181 561 255 0.750879
7416 chair 318 177 393 240 0.752382
7416 table 154 238 561 426 0.896552
7417 chair 132 297 206 354 0.644359
7420 bed 46 289 560 427 0.477927
7420 chair 275 361 345 427 0.781239
7423 chair 0 133 24 226 0.585453
7423 chair 112 158 233 290 0.650756
7423 chair 295 146 415 279 0.783929
7423 table 118 154 442 374 0.892974
7423 chair 304 214 479 425 0.9524
7423 chair 62 243 261 425 0.956483
7427 chair 106 209 187 329 0.485001
7427 bookshelf 486 15 560 422 0.560545
7427 chair 59 206 219 427 0.916225
7427 chair 248 198 357 387 0.938205
7427 chair 329 210 460 427 0.943739
7428 chair 490 267 560 426 0.508226
7428 chair 134 310 253 426 0.737069
7428 chair 251 254 350 427 0.768239
7429 table 239 144 547 418 0.687013
7429 chair 339 164 560 425 0.818408
7429 chair 160 133 351 426 0.950307
7430 chair 46 316 127 425 0.463921
7434 chair 0 308 90 427 0.527217
7434 table 0 235 278 427 0.669165
7434 chair 90 263 256 426 0.775287
7434 chair 205 247 318 423 0.795635
7435 table 4 189 424 423 0.653071
7435 chair 269 218 408 426 0.707954
7435 chair 397 212 495 424 0.802755
7435 chair 117 242 262 425 0.836042
7440 chair 315 190 455 424 0.689807
7440 chair 429 193 534 420 0.725242
7440 table 177 163 458 400 0.818038
7440 chair 224 211 374 426 0.8721
7441 bed 0 210 194 427 0.867048
7444 chair 485 152 561 307 0.4267
7444 chair 143 130 222 263 0.481428
7444 table 268 145 552 336 0.512782
7444 chair 256 138 346 304 0.865487
7444 chair 309 166 428 367 0.922296
7444 chair 430 171 560 369 0.94113
7445 chair 527 265 560 407 0.625923
7445 chair 402 292 519 425 0.769763
7445 chair 341 239 429 426 0.798096
7445 chair 226 254 364 425 0.903107
7446 chair 108 152 170 236 0.471903
7447 desk 0 0 315 425 0.383467
7447 chair 479 148 556 279 0.411854
7448 table 415 204 560 427 0.403129
7448 chair 130 112 238 301 0.85675
7448 chair 253 143 394 337 0.918157
7449 chair 186 288 258 427 0.633565
7449 bed 0 181 274 427 0.637856
7451 bed 396 139 560 426 0.851737
7452 bed 0 118 162 425 0.666747
7453 desk 0 103 169 298 0.458093
7453 bed 46 97 518 425 0.473213
7455 chair 257 111 300 144 0.398714
7455 chair 371 108 475 145 0.577134
7455 chair 293 107 354 142 0.684464
7456 chair 183 57 245 127 0.381757
7456 chair 478 149 561 419 0.581287
7456 table 282 129 561 414 0.71366
7456 chair 390 67 448 137 0.806537
7456 chair 176 108 320 365 0.867922
7456 chair 282 199 515 425 0.949739
7457 chair 308 102 406 240 0.910005
7457 chair 0 164 109 426 0.923019
7457 chair 105 84 229 359 0.924496
7458 table 0 89 312 426 0.479926
7461 desk 0 137 561 397 0.535057
7462 table 278 235 561 426 0.584281
7464 bed 0 220 560 427 0.366172
7465 chair 55 153 109 236 0.365261
7465 dresser 473 143 561 396 0.576426
7466 chair 442 158 498 279 0.749962
7467 desk 82 180 350 393 0.401007
7467 chair 1 168 88 321 0.881576
7468 table 101 183 463 427 0.915581
7468 chair 366 127 544 427 0.922922
7468 chair 0 156 198 427 0.930691
7469 table 180 192 403 362 0.475628
7469 chair 57 163 183 381 0.904854
7469 chair 341 148 445 343 0.915793
7469 chair 148 203 352 427 0.960518
7470 chair 340 143 416 221 0.550928
7470 table 246 149 416 220 0.678765
7471 desk 406 246 561 425 0.705701
7472 chair 364 185 463 357 0.926968
7473 bed 399 140 561 426 0.873646
7474 chair 254 256 358 425 0.770314
7475 desk 0 158 403 426 0.571505
7476 desk 102 191 458 425 0.485362
7476 chair 37 112 116 223 0.555691
7477 chair 55 132 162 269 0.810216
7478 chair 302 177 393 300 0.490121
7478 chair 119 186 192 316 0.676811
7478 table 99 190 397 387 0.768658
7478 chair 28 212 160 382 0.88016
7478 chair 332 204 514 425 0.900781
7478 chair 38 269 235 427 0.961217
7479 chair 458 162 561 422 0.470398
7479 chair 8 214 112 365 0.759566
7480 sofa 450 202 561 425 0.51842
7480 chair 0 153 90 413 0.762719
7481 table 210 148 560 425 0.573829
7482 dresser 1 178 208 393 0.436626
7482 bed 184 160 561 425 0.527172
7483 bookshelf 152 2 257 207 0.470249
7483 bed 0 270 560 427 0.558575
7488 bed 218 44 561 427 0.433689
7489 bed 285 112 561 427 0.475825
7490 chair 0 178 124 381 0.365588
7490 chair 207 142 323 333 0.519245
7490 chair 0 196 33 394 0.581099
7490 table 70 199 320 406 0.720422
7490 chair 220 163 385 407 0.886385
7490 chair 2 215 219 425 0.933605
7491 chair 372 231 561 426 0.670914
7491 chair 203 158 278 292 0.69174
7492 table 102 221 556 427 0.664302
7492 chair 241 292 432 426 0.746927
7493 table 117 263 560 427 0.79056
7496 night_stand 186 189 272 283 0.733483
7496 bed 191 99 561 422 0.965522
7497 chair 372 88 557 349 0.836901
7497 bed 0 11 352 424 0.934855
7498 chair 0 133 90 392 0.755918
7498 dresser 205 0 419 296 0.853404
7500 bed 0 231 150 426 0.814539
7501 bed 16 116 458 424 0.923243
7502 bed 439 61 561 419 0.885316
7502 chair 161 110 354 383 0.935888
7503 bed 0 80 375 426 0.933891
7503 night_stand 375 174 520 315 0.949205
7504 dresser 173 148 312 266 0.389853
7504 desk 406 186 549 401 0.674404
7504 bed 0 178 217 425 0.925419
7505 dresser 417 157 561 289 0.363891
7505 night_stand 235 176 299 211 0.368348
7505 bed 0 129 450 425 0.971241
7506 bed 501 148 560 425 0.807237
7507 dresser 0 223 139 424 0.609336
7507 bed 0 225 139 427 0.737402
7508 bed 55 105 558 358 0.70695
7509 chair 516 186 560 373 0.661232
7509 chair 432 146 558 313 0.947046
7509 dresser 0 0 180 313 0.95121
7510 desk 359 171 559 317 0.654231
7510 chair 478 210 560 350 0.848502
7510 bed 162 181 529 425 0.931384
7511 chair 0 183 140 350 0.813526
7511 bed 273 77 561 423 0.927468
7512 chair 215 178 345 322 0.852662
7512 desk 203 129 473 297 0.855094
7512 bed 0 118 229 320 0.89623
7512 bed 362 123 560 425 0.897746
7513 bookshelf 146 21 279 249 0.409582
7513 night_stand 211 174 503 427 0.546118
7514 bookshelf 481 0 561 247 0.614309
7514 bed 0 73 249 404 0.881004
7515 bookshelf 407 1 560 337 0.85776
7516 sofa 252 166 561 425 0.718318
7516 desk 0 145 150 427 0.749202
7518 dresser 0 135 199 330 0.755352
7518 bed 155 12 560 425 0.960746
7519 bed 0 9 429 426 0.898216
7520 chair 286 157 478 416 0.494538
7521 chair 0 145 184 425 0.873358
7521 bed 387 104 561 425 0.931032
7521 dresser 225 104 403 334 0.973935
7522 night_stand 0 151 101 213 0.486224
7522 night_stand 319 158 422 260 0.544139
7522 bed 0 86 335 427 0.972549
7523 bed 249 31 560 427 0.942522
7524 dresser 138 134 219 254 0.432901
7524 bed 165 97 561 427 0.956123
7525 bed 0 29 286 425 0.931268
7525 night_stand 283 100 390 211 0.95383
7526 bed 28 3 209 425 0.622196
7527 bed 0 102 364 427 0.449208
7527 chair 195 122 286 179 0.577527
7527 bed 383 48 456 423 0.63328
7528 desk 150 184 474 332 0.441152
7528 bed 455 196 561 427 0.618513
7528 chair 9 218 442 425 0.74164
7529 chair 2 123 152 298 0.573033
7529 chair 432 193 561 426 0.777969
7530 night_stand 294 125 379 163 0.603583
7530 chair 458 142 561 318 0.815677
7530 bed 70 57 483 398 0.982004
7531 chair 200 151 356 327 0.878662
7531 bed 0 148 243 424 0.890002
7532 bed 0 164 450 425 0.563131
7532 night_stand 435 211 539 400 0.599063
7533 night_stand 0 148 50 291 0.365025
7533 bed 58 8 544 423 0.936885
7535 bed 0 12 417 426 0.386073
7536 bed 144 182 559 390 0.87139
7537 night_stand 294 257 454 427 0.867764
7537 bed 0 243 307 426 0.946452
7538 table 295 189 476 294 0.375644
7538 dresser 0 163 88 426 0.4617
7538 bed 425 216 561 424 0.789202
7538 bookshelf 153 0 298 292 0.937998
7539 bed 184 168 560 425 0.844676
7540 table 176 192 268 308 0.402363
7540 dresser 323 144 561 425 0.747734
7541 dresser 143 214 345 426 0.44783
7541 bed 490 132 560 427 0.719675
7541 night_stand 362 231 492 354 0.805078
7542 night_stand 0 212 135 360 0.590603
7542 bed 124 91 560 424 0.917986
7543 dresser 216 222 314 321 0.36516
7543 bed 321 212 502 404 0.857108
7544 bed 415 71 560 418 0.778712
7545 table 80 236 261 363 0.386319
7545 bookshelf 286 36 443 275 0.41608
7545 desk 81 237 260 369 0.435029
7545 sofa 208 206 559 426 0.78346
7545 chair 97 269 184 390 0.910267
7546 bed 0 223 413 424 0.870236
7547 bed 324 166 560 335 0.465745
7547 table 42 214 281 426 0.890447
7547 chair 212 241 352 425 0.927879
7548 bed 177 267 508 426 0.717994
7548 night_stand 478 307 560 427 0.784692
7549 bookshelf 223 35 506 425 0.911487
7550 night_stand 317 292 439 415 0.821144
7550 bed 0 219 341 427 0.938167
7551 night_stand 77 236 190 343 0.889988
7551 bed 187 186 561 427 0.955985
7552 night_stand 227 182 321 282 0.946784
7552 bed 0 108 247 380 0.967101
7553 night_stand 531 172 560 292 0.634902
7553 bed 177 98 557 340 0.977706
7554 desk 264 159 428 246 0.363455
7554 bed 417 160 561 396 0.668608
7555 chair 0 207 39 410 0.370018
7556 bed 0 222 561 427 0.829638
7557 bed 128 205 560 425 0.732209
7558 bed 0 194 116 416 0.791735
7559 bed 133 143 536 362 0.801219
7560 bed 0 171 322 427 0.96309
7561 bed 56 72 560 425 0.966462
7562 dresser 0 169 192 425 0.914289
7563 desk 286 222 557 425 0.450779
7564 night_stand 0 240 112 425 0.802508
7564 bed 23 88 506 425 0.933991
7565 bed 0 99 365 355 0.944996
7566 chair 243 149 272 250 0.720743
7566 bed 345 159 561 425 0.839287
7567 bed 0 224 561 424 0.842803
7568 bed 2 139 411 426 0.966891
7569 night_stand 132 226 236 341 0.858999
7569 bed 225 141 561 425 0.977988
7570 sofa 0 293 262 424 0.628811
7570 bed 459 147 561 427 0.871465
7571 night_stand 138 191 253 360 0.386971
7571 bed 249 61 560 427 0.710146
7572 chair 404 174 498 287 0.476005
7572 bed 1 168 227 426 0.635748
7572 chair 339 162 409 300 0.923346
7573 night_stand 538 131 560 171 0.597437
7573 night_stand 224 134 324 234 0.606767
7573 bed 309 121 560 329 0.934237
7574 night_stand 9 143 126 259 0.732095
7574 night_stand 325 128 409 170 0.756128
7574 bed 114 127 551 306 0.77373
7575 dresser 0 130 125 363 0.38128
7575 night_stand 378 124 490 216 0.448547
7575 dresser 378 125 491 216 0.507743
7575 bed 420 115 561 358 0.617254
7575 chair 195 112 282 257 0.823045
7576 dresser 0 160 154 427 0.482788
7576 bed 406 114 561 411 0.879565
7577 bed 59 124 546 425 0.969662
7578 desk 122 237 555 427 0.6157
7579 desk 255 144 531 320 0.679382
7579 bed 0 124 263 314 0.89354
7579 chair 374 141 495 361 0.909862
7580 bed 68 217 462 425 0.528879
7580 bed 420 146 561 425 0.813794
7580 dresser 286 92 432 260 0.849253
7581 bed 0 180 67 424 0.532229
7581 dresser 51 82 249 358 0.8713
7581 bed 241 151 560 427 0.949519
7582 dresser 2 142 343 426 0.551195
7582 dresser 320 167 561 425 0.788849
7583 chair 303 126 359 337 0.374092
7583 bed 0 26 154 333 0.439575
7583 chair 343 149 401 340 0.575228
7583 dresser 35 135 179 324 0.752569
7584 bed 62 7 437 321 0.684397
7585 table 1 240 288 426 0.438704
7585 bed 311 4 561 413 0.462368
7585 bed 0 240 292 425 0.514582
7585 dresser 50 147 171 253 0.558244
7586 dresser 55 64 230 347 0.385949
7586 bed 417 154 561 329 0.616137
7586 bed 0 211 184 425 0.910103
7587 bed 72 115 560 424 0.968125
7589 bed 0 17 131 421 0.47313
7589 chair 164 160 242 269 0.921902
7590 bed 410 0 561 416 0.661153
7590 dresser 142 62 346 358 0.920602
7591 bed 0 98 176 425 0.409335
7591 chair 256 86 376 285 0.915974
7591 bed 376 57 561 426 0.934432
7592 night_stand 295 125 374 158 0.41991
7592 chair 1 256 190 426 0.796863
7592 bed 145 124 467 330 0.855173
7593 night_stand 0 174 39 318 0.78122
7593 bed 5 93 450 426 0.869507
7594 desk 0 111 107 282 0.435632
7594 dresser 335 101 463 172 0.686447
7594 chair 27 123 138 278 0.924236
7594 bed 259 66 561 425 0.928637
7595 bed 208 101 389 427 0.862158
7596 bed 172 168 558 426 0.955565
7597 dresser 146 179 372 399 0.524945
7597 bed 0 233 127 427 0.865172
7598 dresser 41 155 225 336 0.645306
7598 bed 0 243 230 425 0.854402
7598 dresser 380 49 561 424 0.947393
7599 chair 329 179 377 337 0.55777
7599 night_stand 224 169 302 249 0.886739
7599 bed 0 110 225 319 0.936284
7600 bed 211 68 560 412 0.444465
7600 bed 0 69 213 423 0.754291
7602 desk 84 112 382 369 0.801812
7602 chair 138 133 309 377 0.913645
7603 bed 0 66 176 409 0.905154
7603 night_stand 171 130 276 225 0.968009
7604 night_stand 475 154 560 294 0.849995
7604 bed 59 62 505 353 0.943129
7605 dresser 0 164 150 426 0.681093
7605 bed 436 261 561 425 0.829927
7605 dresser 172 84 339 312 0.836807
7606 bookshelf 104 6 189 381 0.589698
7606 bookshelf 179 84 471 427 0.904424
7607 bed 0 206 413 425 0.774554
7607 night_stand 398 253 520 393 0.937441
7608 bed 0 148 285 427 0.881793
7609 bed 301 145 561 425 0.519274
7611 bed 27 218 424 424 0.48624
7611 night_stand 0 300 73 425 0.495576
7612 bed 138 141 561 425 0.960465
7613 night_stand 358 237 560 427 0.808228
7613 bed 0 89 380 426 0.969475
7614 bed 275 202 560 425 0.437341
7614 chair 97 193 169 329 0.605429
7614 table 67 190 214 310 0.713112
7615 table 351 197 522 335 0.437358
7615 chair 383 201 460 357 0.62903
7616 desk 131 205 342 425 0.496236
7617 bed 0 189 409 426 0.646298
7618 sofa 507 231 561 425 0.504718
7619 night_stand 215 131 299 162 0.701215
7619 bed 43 51 559 423 0.98117
7620 bed 0 130 550 425 0.759052
7620 bed 263 145 560 377 0.903043
7624 night_stand 19 226 127 334 0.437643
7624 bed 2 153 561 427 0.940506
7625 table 36 138 320 407 0.888002
7625 chair 0 116 189 413 0.926507
7626 desk 285 148 524 315 0.732925
7626 chair 287 123 404 309 0.92246
7626 bed 0 57 305 406 0.940322
7627 bed 320 128 560 427 0.863588
7628 night_stand 113 166 236 239 0.573847
7628 bed 0 34 560 425 0.979742
7629 table 134 143 336 267 0.45889
7629 chair 165 128 286 254 0.737233
7629 bed 0 61 443 426 0.943409
7630 table 335 271 561 427 0.535672
7630 bookshelf 384 2 548 208 0.700939
7630 chair 308 227 372 424 0.801049
7630 bed 0 132 256 367 0.921847
7631 night_stand 115 135 265 279 0.454529
7631 sofa 0 119 194 416 0.710399
7631 bed 230 114 560 387 0.952259
7632 sofa 79 103 489 356 0.950398
7633 dresser 159 145 355 418 0.706145
7634 bed 43 62 438 426 0.766428
7635 dresser 0 124 90 424 0.620935
7635 table 192 185 507 424 0.865266
7636 bed 2 182 445 427 0.811893
7637 table 447 214 561 425 0.393447
7637 desk 447 214 561 425 0.444705
7637 bed 0 205 169 425 0.818544
7638 night_stand 59 229 181 369 0.704643
7638 bed 146 112 561 426 0.951175
7639 chair 301 150 436 314 0.466134
7639 chair 0 157 39 423 0.635118
7639 chair 166 223 387 424 0.645202
7639 chair 0 129 166 424 0.752152
7640 bed 0 271 221 425 0.763968
7640 chair 287 185 359 285 0.836371
7641 night_stand 0 188 168 376 0.873943
7641 night_stand 397 155 521 214 0.950325
7641 bed 120 49 561 425 0.961543
7642 night_stand 127 156 199 205 0.629263
7642 bed 1 124 345 427 0.972369
7643 night_stand 455 177 542 235 0.681884
7643 bed 127 147 561 427 0.896674
7644 night_stand 187 256 290 343 0.613799
7644 bed 270 163 561 427 0.965213
7645 night_stand 275 195 356 218 0.586072
7645 night_stand 0 248 84 387 0.94537
7645 bed 21 93 539 425 0.979424
7646 chair 0 183 60 421 0.526972
7647 dresser 54 254 239 427 0.51086
7647 bed 189 173 560 427 0.856783
7648 bed 0 98 492 425 0.914048
7649 bed 0 134 489 426 0.926328
7650 chair 390 233 561 426 0.469835
7650 chair 0 3 244 425 0.620406
7651 bed 0 137 293 390 0.90929
7652 bed 0 134 440 426 0.959839
7653 night_stand 109 195 218 322 0.846906
7653 sofa 191 196 561 425 0.863553
7654 bookshelf 325 1 494 170 0.414901
7655 chair 69 2 175 121 0.381489
7655 chair 0 245 229 425 0.470647
7656 bookshelf 396 1 560 199 0.390187
7657 sofa 0 172 537 427 0.869882
7658 desk 318 134 461 340 0.713394
7659 sofa 298 278 560 427 0.513734
7659 sofa 365 112 561 327 0.902776
7660 chair 210 124 301 167 0.393857
7660 desk 149 169 381 290 0.537003
7661 sofa 0 113 467 426 0.86796
7662 sofa 316 239 561 426 0.855739
7663 sofa 212 61 559 376 0.889517
7664 desk 202 167 317 274 0.620512
7664 chair 25 135 178 287 0.6802
7664 bed 333 96 559 425 0.910303
7665 sofa 184 82 561 262 0.92517
7666 sofa 456 66 560 210 0.401526
7666 sofa 166 96 526 344 0.968447
7667 chair 368 167 481 329 0.74545
7667 chair 239 137 336 310 0.771899
7667 table 323 124 512 321 0.874005
7668 sofa 176 246 561 424 0.446279
7670 sofa 15 109 504 424 0.861359
7671 sofa 52 208 554 425 0.409762
7671 chair 0 296 73 364 0.438536
7672 sofa 30 197 561 425 0.941389
7673 sofa 405 153 561 339 0.632228
7673 sofa 7 147 399 310 0.93118
7674 chair 188 296 478 426 0.524228
7674 sofa 0 274 127 419 0.883911
7675 sofa 29 285 550 425 0.977635
7676 sofa 110 264 560 425 0.933186
7677 sofa 0 121 158 366 0.582233
7677 sofa 190 120 468 296 0.904626
7678 table 271 287 561 426 0.601728
7678 sofa 79 146 515 358 0.952084
7679 chair 347 193 525 397 0.409981
7679 dresser 0 233 191 426 0.661818
7680 table 0 228 134 410 0.475489
7681 bed 0 132 103 421 0.690018
7681 chair 227 216 412 425 0.703456
7682 sofa 42 187 560 426 0.469568
7682 table 0 220 179 425 0.601478
7682 sofa 53 156 326 277 0.877004
7683 sofa 215 156 443 254 0.612172
7684 table 228 203 392 373 0.867189
7685 sofa 0 166 191 291 0.728204
7685 sofa 247 158 561 406 0.966367
7686 sofa 113 134 307 310 0.425302
7686 sofa 0 161 135 387 0.457402
7687 dresser 86 46 478 402 0.488414
7688 chair 0 176 179 425 0.739848
7688 sofa 455 148 561 267 0.778821
7689 desk 331 196 561 425 0.491147
7689 sofa 139 117 432 271 0.932853
7692 desk 150 177 364 386 0.83969
7692 chair 303 170 449 370 0.946577
7693 sofa 286 149 561 427 0.857593
7694 dresser 0 60 200 328 0.605932
7695 sofa 57 80 560 408 0.96424
7696 chair 368 93 501 221 0.5665
7697 sofa 400 227 560 423 0.522565
7697 sofa 0 249 326 424 0.78275
7698 bed 390 160 561 427 0.372667
7699 bed 0 201 121 425 0.565733
7700 sofa 161 151 519 417 0.965943
7701 desk 131 178 294 373 0.851219
7702 table 99 277 559 425 0.583196
7702 chair 36 219 177 425 0.775398
7703 desk 235 145 540 377 0.498031
7703 table 47 249 367 425 0.553491
7704 chair 48 209 210 380 0.391742
7705 chair 160 113 381 275 0.378384
7706 chair 0 258 56 371 0.470712
7706 table 0 260 60 373 0.697673
7706 chair 110 233 194 369 0.840494
7707 table 474 220 561 362 0.599145
7707 sofa 0 212 420 427 0.757569
7708 sofa 272 184 560 417 0.873234
7709 sofa 225 166 561 426 0.961118
7711 chair 455 91 561 252 0.865891
7711 sofa 34 152 530 427 0.924657
7712 sofa 0 178 217 405 0.613017
7712 sofa 0 129 560 417 0.953943
7713 chair 460 144 560 419 0.445588
7713 chair 94 129 169 188 0.706501
7713 chair 80 187 242 426 0.793739
7713 chair 463 145 561 238 0.794097
7713 chair 191 209 384 427 0.853726
7713 table 98 172 560 425 0.915905
7713 chair 344 135 427 209 0.922497
7714 dresser 386 50 479 158 0.521854
7715 dresser 105 80 217 213 0.729607
7715 sofa 456 107 560 281 0.829911
7716 chair 520 109 560 276 0.521229
7716 chair 496 88 545 180 0.756437
7716 chair 370 76 443 127 0.861736
7716 chair 241 88 297 170 0.896029
7716 chair 191 105 264 204 0.907732
7716 table 47 123 559 427 0.922493
7716 chair 64 139 194 289 0.945464
7717 sofa 0 112 198 426 0.393823
7717 chair 273 142 366 297 0.904662
7718 chair 515 90 560 254 0.409206
7718 chair 179 107 245 187 0.495382
7718 chair 0 240 131 425 0.528521
7718 chair 411 115 484 373 0.532874
7718 table 182 116 540 411 0.535143
7718 chair 61 115 164 218 0.671291
7718 chair 443 105 531 319 0.687866
7718 chair 373 81 409 132 0.733783
7718 chair 339 85 380 141 0.819817
7718 chair 307 91 347 150 0.839173
7718 chair 247 95 305 166 0.879053
7718 table 3 201 338 425 0.909676
7718 chair 242 140 438 425 0.932563
7719 table 133 187 442 423 0.43149
7719 chair 170 158 274 247 0.874267
7719 chair 367 159 525 425 0.922555
7719 chair 173 213 376 426 0.923659
7719 chair 114 175 212 389 0.92396
7720 chair 347 138 560 425 0.833406
7721 chair 251 145 400 227 0.381599
7721 chair 0 196 238 427 0.599186
7721 chair 386 141 448 210 0.838035
7721 table 64 197 560 424 0.88413
7721 chair 284 218 551 426 0.941178
7722 table 130 184 438 424 0.59899
7722 chair 385 166 468 411 0.795486
7722 chair 195 156 252 205 0.837888
7722 chair 125 169 197 220 0.846029
7722 chair 97 217 324 425 0.864017
7723 chair 0 161 138 423 0.766356
7724 chair 250 117 344 186 0.587891
7724 table 0 179 560 427 0.814497
7724 chair 0 141 111 223 0.82393
7724 chair 359 142 483 209 0.872761
7725 dresser 110 163 371 426 0.784613
7726 chair 186 207 283 328 0.50259
7726 chair 184 204 240 265 0.514819
7726 chair 236 188 275 253 0.768839
7726 chair 362 173 412 227 0.797869
7726 chair 328 199 447 391 0.882233
7726 chair 146 252 313 425 0.942589
7727 chair 0 331 44 426 0.526841
7727 chair 0 210 115 426 0.714614
7728 chair 0 183 168 427 0.474487
7728 chair 0 224 84 427 0.6019
7728 chair 332 187 416 261 0.668046
7728 chair 164 145 219 218 0.703807
7728 chair 242 173 306 239 0.792424
7728 chair 40 269 282 425 0.906836
7728 table 72 222 560 427 0.912633
7729 table 96 132 539 279 0.686263
7729 chair 232 114 310 275 0.786901
7729 chair 69 103 156 247 0.852473
7729 chair 320 125 406 284 0.883408
7729 chair 457 118 559 267 0.918772
7730 table 0 195 262 427 0.590003
7731 chair 394 123 445 295 0.393118
7731 chair 323 138 417 325 0.649882
7731 table 0 158 448 361 0.659681
7731 chair 219 143 337 347 0.843004
7731 chair 247 120 302 161 0.867259
7731 chair 96 147 219 373 0.87688
7731 chair 0 151 101 383 0.909169
7732 chair 388 152 443 189 0.369276
7732 chair 246 212 498 427 0.525331
7732 chair 400 172 529 390 0.629232
7732 chair 233 147 308 203 0.677556
7732 chair 178 150 232 215 0.740173
7732 chair 274 145 312 195 0.759808
7732 table 11 181 496 425 0.838363
7732 chair 16 214 265 426 0.861701
7733 chair 298 172 341 229 0.392187
7733 chair 86 178 180 347 0.404601
7733 chair 389 173 464 311 0.461629
7733 chair 256 166 307 224 0.487771
7733 chair 96 193 250 419 0.877948
7733 chair 240 218 400 425 0.913395
7734 table 139 185 519 426 0.570135
7734 chair 0 173 69 425 0.759602
7734 chair 400 177 525 382 0.783976
7734 chair 284 188 457 426 0.946892
7734 chair 110 173 262 427 0.951856
7736 chair 68 160 206 426 0.902313
7736 chair 0 159 84 426 0.91825
7737 chair 148 92 197 129 0.683538
7737 chair 48 153 234 427 0.707558
7737 chair 263 111 323 256 0.753164
7737 chair 0 96 97 162 0.800751
7737 chair 218 137 360 400 0.843101
7738 chair 223 129 442 400 0.642499
7738 chair 0 152 209 427 0.891322
7740 chair 98 129 198 309 0.501651
7740 chair 143 143 218 346 0.507792
7740 chair 382 124 446 186 0.512684
7740 chair 47 127 121 294 0.674243
7740 chair 226 115 259 155 0.709166
7740 table 133 147 430 378 0.74729
7740 chair 189 152 356 388 0.784244
7740 chair 266 118 306 162 0.800859
7740 chair 312 124 364 170 0.818373
7740 chair 339 161 503 416 0.949429
7741 chair 508 174 556 224 0.48736
7741 chair 377 195 439 372 0.627056
7741 table 380 212 560 426 0.75712
7741 chair 331 182 398 365 0.803511
7741 chair 419 208 492 426 0.871032
7741 chair 474 222 561 425 0.951129
7742 chair 0 157 56 297 0.430864
7742 chair 83 216 183 388 0.43192
7742 chair 119 146 158 185 0.485955
7742 chair 148 136 186 178 0.52953
7742 table 10 169 294 374 0.603664
7742 chair 299 142 336 281 0.649776
7742 chair 253 145 315 309 0.661626
7742 chair 170 166 259 390 0.779426
7742 chair 60 149 113 198 0.795251
7742 chair 0 215 128 425 0.887954
7743 chair 219 181 254 210 0.414503
7743 chair 350 195 405 384 0.600931
7743 chair 308 179 342 219 0.661224
7743 chair 333 184 366 250 0.678798
7743 table 157 212 372 422 0.688879
7743 chair 139 189 225 385 0.756062
7743 chair 221 217 358 425 0.918342
7744 chair 416 119 513 219 0.746725
7744 chair 142 165 351 426 0.852297
7744 table 220 196 559 423 0.874405
7744 chair 335 217 561 425 0.927145
7745 chair 393 177 423 217 0.573296
7745 chair 353 179 388 231 0.636314
7745 chair 295 181 340 246 0.703609
7745 chair 109 262 191 302 0.765489
7745 chair 341 313 531 426 0.79749
7745 table 142 211 561 425 0.846773
7745 chair 62 277 280 425 0.926785
7746 chair 238 269 443 427 0.779547
7746 table 0 238 447 427 0.836829
7746 chair 235 162 333 269 0.932511
7747 table 26 30 451 293 0.592038
7747 chair 354 17 416 46 0.700419
7747 table 327 48 561 409 0.742478
7747 chair 477 23 553 57 0.765481
7747 chair 0 91 125 295 0.821885
7747 chair 68 90 251 334 0.825772
7747 chair 187 121 343 384 0.869413
7747 chair 324 155 523 427 0.910852
7749 chair 242 88 281 123 0.38177
7749 chair 175 112 260 270 0.442373
7749 chair 119 91 181 235 0.585822
7749 chair 384 107 484 267 0.610568
7749 table 113 121 484 308 0.79191
7749 chair 284 97 332 130 0.797414
7749 chair 93 98 151 228 0.832662
7749 chair 413 136 561 343 0.861208
7749 chair 229 121 365 309 0.89469
7750 chair 402 113 523 326 0.397689
7750 chair 195 113 312 323 0.524604
7750 chair 493 173 561 425 0.701081
7750 chair 274 154 486 425 0.881127
7751 chair 55 174 192 427 0.647977
7751 chair 161 162 289 369 0.763648
7751 chair 62 137 137 187 0.776562
7751 table 1 171 355 419 0.792158
7751 chair 148 133 208 170 0.800099
7751 chair 273 153 362 323 0.812615
7751 chair 0 198 67 425 0.921403
7752 chair 259 203 305 236 0.445488
7752 chair 323 206 362 243 0.489404
7752 chair 489 209 526 362 0.502151
7752 chair 432 231 512 421 0.620647
7752 chair 177 226 273 416 0.646915
7752 chair 19 325 209 427 0.708683
7752 table 119 213 516 427 0.76997
7752 chair 414 186 481 212 0.776354
7753 chair 68 195 101 302 0.551378
7753 chair 47 256 95 426 0.564955
7753 chair 289 171 332 217 0.687002
7753 chair 180 125 234 158 0.72365
7753 chair 329 146 377 187 0.80056
7753 table 82 164 561 426 0.850268
7753 chair 391 174 470 236 0.898007
7754 table 298 300 560 425 0.545662
7754 table 1 250 129 425 0.580479
7754 chair 2 218 174 425 0.736389
7755 chair 128 147 195 396 0.458412
7755 chair 344 135 426 239 0.471331
7755 chair 188 236 331 427 0.775676
7755 table 203 216 515 424 0.796581
7755 chair 377 188 560 427 0.906862
7756 chair 284 141 356 235 0.418703
7756 table 426 203 560 422 0.536713
7756 chair 383 110 448 379 0.702849
7756 chair 64 169 183 338 0.878126
7756 chair 434 173 559 425 0.926647
7757 night_stand 71 210 206 321 0.37931
7757 sofa 231 160 386 334 0.677286
7757 sofa 439 158 561 352 0.868098
7758 sofa 4 158 496 407 0.444713
7758 chair 338 256 440 426 0.759357
7759 chair 176 118 275 237 0.522188
7759 chair 11 178 218 389 0.639163
7759 chair 271 113 398 271 0.669306
7759 chair 286 104 360 142 0.842836
7759 chair 216 142 367 347 0.888518
7760 dresser 110 184 492 427 0.651546
7761 chair 177 213 394 426 0.759288
7762 chair 123 254 346 427 0.684557
7762 chair 344 224 555 425 0.798835
7763 chair 300 135 362 268 0.362618
7763 chair 300 134 362 172 0.522906
7763 chair 439 107 486 150 0.597418
7763 table 194 140 517 415 0.678008
7763 chair 411 151 548 334 0.73339
7763 chair 352 184 531 407 0.823835
7763 chair 210 143 357 424 0.946148
7764 chair 63 131 159 283 0.40978
7764 chair 315 183 482 391 0.591062
7764 table 0 229 183 427 0.845223
7765 chair 56 157 108 201 0.600976
7765 table 1 186 454 427 0.730846
7765 chair 160 180 241 240 0.764677
7765 chair 97 167 166 220 0.794183
7765 chair 235 198 343 274 0.840238
7766 chair 428 230 505 425 0.822484
7766 chair 164 219 290 427 0.894042
7766 chair 288 259 422 426 0.894832
7767 table 0 282 386 427 0.469352
7768 table 272 249 536 424 0.423951
7768 chair 257 174 303 242 0.517007
7768 chair 420 234 561 426 0.812719
7768 chair 41 208 222 426 0.911621
7768 chair 171 189 310 426 0.956207
7769 chair 0 203 69 386 0.572051
7769 chair 0 209 172 426 0.834083
7770 chair 444 172 561 425 0.916365
7771 chair 282 221 496 425 0.832294
7771 sofa 247 160 561 349 0.845141
7771 chair 0 174 39 424 0.85594
7771 chair 128 194 304 425 0.943375
7772 desk 0 140 58 276 0.589181
7772 chair 0 147 21 292 0.619245
7773 desk 108 155 400 381 0.644248
7773 chair 0 144 130 424 0.939991
7773 chair 187 123 336 355 0.956428
7774 chair 146 136 210 223 0.463202
7774 sofa 202 126 561 201 0.540471
7774 chair 194 142 272 246 0.651529
7774 chair 312 165 406 302 0.907907
7774 chair 415 173 541 342 0.91332
7775 desk 211 186 560 425 0.774271
7776 desk 0 240 561 425 0.759247
7777 desk 165 187 350 427 0.499222
7777 desk 169 191 561 424 0.785276
7777 chair 0 195 64 399 0.887701
7777 chair 320 160 527 426 0.948851
7778 desk 91 176 559 423 0.661061
7778 chair 0 172 90 425 0.933061
7778 chair 189 180 405 425 0.946721
7779 table 0 277 561 425 0.785556
7780 desk 7 253 561 427 0.685851
7781 table 0 257 560 427 0.726774
7783 table 0 198 203 317 0.751051
7783 sofa 0 136 274 252 0.90825
7785 chair 445 113 488 271 0.721817
7785 chair 258 170 377 373 0.955855
7788 desk 0 258 554 426 0.706157
7789 desk 236 278 561 425 0.65343
7790 desk 519 164 561 400 0.396506
7790 desk 369 135 556 385 0.54232
7790 chair 85 112 204 314 0.925456
7790 chair 368 107 530 360 0.957039
7790 chair 95 109 291 427 0.975774
7791 table 210 352 561 427 0.438174
7791 desk 0 186 558 425 0.544921
7791 chair 0 281 22 426 0.578913
7792 table 1 238 559 427 0.648482
7793 desk 0 253 561 425 0.921775
7794 table 168 296 561 426 0.58235
7795 desk 0 220 561 427 0.915592
7796 desk 0 216 561 424 0.665663
7797 desk 0 169 560 377 0.851721
7797 chair 0 186 67 427 0.913015
7797 chair 411 178 560 425 0.96629
7798 desk 441 135 560 290 0.456879
7798 chair 338 90 407 209 0.803217
7798 chair 175 98 250 209 0.889884
7798 chair 83 105 179 259 0.938357
7798 chair 375 91 467 259 0.954743
7799 chair 330 173 497 402 0.962307
7800 chair 312 128 414 294 0.939981
7801 desk 0 246 561 427 0.910734
7803 desk 0 233 561 427 0.790177
7805 chair 80 150 224 343 0.941544
7805 chair 253 223 413 425 0.94731
7806 table 70 189 542 425 0.543525
7806 chair 516 206 560 427 0.550339
7807 table 481 215 561 409 0.725028
7807 chair 242 116 348 261 0.868422
7807 chair 211 171 387 420 0.969685
7808 desk 0 195 402 424 0.866212
7808 chair 302 213 560 426 0.9675
7809 table 267 193 561 419 0.911354
7810 desk 0 248 561 427 0.580559
7811 desk 0 280 263 427 0.635582
7811 chair 324 238 560 426 0.643785
7811 desk 2 219 490 424 0.878152
7812 desk 0 238 561 425 0.641095
7813 chair 430 372 560 425 0.396808
7813 desk 210 275 561 424 0.828208
7814 desk 1 243 559 426 0.696341
7814 desk 327 256 561 425 0.814828
7815 desk 243 182 561 427 0.738198
7815 chair 0 225 97 427 0.750325
7815 chair 0 228 274 425 0.760449
7816 desk 1 237 408 426 0.893876
7817 chair 0 315 36 425 0.600557
7817 desk 0 243 561 425 0.758204
7818 desk 0 260 561 427 0.6718
7819 table 0 253 560 424 0.954454
7820 chair 115 352 241 425 0.51111
7820 desk 7 221 561 424 0.89371
7821 table 1 228 506 424 0.673874
7822 desk 0 230 557 427 0.885846
7823 chair 478 239 560 425 0.621946
7823 desk 93 52 558 406 0.688611
7823 chair 20 134 163 327 0.960019
7823 chair 196 160 349 384 0.960281
7825 desk 473 149 561 268 0.623304
7825 chair 465 115 535 326 0.882552
7826 desk 0 237 561 424 0.526387
7826 table 1 236 547 425 0.672669
7826 chair 320 229 561 425 0.906059
7827 bed 1 241 272 425 0.396675
7827 desk 173 244 561 424 0.462808
7827 table 172 244 561 424 0.671817
7828 table 0 264 430 426 0.760472
7829 table 357 270 561 427 0.657164
7830 desk 84 242 559 425 0.851609
7831 desk 185 229 559 427 0.626939
7831 chair 0 181 101 412 0.702073
7832 chair 357 388 440 426 0.513961
7832 desk 0 250 560 425 0.700001
7833 desk 0 254 561 427 0.862077
7834 chair 0 153 82 266 0.673284
7835 chair 389 118 495 346 0.927648
7836 chair 289 120 343 354 0.431502
7836 chair 0 147 45 425 0.79112
7836 chair 248 105 338 273 0.908225
7836 chair 119 97 196 217 0.938513
7836 chair 25 116 128 275 0.940937
7836 chair 306 133 547 426 0.975769
7837 chair 0 165 41 413 0.369842
7837 desk 0 86 368 418 0.802692
7837 chair 474 98 557 224 0.935905
7837 chair 380 119 474 269 0.948039
7837 chair 51 138 249 425 0.951329
7837 chair 243 149 396 389 0.956679
7838 desk 0 230 560 424 0.66335
7838 chair 475 239 560 426 0.89186
7839 desk 0 208 486 425 0.913216
7839 chair 395 158 561 426 0.939177
7841 desk 126 155 559 425 0.801124
7841 chair 0 100 45 263 0.838925
7842 desk 5 1 559 419 0.364235
7842 desk 0 227 499 424 0.800629
7843 desk 1 154 446 424 0.708624
7843 chair 474 126 561 374 0.941952
7843 chair 207 201 481 427 0.946987
7844 desk 0 235 561 427 0.712044
7846 desk 0 198 561 425 0.775058
7847 desk 0 209 560 425 0.712881
7848 chair 0 186 39 425 0.475791
7848 desk 360 136 561 402 0.544398
7848 chair 0 90 75 310 0.84665
7848 chair 252 100 364 283 0.950401
7848 chair 389 121 559 427 0.959377
7850 chair 0 136 67 391 0.939945
7851 desk 0 213 560 427 0.777234
7852 desk 1 303 450 427 0.552505
7853 table 224 243 559 425 0.915927
7854 chair 0 134 38 297 0.60307
7854 chair 0 271 153 425 0.604318
7854 desk 184 186 561 425 0.88569
7855 table 357 187 561 426 0.539312
7855 chair 171 141 374 426 0.966536
7857 desk 158 185 561 427 0.828408
7857 chair 1 198 172 425 0.903295
7858 desk 0 240 561 425 0.700454
7859 desk 1 181 398 333 0.563064
7859 chair 0 202 255 427 0.933003
7859 chair 368 143 561 425 0.972505
7860 table 178 281 559 426 0.633151
7861 desk 0 248 561 425 0.801855
7863 desk 2 192 411 426 0.450662
7863 chair 212 166 513 425 0.963967
7864 desk 84 190 559 424 0.8725
7864 chair 0 119 97 422 0.90655
7865 desk 119 215 558 425 0.759054
7865 chair 0 191 120 426 0.866807
7866 desk 0 225 307 425 0.810929
7866 chair 0 146 128 427 0.844517
7866 chair 471 130 560 363 0.918166
7866 chair 219 101 288 222 0.919312
7866 chair 371 108 456 231 0.938894
7867 table 0 230 556 427 0.419683
7867 desk 0 215 560 425 0.520018
7868 chair 337 304 468 425 0.869004
7868 table 0 254 368 424 0.886023
7869 table 240 256 561 426 0.367412
7869 desk 245 250 560 425 0.459234
7870 desk 1 216 559 426 0.672315
7871 chair 440 147 560 341 0.908276
7874 chair 436 314 561 426 0.596437
7874 desk 0 246 558 425 0.859781
7876 desk 0 147 67 292 0.460751
7876 chair 9 155 79 398 0.916493
7878 table 486 233 560 426 0.759938
7879 bed 0 295 560 427 0.382382
7880 table 11 334 560 427 0.744614
7882 table 0 300 380 425 0.470147
7883 desk 15 296 561 426 0.843642
7884 desk 0 279 531 424 0.494183
7884 chair 221 327 403 425 0.683452
7885 table 315 202 483 322 0.411958
7885 desk 315 198 483 322 0.485597
7885 desk 0 214 130 426 0.581658
7885 chair 106 177 198 321 0.929665
7885 chair 265 173 356 325 0.932835
7886 desk 161 338 561 426 0.388784
7887 table 0 300 507 426 0.460521
7887 desk 11 334 402 427 0.466111
7887 chair 478 280 561 425 0.639042
7888 bed 0 284 561 427 0.69656
7889 desk 0 328 560 427 0.55053
7890 table 181 308 560 427 0.58041
7891 desk 480 254 561 425 0.363221
7891 chair 0 247 105 421 0.63549
7891 chair 339 122 424 295 0.779917
7891 chair 434 167 513 293 0.811877
7891 chair 131 316 304 425 0.849395
7891 desk 180 201 368 349 0.859775
7892 table 283 354 560 425 0.713179
7892 chair 0 202 50 427 0.802592
7892 bookshelf 200 73 451 404 0.848221
7892 chair 68 187 198 402 0.93488
7893 desk 0 271 550 427 0.51662
7893 table 0 267 550 426 0.529929
7894 desk 0 305 560 427 0.48805
7894 table 0 303 560 427 0.526233
7895 sofa 4 234 202 425 0.379829
7895 chair 480 304 561 425 0.728707
7895 chair 209 213 347 403 0.836244
7895 chair 360 231 550 425 0.918892
7896 desk 0 191 561 424 0.691101
7897 chair 509 297 560 425 0.513309
7897 desk 0 283 529 427 0.86867
7898 desk 0 237 561 427 0.60999
7901 desk 1 254 239 423 0.506723
7901 chair 531 233 560 425 0.70152
7901 chair 288 204 524 425 0.801706
7902 chair 214 174 512 427 0.791364
7903 desk 36 264 561 425 0.746789
7904 table 0 312 558 427 0.770019
7905 desk 0 291 558 426 0.457634
7905 table 0 291 557 426 0.497716
7907 table 74 176 336 427 0.852853
7908 table 0 184 519 427 0.704364
7909 desk 0 248 361 424 0.393114
7909 table 0 249 364 423 0.528038
7910 desk 36 238 561 427 0.820813
7910 chair 69 253 306 425 0.935947
7913 desk 0 299 430 427 0.609129
7913 chair 430 287 560 426 0.778166
7914 table 0 293 558 425 0.75533
7915 bookshelf 0 1 185 122 0.450248
7915 desk 354 279 560 425 0.551853
7915 desk 70 280 558 425 0.684825
7915 chair 110 338 364 426 0.892313
7916 table 0 293 561 426 0.490511
7916 desk 0 287 557 427 0.64052
7917 desk 0 269 560 425 0.687316
7918 table 0 336 560 427 0.77834
7919 bookshelf 160 163 392 426 0.982925
7920 table 0 285 561 427 0.545693
7920 desk 0 294 558 426 0.577522
7920 chair 65 189 224 296 0.847735
7921 table 160 295 487 425 0.560281
7922 desk 9 218 396 425 0.795477
7922 chair 351 193 560 425 0.940071
7923 chair 339 265 432 425 0.500963
7923 desk 365 225 561 427 0.689443
7924 desk 0 230 484 424 0.839748
7924 chair 254 230 480 425 0.951769
7925 table 0 317 561 426 0.642365
7926 desk 0 303 561 424 0.376679
7926 table 0 309 561 426 0.498971
7927 desk 0 299 557 427 0.786307
7928 chair 521 193 555 233 0.495633
7928 desk 186 227 551 347 0.680619
7928 chair 402 225 561 425 0.921111
7929 desk 142 214 452 426 0.439541
7929 chair 494 171 560 308 0.909624
7929 chair 85 191 238 422 0.912255
7930 chair 347 394 450 425 0.645702
7930 desk 143 228 561 425 0.756321
7930 chair 55 197 245 425 0.905755
7931 table 1 230 280 425 0.372614
7931 chair 217 184 437 425 0.458773
7932 table 233 218 561 426 0.514934
7934 desk 138 267 553 425 0.691226
7936 desk 0 242 166 426 0.670534
7936 desk 215 280 560 425 0.735358
7936 chair 0 274 128 427 0.948702
7937 table 151 338 560 421 0.592003
7938 chair 383 169 489 363 0.566766
7939 chair 162 176 368 425 0.809324
7939 chair 410 191 561 426 0.824512
7940 desk 0 213 211 423 0.767588
7940 bookshelf 217 167 411 377 0.808751
7940 chair 0 239 192 426 0.938957
7941 desk 0 271 402 424 0.644587
7941 bookshelf 366 176 560 427 0.920226
7942 table 1 314 393 427 0.437168
7942 desk 0 316 392 426 0.677536
7942 bookshelf 349 176 561 425 0.943077
7943 chair 420 264 561 426 0.633365
7944 chair 0 258 120 426 0.506121
7944 desk 0 253 277 422 0.565665
7944 desk 230 281 533 427 0.589742
7944 chair 6 260 276 427 0.907553
7945 desk 1 312 521 426 0.584931
7945 table 392 366 560 425 0.608998
7946 table 90 321 561 427 0.463979
7947 desk 1 284 521 425 0.695955
7948 table 2 300 445 426 0.560318
7949 desk 362 207 560 415 0.53846
7949 desk 0 229 237 427 0.825324
7949 chair 6 231 226 425 0.918819
7949 chair 417 210 561 426 0.944771
7950 desk 0 285 558 427 0.855676
7951 desk 372 228 560 398 0.774685
7951 chair 492 218 561 424 0.935828
7952 sofa 11 215 406 425 0.980348
7953 desk 135 306 451 426 0.66421
7954 table 0 259 561 427 0.575594
7954 chair 36 228 137 304 0.836122
7955 desk 0 242 154 361 0.660961
7955 chair 262 218 343 281 0.864058
7955 table 112 280 561 424 0.889495
7958 desk 0 264 383 426 0.526374
7959 desk 56 266 561 426 0.546546
7959 table 57 266 560 425 0.793139
7961 desk 493 218 561 370 0.374956
7961 chair 135 347 379 425 0.842153
7961 desk 160 279 509 424 0.86837
7962 table 44 263 561 427 0.449793
7962 desk 48 262 561 427 0.743751
7964 table 3 227 474 424 0.715611
7966 table 145 295 456 425 0.537053
7967 table 128 318 561 426 0.443004
7967 desk 372 324 561 425 0.628775
7968 table 0 268 240 426 0.402181
7968 table 328 286 560 426 0.407781
7968 desk 328 287 560 425 0.557954
7969 desk 0 316 65 425 0.392457
7970 desk 0 289 560 427 0.556746
7970 bed 0 131 394 427 0.578993
7971 table 241 181 560 338 0.378839
7971 table 241 288 560 427 0.718911
7973 chair 186 304 279 427 0.679662
7974 bed 347 0 560 421 0.56095
7974 table 43 97 348 422 0.778476
7976 chair 182 346 397 425 0.79843
7977 bed 489 144 561 425 0.43583
7977 bookshelf 0 14 371 261 0.61349
7978 desk 0 241 561 426 0.5165
7979 chair 323 146 561 423 0.491605
7979 chair 16 110 232 417 0.687059
7979 sofa 213 94 536 375 0.759796
7980 sofa 14 44 320 333 0.525326
7980 chair 158 105 444 427 0.626158
7981 chair 64 120 259 400 0.75156
7981 sofa 207 112 561 427 0.79146
7984 desk 0 233 103 354 0.434008
7984 sofa 357 127 561 427 0.486699
7984 chair 178 390 272 425 0.731857
7985 sofa 63 189 509 426 0.884954
7986 sofa 0 2 531 304 0.815064
7987 sofa 0 180 159 427 0.465663
7988 bed 0 130 248 385 0.792665
7989 dresser 98 0 277 215 0.372713
7989 desk 0 112 109 254 0.555093
7989 table 91 157 544 426 0.647089
7989 sofa 418 33 560 383 0.784959
7990 sofa 0 15 519 379 0.911229
7991 chair 381 237 560 426 0.410765
7991 chair 0 219 323 425 0.592568
7991 desk 0 128 561 424 0.808446
7993 sofa 0 182 417 413 0.70119
7994 table 25 177 415 425 0.52171
7994 chair 173 220 372 425 0.928755
7995 desk 2 161 558 426 0.790911
7996 bed 0 0 561 425 0.960657
7997 desk 0 91 557 417 0.548874
7997 chair 0 179 311 425 0.949867
7998 bed 333 126 559 425 0.444217
7998 desk 89 203 479 425 0.463538
7998 chair 0 161 54 425 0.553426
7999 chair 0 323 337 427 0.637586
7999 sofa 170 2 560 317 0.948291
8000 sofa 0 223 73 425 0.376981
8000 bookshelf 251 1 489 424 0.952868
8001 bed 0 45 561 427 0.958473
8002 bed 0 58 561 427 0.745107
8005 table 120 153 561 425 0.46635
8005 chair 346 168 557 426 0.521904
8005 desk 123 152 561 425 0.5262
8005 chair 0 145 150 427 0.867516
8005 chair 154 99 225 223 0.907974
8012 sofa 32 46 555 183 0.561924
8013 table 0 130 561 427 0.375559
8013 sofa 0 65 558 248 0.511853
8015 desk 3 154 542 425 0.718193
8016 table 5 169 559 427 0.543317
8016 chair 470 135 561 282 0.781832
8019 chair 188 124 266 290 0.630636
8019 chair 287 141 413 322 0.778515
8019 chair 56 128 165 334 0.906649
8019 chair 340 165 498 405 0.952504
8019 table 155 159 368 375 0.953336
8020 chair 363 90 453 284 0.518829
8020 chair 196 99 303 280 0.644613
8020 table 165 122 399 367 0.838336
8020 chair 52 118 185 337 0.884425
8020 chair 397 107 559 389 0.942667
8021 chair 245 73 476 421 0.400758
8021 chair 160 34 385 425 0.936279
8023 chair 181 109 356 291 0.505611
8025 chair 384 261 561 427 0.923674
8026 table 318 231 559 426 0.903514
8026 chair 382 180 457 281 0.904937
8026 chair 175 188 328 427 0.932788
8027 chair 135 122 346 425 0.927635
8030 chair 10 239 208 426 0.625521
8030 chair 199 263 391 427 0.825319
8030 sofa 337 129 561 360 0.94041
8033 bed 64 203 560 427 0.514151
8034 desk 0 165 560 424 0.369966
8035 table 0 102 504 427 0.635901
8036 table 2 214 543 425 0.583241
8037 table 1 185 438 427 0.669525
8038 table 0 135 561 426 0.377628
8038 desk 0 157 561 426 0.705204
8039 chair 0 45 97 334 0.637282
8039 chair 234 63 337 145 0.7466
8039 table 0 110 557 425 0.795901
8040 table 0 103 561 424 0.572437
8041 desk 0 88 380 319 0.499905
8041 chair 249 60 488 426 0.97207
8042 desk 0 53 561 427 0.460686
8042 table 352 171 559 427 0.490703
8043 dresser 43 189 513 425 0.381873
8047 table 0 339 387 426 0.784417
8048 desk 265 40 495 251 0.65562
8048 chair 396 81 590 364 0.893735
8048 chair 112 25 277 249 0.965458
8049 desk 0 334 124 441 0.6973
8049 desk 272 278 590 440 0.803555
8049 chair 81 316 252 440 0.912347
8052 chair 553 193 590 285 0.496001
8052 table 285 240 591 441 0.565474
8052 table 2 261 302 439 0.602471
8054 chair 9 275 215 440 0.688617
8054 desk 0 263 370 437 0.855154
8056 desk 6 244 359 433 0.379277
8056 chair 28 270 274 439 0.954281
8058 chair 0 278 67 364 0.490954
8058 chair 0 360 141 441 0.61322
8058 chair 115 284 223 440 0.778281
8058 chair 7 283 134 363 0.783277
8058 chair 199 287 319 441 0.870534
8059 desk 490 205 591 439 0.583907
8059 chair 212 300 347 440 0.772873
8059 chair 48 230 191 278 0.794441
8059 table 0 274 288 440 0.837982
8059 chair 306 189 462 371 0.943778
8061 chair 250 285 405 441 0.806086
8061 chair 114 284 223 416 0.891745
8062 desk 236 308 591 439 0.885472
8062 chair 126 274 300 441 0.934059
8067 chair 18 218 218 440 0.823824
8067 desk 0 254 544 440 0.831281
8069 dresser 0 145 154 440 0.642835
8071 desk 61 95 589 369 0.613966
8071 desk 4 0 239 439 0.64928
8071 chair 153 27 337 409 0.742082
8073 chair 0 390 148 441 0.396476
8073 chair 173 18 379 394 0.957833
8074 desk 0 0 241 438 0.506961
8074 desk 241 186 590 441 0.853352
8075 desk 127 51 579 293 0.40484
8075 chair 363 1 588 339 0.958766
8076 table 0 235 106 319 0.376599
8076 table 0 233 107 441 0.48378
8076 chair 0 211 80 240 0.641244
8076 chair 0 260 135 440 0.873545
8076 chair 359 164 536 406 0.900046
8077 table 1 164 279 359 0.873862
8077 chair 0 281 199 440 0.948066
8078 chair 124 218 156 281 0.446528
8078 chair 497 222 591 441 0.497699
8078 chair 131 278 285 441 0.690595
8078 chair 118 242 194 409 0.776068
8078 table 0 233 173 441 0.879519
8079 desk 0 237 282 435 0.521356
8079 chair 0 246 143 440 0.868683
8079 chair 210 217 454 441 0.926281
8080 desk 1 270 459 439 0.571875
8080 chair 186 266 458 441 0.860451
8081 chair 0 213 151 440 0.942391
8081 chair 221 177 365 350 0.952728
8084 table 0 185 451 440 0.459016
8084 chair 194 172 467 441 0.751567
8085 table 0 146 591 282 0.606806
8086 chair 239 33 463 441 0.954274
8087 chair 1 165 148 419 0.892928
8090 chair 302 308 528 441 0.527033
8090 desk 0 241 127 441 0.806061
8091 chair 0 376 127 441 0.463947
8091 chair 535 364 591 441 0.509214
8093 chair 132 174 344 441 0.810693
8093 desk 0 205 369 441 0.915802
8094 chair 40 203 271 427 0.399349
8095 chair 261 300 295 437 0.756101
8095 table 288 302 590 441 0.845474
8097 chair 410 298 514 339 0.58156
8097 chair 546 294 591 343 0.8503
8098 chair 266 158 409 379 0.930289
8098 chair 120 188 269 395 0.94041
8098 chair 0 232 114 440 0.943109
8099 chair 230 171 343 403 0.748125
8100 chair 204 143 313 300 0.771319
8100 chair 0 218 72 410 0.796926
8100 sofa 0 169 205 276 0.964408
8101 chair 498 124 591 440 0.767408
8102 desk 114 251 589 438 0.652528
8103 table 168 303 548 421 0.382954
8105 chair 292 313 467 369 0.601846
8105 table 170 363 591 441 0.614942
8105 chair 151 328 290 382 0.653394
8106 chair 38 193 179 332 0.509473
8106 chair 0 182 63 316 0.538008
8106 chair 243 217 379 418 0.877377
8106 chair 0 232 178 440 0.943386
8107 chair 361 278 591 441 0.551369
8107 chair 0 185 126 433 0.659373
8107 table 0 202 127 437 0.908673
8107 chair 139 191 411 440 0.961096
8108 chair 0 117 64 147 0.575048
8108 table 0 145 98 352 0.62549
8108 chair 16 133 134 291 0.727596
8108 chair 75 153 289 439 0.968456
8109 table 0 124 219 440 0.367239
8109 chair 326 65 403 189 0.781382
8109 chair 77 157 251 440 0.913451
8109 chair 204 119 325 347 0.938333
8110 chair 167 309 205 336 0.430791
8110 chair 401 312 470 337 0.658787
8110 chair 92 304 144 345 0.711478
8110 table 0 330 590 440 0.76486
8110 chair 264 312 335 338 0.794825
8113 table 0 240 168 441 0.375345
8113 chair 166 183 252 305 0.722352
8113 chair 198 198 313 371 0.786264
8113 table 28 186 301 308 0.83218
8113 chair 0 265 251 440 0.856668
8114 chair 133 109 268 217 0.576144
8117 sofa 89 203 484 375 0.68317
8119 chair 193 179 276 332 0.574245
8119 chair 169 172 225 196 0.660117
8119 chair 18 201 66 236 0.715793
8119 chair 56 176 118 219 0.747942
8119 chair 97 295 236 440 0.8307
8119 chair 263 196 386 313 0.851731
8119 chair 264 222 429 440 0.966727
8119 table 0 192 242 440 0.967808
8120 chair 475 258 590 438 0.943317
8121 toilet 127 174 312 385 0.943575
8123 chair 75 169 201 217 0.554583
8124 chair 0 262 66 440 0.780426
8124 desk 1 236 492 441 0.847762
8124 chair 279 255 446 375 0.883714
8125 table 308 150 589 438 0.410381
8125 desk 308 148 589 441 0.447757
8125 chair 260 132 317 224 0.518379
8125 chair 298 143 351 284 0.710285
8125 table 0 142 224 441 0.815459
8125 chair 360 195 575 441 0.920788
8126 chair 221 116 290 219 0.410765
8126 table 0 191 50 440 0.562817
8127 desk 0 120 170 440 0.39173
8127 chair 306 174 479 441 0.623345
8127 desk 278 139 590 441 0.821174
8127 chair 252 152 332 324 0.911922
8127 chair 210 121 275 251 0.918926
8128 desk 443 166 590 440 0.766083
8128 chair 0 199 172 441 0.823488
8128 chair 197 162 358 439 0.91544
8129 chair 248 305 524 440 0.767832
8129 chair 0 147 101 441 0.949669
8130 desk 0 163 180 335 0.653173
8130 chair 151 218 336 440 0.968521
8131 desk 65 199 584 440 0.535365
8131 table 64 216 588 440 0.580123
8131 chair 327 220 404 273 0.796289
8133 chair 0 217 129 439 0.441736
8133 chair 3 218 446 440 0.963486
8134 chair 532 299 591 439 0.418288
8134 sofa 83 226 297 441 0.448331
8134 chair 459 186 551 306 0.839742
8134 chair 376 222 526 417 0.949089
8135 chair 401 364 583 441 0.908848
8136 table 0 144 128 271 0.59019
8136 chair 115 141 241 277 0.653479
8136 chair 253 137 369 295 0.820118
8136 table 271 153 482 379 0.925426
8136 chair 92 205 321 441 0.955643
8138 table 399 231 590 439 0.697987
8138 desk 399 232 590 440 0.7703
8138 chair 275 228 358 360 0.923262
8138 chair 156 236 260 361 0.931889
8139 table 0 287 223 441 0.395139
8139 chair 1 311 193 440 0.912894
8140 desk 436 186 590 384 0.416803
8140 chair 431 231 553 343 0.60812
8140 desk 157 190 572 440 0.79875
8140 chair 432 324 589 441 0.832539
8141 chair 1 224 45 260 0.535062
8141 desk 0 307 349 441 0.641811
8141 chair 251 296 399 441 0.861822
8141 chair 73 251 145 319 0.865477
8144 table 506 341 591 441 0.743104
8144 chair 0 354 98 441 0.886158
8145 desk 0 228 239 440 0.591857
8145 chair 218 234 355 391 0.665773
8145 chair 346 204 418 351 0.669567
8145 desk 385 228 591 439 0.809602
8145 chair 172 265 376 440 0.893286
8146 chair 486 189 591 439 0.41973
8146 chair 490 189 591 261 0.590739
8146 chair 0 255 329 441 0.799721
8146 table 253 209 591 439 0.84805
8147 chair 301 194 360 291 0.518211
8147 table 1 203 277 441 0.751536
8147 chair 347 203 404 355 0.779808
8147 table 351 205 588 440 0.789656
8147 chair 397 266 589 441 0.943421
8149 sofa 350 164 526 349 0.362105
8154 desk 11 244 441 439 0.514918
8156 sofa 51 78 395 262 0.66511
8157 chair 0 307 43 407 0.511277
8157 chair 383 163 448 212 0.678616
8157 chair 265 213 379 408 0.901699
8157 chair 352 209 590 441 0.933029
8158 chair 540 176 591 254 0.391669
8158 chair 497 222 591 370 0.41695
8158 chair 534 163 591 219 0.432353
8158 chair 517 196 590 297 0.476368
8158 chair 322 183 437 331 0.801392
8158 chair 268 223 397 379 0.83928
8158 chair 33 244 263 441 0.916981
8158 chair 477 264 590 441 0.923413
8158 chair 172 250 348 440 0.958303
8159 chair 0 249 167 437 0.366851
8159 chair 284 258 395 346 0.374893
8159 chair 372 210 503 317 0.391553
8159 chair 67 244 261 429 0.492142
8159 chair 469 187 574 270 0.55603
8159 chair 161 274 398 441 0.666247
8159 chair 314 265 589 440 0.853726
8160 chair 0 196 135 354 0.864429
8160 desk 124 204 471 421 0.898857
8161 chair 68 237 195 378 0.434152
8161 chair 438 228 589 441 0.457705
8161 table 0 306 203 441 0.474134
8161 desk 169 183 398 297 0.617107
8161 chair 48 197 176 311 0.684873
8161 chair 199 192 309 335 0.8864
8161 chair 372 187 482 345 0.894551
8162 chair 538 265 591 440 0.757771
8163 chair 473 346 591 441 0.407638
8163 desk 0 364 179 441 0.501771
8163 desk 33 284 228 440 0.589087
8163 chair 380 320 534 441 0.783425
8163 chair 27 288 95 370 0.800826
8164 chair 1 204 58 238 0.560152
8164 chair 93 219 188 279 0.596377
8164 chair 0 247 90 441 0.749352
8164 chair 24 214 95 303 0.766046
8164 chair 83 256 268 440 0.877938
8164 chair 255 214 485 441 0.946018
8165 chair 441 133 568 282 0.367808
8165 chair 249 362 570 441 0.372035
8165 chair 421 135 511 233 0.377556
8165 chair 312 177 434 378 0.54266
8165 chair 388 189 532 367 0.655535
8165 chair 529 122 591 292 0.668319
8165 chair 53 296 321 441 0.771089
8165 chair 474 196 590 441 0.88295
8166 desk 325 211 591 440 0.657655
8166 chair 227 279 418 441 0.844213
8166 chair 155 208 301 441 0.953479
8167 table 0 197 117 436 0.761093
8167 chair 30 162 136 298 0.838932
8167 chair 194 187 391 436 0.961794
8168 chair 548 265 591 440 0.784803
8168 chair 487 179 591 418 0.816907
8169 chair 0 194 21 290 0.371812
8169 chair 0 279 63 440 0.546478
8169 chair 11 185 90 294 0.624737
8169 table 506 231 591 437 0.723408
8169 chair 188 176 286 327 0.855325
8169 chair 290 196 445 387 0.901891
8169 chair 276 305 585 441 0.935916
8170 chair 0 122 75 231 0.408509
8170 chair 6 112 90 171 0.437452
8170 chair 11 157 113 336 0.739953
8170 chair 225 114 341 319 0.741336
8170 chair 361 213 591 441 0.770854
8170 chair 280 178 507 407 0.798913
8170 chair 0 182 81 436 0.841032
8171 chair 306 147 400 224 0.426984
8171 chair 306 153 538 320 0.478191
8171 chair 308 330 567 441 0.611124
8171 chair 69 165 175 324 0.648068
8171 chair 307 167 452 264 0.744517
8171 chair 531 160 591 353 0.765104
8171 chair 189 140 271 264 0.786474
8171 chair 0 213 86 440 0.844313
8171 chair 281 222 589 441 0.948895
8172 table 0 189 264 301 0.545176
8172 table 278 179 433 286 0.568747
8172 table 413 246 556 431 0.568761
8172 chair 339 198 453 320 0.783534
8172 chair 309 268 546 441 0.873004
8172 chair 150 183 253 325 0.90049
8173 table 0 256 253 440 0.588215
8173 desk 0 256 254 440 0.605136
8173 chair 155 189 296 438 0.818285
8174 chair 122 204 407 441 0.760992
8175 chair 34 192 122 274 0.37912
8176 chair 0 101 24 299 0.402555
8176 chair 62 41 160 125 0.430863
8176 chair 541 22 591 81 0.462452
8176 chair 496 61 583 220 0.629607
8176 chair 188 46 273 157 0.764594
8176 chair 523 105 590 299 0.857812
8176 chair 26 67 171 230 0.902615
8177 chair 0 184 127 381 0.48761
8177 desk 308 164 590 438 0.50801
8177 chair 36 147 155 265 0.532732
8177 chair 573 153 591 210 0.648748
8177 chair 248 138 373 276 0.815903
8177 chair 0 257 293 441 0.916071
8178 chair 110 162 189 264 0.38581
8178 chair 0 226 54 400 0.714566
8178 chair 151 188 295 371 0.904307
8178 chair 404 198 591 441 0.917093
8179 chair 325 123 417 233 0.433527
8179 chair 10 140 86 166 0.470935
8179 chair 84 152 165 223 0.507023
8179 chair 185 141 291 260 0.825575
8179 chair 404 105 533 321 0.847489
8179 chair 282 152 434 370 0.930404
8179 chair 0 194 221 440 0.943366
8179 chair 140 174 327 433 0.959415
8180 chair 372 149 587 340 0.885998
8180 chair 86 174 396 441 0.929148
8181 chair 107 185 188 323 0.668151
8181 chair 170 202 309 390 0.897957
8181 chair 379 180 510 365 0.907472
8181 chair 286 164 374 298 0.910069
8182 chair 497 136 568 168 0.503001
8182 chair 463 152 570 370 0.566913
8182 chair 298 143 411 316 0.861828
8182 chair 36 121 189 309 0.881369
8182 chair 507 218 591 440 0.881911
8182 chair 311 190 513 440 0.916885
8182 chair 151 138 335 440 0.919747
8183 chair 556 202 590 339 0.373112
8183 chair 516 229 590 402 0.420021
8183 chair 218 230 430 358 0.546696
8183 chair 211 139 340 266 0.660964
8183 chair 0 180 57 426 0.677884
8183 chair 146 200 251 341 0.684195
8183 chair 0 165 109 305 0.818455
8183 chair 218 245 590 441 0.921417
8184 chair 540 101 590 236 0.364652
8184 chair 113 108 183 199 0.416858
8184 chair 82 101 158 178 0.529855
8184 chair 293 114 364 192 0.558792
8184 chair 153 113 223 212 0.648947
8184 chair 339 121 415 225 0.651769
8184 chair 263 137 384 301 0.793362
8184 chair 222 128 307 262 0.795829
8184 chair 390 130 491 252 0.835814
8184 chair 455 137 574 278 0.8651
8185 desk 426 171 590 374 0.622606
8185 chair 2 187 148 264 0.720466
8185 chair 295 159 384 302 0.8
8185 chair 392 178 543 370 0.877038
8185 chair 0 255 192 441 0.926042
8185 chair 368 283 590 440 0.929951
8186 chair 468 115 517 160 0.365182
8186 chair 181 101 238 168 0.482645
8186 chair 127 163 305 382 0.485774
8186 chair 12 217 240 420 0.495749
8186 chair 217 130 337 244 0.499561
8186 chair 498 128 541 173 0.514478
8186 chair 0 168 77 284 0.522821
8186 chair 461 171 591 441 0.895422
8186 chair 0 287 173 441 0.899435
8187 chair 147 183 283 321 0.381522
8187 chair 200 182 321 364 0.431957
8187 chair 0 176 66 243 0.522127
8187 chair 298 211 444 437 0.630379
8187 chair 79 299 388 441 0.724776
8187 chair 441 178 556 335 0.792171
8187 chair 0 257 198 441 0.887848
8187 chair 457 224 591 441 0.924367
8188 chair 84 81 163 183 0.38612
8188 chair 140 73 265 238 0.405079
8188 chair 83 112 258 272 0.523345
8188 chair 524 78 590 168 0.612181
8188 chair 288 104 385 264 0.629827
8188 chair 252 80 345 179 0.668565
8188 chair 366 112 479 304 0.832887
8188 chair 63 164 367 389 0.88716
8188 chair 458 142 591 423 0.94194
8189 chair 0 244 163 441 0.829365
8190 chair 143 206 255 331 0.585714
8190 chair 63 204 186 318 0.656416
8190 chair 1 203 109 313 0.710831
8190 chair 440 194 511 291 0.724074
8190 chair 242 205 351 336 0.729816
8190 chair 327 207 438 355 0.732696
8190 chair 468 212 591 372 0.92725
8191 sofa 420 202 575 322 0.610973
8192 sofa 116 67 477 262 0.982864
8193 sofa 409 157 590 424 0.538289
8193 sofa 383 100 528 223 0.717324
8194 table 482 119 590 295 0.573863
8195 chair 189 131 255 241 0.517735
8195 sofa 426 169 591 344 0.621998
8195 table 260 132 406 198 0.756308
8196 chair 427 142 528 286 0.805037
8196 table 476 204 590 440 0.88708
8196 chair 355 231 564 441 0.950128
8197 sofa 307 176 423 285 0.367746
8197 sofa 466 152 590 216 0.575682
8197 table 500 203 591 276 0.810433
8197 chair 494 263 591 441 0.876978
8198 chair 242 168 343 312 0.859011
8198 chair 341 184 448 342 0.904498
8199 table 101 249 233 423 0.575786
8200 sofa 4 158 140 237 0.379729
8200 sofa 0 287 139 441 0.484403
8200 sofa 284 203 435 324 0.775424
8201 table 337 227 590 312 0.810953
8201 chair 251 216 337 310 0.846849
8202 table 52 275 411 440 0.904366
8202 chair 448 203 591 441 0.926179
8203 chair 548 219 591 400 0.543715
8203 chair 464 205 541 359 0.569682
8203 chair 193 191 264 322 0.57017
8203 chair 240 201 325 331 0.790866
8203 table 350 218 590 440 0.798599
8203 chair 282 261 480 441 0.908168
8205 desk 0 242 591 440 0.390795
8205 table 0 242 591 441 0.421022
8206 table 371 201 504 325 0.765398
8207 chair 469 188 591 441 0.845282
8208 chair 323 179 409 269 0.504802
8208 sofa 0 181 248 437 0.909407
8210 chair 325 195 447 225 0.464186
8210 chair 447 206 548 377 0.545831
8210 chair 328 196 446 326 0.717708
8210 chair 376 162 423 205 0.851497
8210 table 196 204 529 427 0.900649
8210 chair 282 257 535 441 0.909485
8210 chair 110 180 259 396 0.944652
8211 sofa 250 387 554 441 0.36669
8211 sofa 161 210 331 322 0.47191
8211 sofa 273 228 557 350 0.831399
8211 sofa 0 200 162 294 0.873637
8212 sofa 33 207 330 381 0.948489
8213 chair 346 383 494 439 0.373823
8213 chair 1 178 76 271 0.377272
8213 chair 194 298 232 437 0.380343
8213 chair 260 192 340 222 0.462675
8213 chair 289 249 526 441 0.573088
8213 sofa 0 160 96 212 0.749849
8213 chair 72 213 194 440 0.852362
8213 table 158 222 437 441 0.909704
8214 sofa 346 162 494 231 0.633917
8214 table 7 203 290 390 0.797718
8214 chair 206 196 337 389 0.908641
8214 sofa 198 160 341 235 0.933472
8214 chair 7 222 191 441 0.94215
8215 chair 385 134 492 287 0.871959
8215 table 337 157 590 410 0.935095
8215 chair 160 161 322 394 0.954806
8216 desk 7 220 253 405 0.366248
8216 table 0 317 72 441 0.546643
8216 chair 0 338 172 441 0.811241
8216 chair 23 240 192 418 0.838584
8216 chair 248 213 360 384 0.925281
8217 chair 514 325 591 438 0.436931
8217 chair 0 197 63 307 0.500935
8217 sofa 0 197 64 307 0.628906
8217 table 309 222 590 441 0.781337
8217 chair 22 220 143 379 0.894544
8217 sofa 36 188 275 292 0.928303
8217 chair 280 222 434 441 0.941399
8218 sofa 277 223 589 439 0.47042
8219 chair 311 180 365 201 0.612346
8219 chair 343 200 430 359 0.746011
8219 table 115 197 377 325 0.789194
8219 table 0 232 220 440 0.85248
8219 chair 171 219 364 441 0.940737
8220 chair 120 199 213 352 0.538103
8220 sofa 369 119 541 248 0.599158
8220 table 181 148 458 441 0.718305
8220 chair 163 259 295 441 0.761996
8220 chair 282 277 467 441 0.888068
8222 chair 413 311 566 427 0.419183
8222 chair 316 391 422 440 0.473259
8222 chair 465 365 551 424 0.489133
8222 chair 107 411 237 440 0.559435
8223 chair 111 94 213 263 0.398849
8223 chair 335 129 421 169 0.737637
8223 table 240 180 590 440 0.78257
8223 chair 89 204 242 441 0.816509
8223 table 107 126 440 433 0.860467
8225 chair 453 325 554 441 0.496485
8225 sofa 499 53 591 263 0.551929
8225 table 0 109 427 441 0.608409
8226 table 0 346 170 441 0.518376
8227 chair 531 376 591 441 0.4782
8227 chair 68 389 208 420 0.494443
8227 chair 326 375 446 424 0.633049
8228 chair 253 248 336 434 0.370202
8228 chair 163 118 259 239 0.476046
8228 desk 6 231 306 441 0.603711
8228 sofa 247 115 418 255 0.646025
8228 chair 99 336 305 441 0.915873
8229 chair 269 185 334 281 0.562202
8229 table 247 172 590 441 0.851555
8229 chair 214 256 369 440 0.907406
8230 chair 78 349 277 441 0.708619
8230 chair 0 278 75 441 0.814384
8230 chair 54 280 183 441 0.887951
8231 chair 506 296 591 441 0.565972
8231 chair 474 241 589 365 0.743805
8231 chair 67 311 166 436 0.773762
8231 chair 187 217 239 286 0.888591
8231 chair 153 257 203 336 0.89084
8231 table 71 233 560 441 0.93267
8232 chair 413 322 555 441 0.758679
8232 chair 514 207 591 320 0.810328
8232 table 480 315 590 441 0.938754
8232 chair 0 250 217 440 0.947494
8232 chair 81 152 244 354 0.950768
8233 chair 290 294 525 439 0.643674
8233 chair 461 197 591 436 0.711077
8233 chair 0 198 108 275 0.81111
8233 chair 241 112 321 168 0.869624
8233 chair 105 152 218 220 0.871338
8233 table 1 133 571 440 0.956177
8234 chair 0 377 146 440 0.366537
8234 chair 0 224 58 441 0.548251
8234 chair 0 153 140 339 0.80308
8234 chair 238 165 364 360 0.877498
8234 chair 115 131 258 354 0.931752
8234 chair 374 142 530 390 0.965822
8235 chair 539 81 591 193 0.472601
8235 chair 0 260 112 430 0.592662
8235 chair 495 61 554 202 0.598215
8235 chair 494 60 542 117 0.602495
8235 chair 0 331 352 441 0.738487
8235 chair 498 117 591 295 0.904355
8235 chair 298 87 412 215 0.92626
8235 chair 247 111 382 275 0.930145
8235 chair 62 188 308 367 0.937529
8235 chair 175 143 355 355 0.964861
8235 chair 382 188 590 441 0.975792
8236 table 0 284 323 439 0.438148
8236 chair 0 210 38 313 0.724178
8236 chair 0 160 86 270 0.805061
8236 chair 145 330 331 441 0.847546
8236 chair 10 283 116 390 0.854748
8237 chair 213 96 257 108 0.494678
8237 chair 543 232 590 440 0.505958
8237 chair 202 180 273 359 0.506605
8237 chair 158 227 260 436 0.558835
8237 chair 224 131 280 293 0.579675
8237 chair 299 96 350 172 0.593044
8237 chair 407 101 475 179 0.656384
8237 chair 17 145 63 175 0.685229
8237 chair 121 293 241 440 0.685238
8237 chair 413 114 490 235 0.790712
8237 chair 495 188 591 405 0.835399
8237 table 0 105 269 440 0.894148
8237 chair 459 151 591 325 0.898085
8238 chair 334 362 578 441 0.744192
8238 chair 208 271 326 425 0.91586
8238 chair 0 285 117 441 0.919414
8238 chair 253 301 422 441 0.943816
8239 chair 62 0 165 88 0.615376
8239 chair 107 0 221 119 0.716922
8239 chair 468 48 591 381 0.849041
8239 chair 177 0 311 161 0.899402
8239 chair 0 177 226 441 0.928995
8239 chair 254 0 395 207 0.951642
8239 chair 341 17 529 270 0.970405
8240 chair 184 138 237 158 0.379499
8240 chair 42 374 245 441 0.397379
8240 table 0 130 428 439 0.522187
8240 chair 124 153 181 177 0.66761
8240 chair 396 189 509 326 0.7138
8240 chair 35 174 114 208 0.778776
8240 chair 182 280 356 440 0.878938
8240 chair 417 140 495 222 0.912168
8240 chair 479 165 572 292 0.916893
8240 chair 349 226 484 428 0.943768
8241 chair 213 115 291 196 0.386615
8241 chair 215 131 316 234 0.647779
8241 chair 0 214 50 427 0.681855
8241 chair 259 178 399 372 0.850668
8241 chair 232 149 353 293 0.863226
8241 chair 391 307 589 441 0.871868
8241 chair 293 218 478 440 0.93732
8241 chair 9 274 201 441 0.946283
8242 chair 15 153 161 334 0.540549
8242 chair 336 45 399 126 0.572901
8242 chair 89 86 194 199 0.70487
8242 table 353 19 590 404 0.71558
8242 chair 45 108 178 255 0.727054
8242 chair 0 177 135 437 0.773002
8242 chair 297 78 387 163 0.81348
8242 chair 294 112 407 279 0.89976
8242 chair 200 177 366 421 0.959554
8242 chair 378 278 591 441 0.959961
8243 chair 472 401 548 441 0.386072
8243 chair 552 400 590 441 0.47131
8244 chair 554 73 590 88 0.411032
8244 chair 361 87 398 112 0.460142
8244 chair 269 99 339 146 0.564104
8244 chair 189 115 278 176 0.593277
8244 chair 466 234 591 440 0.803679
8244 chair 26 132 164 221 0.834834
8244 table 0 77 585 440 0.860523
8245 chair 239 248 315 344 0.552705
8245 chair 242 318 349 441 0.799767
8245 chair 8 277 76 324 0.828803
8245 chair 81 238 155 285 0.846815
8245 table 0 260 325 440 0.892776
8245 chair 368 255 469 407 0.920921
8246 chair 38 189 113 242 0.774825
8246 chair 18 240 132 282 0.806385
8246 table 0 262 278 440 0.811331
8246 chair 124 184 198 270 0.88706
8246 chair 239 320 360 441 0.896657
8246 chair 280 193 381 325 0.918323
8247 chair 0 291 33 329 0.436416
8247 chair 509 262 591 400 0.527477
8247 chair 490 241 562 318 0.649122
8247 table 0 359 193 440 0.684398
8247 table 0 242 253 370 0.693705
8247 chair 92 255 137 277 0.71109
8247 chair 39 271 92 297 0.77827
8247 chair 230 360 369 441 0.858466
8247 chair 312 251 389 346 0.869683
8247 chair 379 274 472 420 0.894853
8247 chair 285 308 404 441 0.906881
8248 chair 69 156 146 223 0.395493
8248 chair 0 231 26 264 0.54024
8248 table 0 226 201 338 0.665281
8248 chair 559 171 590 346 0.675697
8248 chair 56 186 138 242 0.677078
8248 chair 176 229 209 325 0.695944
8248 table 0 297 218 440 0.762897
8248 chair 162 142 243 253 0.879518
8248 chair 199 283 306 441 0.937752
8248 chair 492 142 591 296 0.938328
8249 chair 518 140 590 194 0.412883
8249 chair 189 147 242 225 0.566272
8249 chair 0 196 106 337 0.575253
8249 chair 382 311 505 440 0.609603
8249 chair 246 144 293 218 0.682388
8249 chair 294 142 345 187 0.687465
8249 chair 271 215 347 382 0.692527
8249 chair 368 170 429 188 0.727134
8249 chair 541 181 591 223 0.768082
8249 chair 304 254 405 437 0.790646
8249 table 279 185 591 441 0.869033
8250 chair 49 296 304 441 0.556542
8250 chair 106 157 171 238 0.556709
8250 chair 116 181 210 285 0.586808
8250 chair 132 220 254 368 0.62038
8251 chair 0 221 54 305 0.459704
8251 chair 6 205 94 291 0.609956
8251 chair 109 234 224 398 0.699129
8251 chair 155 357 315 441 0.704321
8251 chair 340 180 406 305 0.853178
8251 table 0 288 223 440 0.860396
8252 chair 0 255 87 440 0.910715
8252 chair 200 179 388 439 0.932995
8252 chair 364 170 555 437 0.945331
8253 chair 84 148 168 223 0.412334
8253 chair 0 160 101 441 0.464446
8253 chair 79 136 140 194 0.473625
8253 chair 87 213 200 426 0.650178
8253 chair 85 169 162 288 0.757818
8253 chair 11 313 232 441 0.810627
8254 chair 163 234 370 316 0.522093
8254 chair 34 222 212 302 0.828591
8255 chair 286 211 330 278 0.520152
8255 chair 260 262 320 331 0.545858
8255 chair 253 285 342 382 0.77933
8255 chair 245 330 359 441 0.92991
8256 chair 478 377 580 440 0.625784
8256 chair 75 349 163 441 0.825618
8258 chair 170 362 398 441 0.697461
8258 chair 242 301 366 420 0.727615
8258 chair 126 275 253 384 0.761601
8258 table 0 316 255 440 0.898572
8259 chair 373 105 452 176 0.434804
8259 chair 436 54 477 130 0.457868
8259 chair 351 129 458 276 0.71547
8259 chair 319 63 378 94 0.775988
8259 chair 310 173 446 377 0.811205
8259 chair 73 98 178 175 0.821999
8259 table 0 88 394 377 0.856066
8259 chair 153 261 435 440 0.952805
8260 chair 369 142 437 288 0.434349
8260 chair 391 153 475 308 0.680859
8260 chair 507 226 591 441 0.699877
8260 chair 91 196 175 299 0.747827
8260 chair 397 164 508 380 0.775828
8260 chair 13 237 141 378 0.859417
8260 chair 434 185 583 441 0.894931
8260 chair 0 315 122 441 0.901477
8261 chair 528 134 591 299 0.550788
8261 chair 459 116 545 212 0.55889
8261 chair 420 127 509 231 0.74868
8261 chair 328 158 430 280 0.781196
8261 chair 379 145 469 255 0.846174
8261 chair 195 194 336 359 0.893005
8261 chair 76 228 229 434 0.896014
8261 chair 491 166 591 346 0.906638
8261 chair 193 271 408 441 0.935674
8261 chair 318 225 500 440 0.96661
8262 chair 422 46 529 199 0.363268
8262 chair 0 294 124 441 0.462301
8262 chair 454 61 571 267 0.531778
8262 chair 537 70 591 392 0.544288
8262 chair 46 187 197 367 0.574356
8262 chair 125 134 227 256 0.705521
8262 chair 0 223 191 440 0.777594
8262 chair 83 156 209 297 0.789982
8263 chair 196 298 302 440 0.444946
8263 chair 157 390 296 441 0.502703
8263 chair 0 320 51 441 0.531773
8264 chair 0 133 142 370 0.859583
8265 chair 0 177 36 324 0.416688
8265 chair 0 217 67 432 0.547077
8265 chair 63 69 137 189 0.610198
8265 chair 36 47 97 142 0.621559
8265 chair 259 135 410 362 0.652184
8265 chair 86 74 168 200 0.702588
8265 chair 140 102 251 257 0.819963
8265 chair 103 90 200 245 0.826107
8265 chair 179 125 309 322 0.929503
8265 chair 277 180 470 440 0.950333
8265 chair 395 201 589 440 0.957717
8266 chair 127 94 203 171 0.373769
8266 chair 0 115 57 276 0.41365
8266 chair 135 129 245 278 0.433693
8266 chair 0 170 45 352 0.474689
8266 chair 127 98 218 229 0.510117
8266 chair 283 100 379 210 0.525171
8266 chair 194 259 443 441 0.710745
8266 chair 342 115 447 262 0.790453
8266 chair 156 160 288 315 0.800674
8266 chair 164 201 337 439 0.845828
8266 chair 376 136 523 326 0.875556
8266 chair 506 207 591 441 0.903075
8266 chair 423 162 591 397 0.967664
8267 chair 0 276 69 434 0.423968
8267 chair 130 114 223 226 0.566944
8267 chair 280 83 357 166 0.567227
8267 chair 0 372 126 440 0.598141
8267 chair 83 132 199 245 0.642483
8267 chair 259 111 358 238 0.708791
8267 chair 200 179 358 329 0.769967
8267 chair 145 243 358 430 0.922718
8268 chair 410 130 478 228 0.492897
8268 chair 247 162 339 244 0.505106
8268 chair 8 195 92 318 0.630048
8268 chair 200 178 297 274 0.656986
8268 chair 362 160 446 271 0.661866
8268 chair 333 181 434 303 0.748215
8268 chair 295 193 410 338 0.831175
8268 chair 152 196 270 322 0.865887
8268 chair 86 214 217 364 0.898248
8268 chair 249 220 391 405 0.918199
8268 chair 13 313 243 441 0.951639
8269 chair 456 157 591 433 0.737484
8269 chair 0 200 105 425 0.827056
8269 chair 201 117 276 222 0.834231
8269 chair 83 154 210 300 0.849898
8269 chair 11 176 163 346 0.909326
8269 chair 150 132 253 263 0.92937
8270 chair 47 171 119 318 0.458127
8270 chair 0 230 74 439 0.481139
8270 chair 172 181 268 341 0.540492
8270 chair 1 254 179 440 0.864667
8270 chair 165 265 343 441 0.910832
8271 chair 169 128 297 351 0.47249
8271 chair 266 115 372 327 0.523746
8271 chair 439 93 529 271 0.668587
8271 chair 369 102 474 298 0.711116
8271 chair 48 144 199 402 0.763918
8271 chair 0 230 66 433 0.784543
8272 chair 447 241 540 365 0.399389
8272 chair 136 260 200 333 0.476274
8272 chair 159 341 306 441 0.554531
8272 chair 409 237 495 347 0.591712
8272 chair 0 292 75 440 0.606169
8272 chair 280 261 352 355 0.632017
8272 chair 258 247 327 337 0.663343
8272 chair 141 291 237 435 0.773341
8272 chair 417 307 567 441 0.854431
8272 chair 307 271 401 409 0.883168
8273 chair 0 149 117 255 0.433121
8273 chair 0 283 143 440 0.445713
8273 chair 61 190 205 347 0.514165
8273 chair 446 69 540 240 0.51658
8273 chair 510 97 591 378 0.528692
8273 chair 133 138 229 243 0.662958
8273 chair 104 162 220 288 0.712897
8273 chair 10 219 200 427 0.88335
8274 chair 42 101 176 274 0.405318
8274 chair 80 288 364 441 0.706425
8274 chair 262 102 387 255 0.752872
8274 chair 339 86 464 244 0.781088
8274 chair 409 66 523 205 0.801841
8274 chair 70 150 244 351 0.854083
8274 chair 187 132 331 334 0.899576
8274 chair 499 127 591 366 0.911551
8274 chair 264 190 503 440 0.927905
8274 chair 391 154 584 440 0.940516
8275 chair 512 230 591 417 0.766401
8276 chair 311 20 397 145 0.368554
8276 chair 0 185 137 441 0.40383
8276 chair 348 34 440 178 0.430709
8276 chair 467 83 591 274 0.432896
8276 chair 401 59 519 217 0.678828
8277 chair 0 139 64 287 0.399995
8277 table 1 157 293 295 0.767175
8277 chair 105 140 187 166 0.798047
8277 chair 327 139 414 276 0.806561
8277 table 0 192 300 439 0.936961
8277 chair 295 186 392 353 0.939079
8277 chair 304 273 437 436 0.957911
8278 table 524 340 590 441 0.46129
8278 chair 502 366 570 441 0.771291
8278 chair 506 282 589 320 0.848953
8278 chair 341 289 426 402 0.917696
8279 chair 207 157 304 271 0.365967
8279 chair 0 168 64 297 0.389769
8279 chair 53 189 118 300 0.463632
8279 chair 210 156 290 189 0.579745
8279 chair 492 166 591 304 0.611278
8279 desk 0 222 288 440 0.638904
8279 table 464 184 591 320 0.660649
8279 table 139 184 513 306 0.673034
8279 chair 313 156 406 277 0.866827
8280 chair 407 110 494 215 0.745338
8280 chair 339 95 411 202 0.75766
8280 chair 0 139 91 191 0.764959
8280 table 351 126 590 222 0.827037
8280 table 0 150 256 279 0.850604
8280 chair 200 117 300 222 0.872256
8280 table 0 231 514 441 0.887969
8280 table 262 163 591 439 0.939948
8280 table 182 115 393 279 0.962868
8281 chair 73 72 295 234 0.646281
8281 chair 441 236 590 441 0.878246
8281 chair 472 1 591 253 0.894196
8281 chair 43 175 350 440 0.932516
8281 chair 263 2 462 271 0.965258
8282 table 65 207 310 334 0.520891
8282 desk 0 306 140 441 0.584955
8282 chair 0 218 36 253 0.680782
8282 chair 204 194 282 296 0.691345
8282 table 112 293 591 441 0.756958
8282 table 240 217 534 329 0.839777
8282 chair 434 233 512 271 0.850849
8282 chair 88 211 196 321 0.872229
8283 chair 0 157 22 197 0.424627
8283 table 0 199 206 440 0.892482
8283 chair 445 166 591 407 0.939019
8283 chair 78 272 337 440 0.970027
8284 chair 378 101 457 210 0.515032
8284 table 0 200 238 439 0.539689
8284 table 241 115 521 259 0.680971
8284 table 88 137 242 214 0.710759
8284 desk 1 200 239 440 0.725628
8284 chair 69 164 109 208 0.814868
8284 chair 160 113 221 143 0.822495
8284 table 407 135 591 268 0.855526
8284 chair 266 112 364 222 0.885944
8285 chair 8 203 72 272 0.455054
8285 table 333 166 591 354 0.569662
8285 table 0 317 583 439 0.848514
8285 chair 129 146 213 207 0.888512
8285 table 0 158 377 350 0.909306
8286 table 321 95 547 169 0.487223
8286 chair 0 374 190 439 0.536341
8286 chair 383 81 463 162 0.554623
8286 table 0 157 281 264 0.565033
8286 table 401 106 591 313 0.583047
8286 table 18 163 530 434 0.793178
8286 table 112 109 373 203 0.816463
8286 chair 230 108 318 198 0.841057
8286 chair 354 196 537 439 0.936647
8287 table 500 96 591 199 0.602501
8287 chair 128 270 313 425 0.614773
8287 table 284 116 567 237 0.826311
8287 table 279 169 590 441 0.852162
8287 table 170 179 457 311 0.855661
8287 chair 405 116 504 233 0.856276
8288 chair 314 399 411 441 0.579743
8288 chair 111 376 202 441 0.668614
8288 table 0 401 202 440 0.706418
8288 chair 296 369 380 441 0.743876
8288 chair 202 359 294 440 0.796148
8289 table 422 144 591 439 0.676682
8289 chair 313 126 491 397 0.967632
8290 chair 0 183 141 373 0.412918
8290 table 323 37 562 133 0.735087
8290 table 112 50 377 148 0.801394
8290 chair 386 20 470 112 0.806813
8290 chair 0 332 227 440 0.809303
8290 chair 228 47 320 146 0.826164
8290 table 133 116 553 325 0.83294
8290 table 0 97 292 221 0.85981
8290 chair 369 157 570 408 0.945479
8291 table 408 0 590 200 0.699494
8292 chair 310 148 380 176 0.584497
8292 chair 193 131 263 199 0.603886
8292 table 532 176 591 354 0.61102
8292 table 239 172 558 299 0.813198
8292 chair 160 197 221 250 0.902357
8292 table 38 196 364 393 0.918965
8293 chair 103 352 157 390 0.441397
8293 table 32 387 348 441 0.482528
8293 chair 287 397 362 434 0.664047
8293 chair 147 376 223 405 0.682329
8293 table 0 371 115 441 0.722702
8294 chair 422 204 588 416 0.837574
8294 table 424 251 591 440 0.845251
8294 chair 142 196 286 388 0.942515
8295 chair 161 109 211 146 0.44609
8295 table 82 128 348 298 0.530684
8295 chair 544 103 591 142 0.574388
8295 chair 120 131 185 162 0.655414
8295 table 299 113 493 198 0.682762
8295 table 110 169 377 386 0.693716
8295 chair 144 217 297 385 0.777519
8295 chair 452 353 591 441 0.792192
8295 chair 0 184 74 338 0.793363
8295 table 237 166 591 435 0.9164
8295 chair 42 363 333 440 0.931708
8296 chair 496 116 586 200 0.556514
8296 chair 448 144 523 317 0.754855
8296 chair 500 192 559 344 0.766187
8296 chair 412 109 506 223 0.768995
8296 desk 475 196 589 438 0.812621
8296 chair 1 295 266 439 0.838204
8296 chair 262 162 387 356 0.882287
8296 chair 148 207 337 438 0.93609
8296 chair 317 236 519 440 0.938742
8297 chair 82 165 161 237 0.42591
8297 chair 358 142 440 256 0.433992
8297 chair 270 165 372 268 0.488603
8297 table 160 175 415 276 0.493977
8297 chair 42 207 163 380 0.521372
8297 chair 451 141 534 247 0.557243
8297 chair 176 168 256 197 0.802443
8297 chair 0 305 180 439 0.810333
8297 table 378 230 591 438 0.866829
8297 table 382 150 591 278 0.876924
8297 table 160 213 487 440 0.896262
8298 chair 346 60 424 205 0.500795
8298 table 99 59 422 284 0.647763
8298 table 0 50 172 168 0.658866
8298 chair 156 34 214 66 0.730829
8298 chair 0 37 99 162 0.760074
8298 chair 412 40 481 159 0.777416
8298 chair 200 147 355 366 0.831476
8298 chair 258 40 347 88 0.85928
8298 table 0 116 353 434 0.87804
8298 chair 73 205 260 439 0.913987
8298 chair 401 115 549 304 0.937123
8299 chair 559 68 590 229 0.378036
8299 chair 190 88 300 160 0.588931
8299 chair 0 165 100 237 0.614851
8299 table 0 148 398 374 0.744077
8299 chair 309 83 379 126 0.750635
8299 table 272 101 518 254 0.793289
8299 chair 112 134 222 191 0.806309
8299 table 61 250 589 440 0.938441
8300 chair 0 252 159 441 0.458816
8300 chair 421 0 502 80 0.592775
8300 chair 349 74 438 238 0.639079
8300 chair 302 7 443 161 0.704656
8300 chair 253 146 407 437 0.922627
8300 desk 340 78 591 439 0.956117
8301 chair 417 13 498 77 0.467123
8301 table 374 66 591 169 0.539757
8301 chair 369 35 440 86 0.744756
8301 chair 239 61 333 104 0.802978
8301 chair 488 29 580 167 0.831163
8301 table 328 218 591 440 0.856716
8301 chair 244 307 425 441 0.912342
8301 chair 152 112 276 251 0.92156
8301 table 232 91 560 264 0.933442
8301 chair 21 181 247 437 0.960345
8302 table 482 326 590 440 0.487759
8302 chair 185 132 296 244 0.660784
8302 chair 253 180 417 373 0.921305
8302 chair 382 134 505 320 0.941881
8302 chair 227 307 481 440 0.961197
8303 chair 439 93 530 175 0.42922
8303 table 447 142 591 303 0.453473
8303 chair 422 94 496 216 0.709357
8303 desk 291 259 591 441 0.805934
8303 chair 544 70 591 140 0.826599
8303 chair 508 136 560 189 0.868551
8303 chair 442 175 517 244 0.915547
8303 chair 136 228 354 440 0.971502
8304 desk 445 122 591 275 0.585601
8304 chair 452 48 530 128 0.65912
8304 chair 458 120 495 182 0.760219
8304 desk 359 263 591 441 0.77321
8304 chair 358 88 459 215 0.774899
8304 chair 426 165 477 254 0.916148
8304 chair 128 274 381 440 0.962437
8305 chair 445 0 514 9 0.384686
8305 chair 242 0 314 95 0.655804
8305 chair 356 0 423 21 0.697011
8305 table 332 37 590 142 0.764375
8305 table 421 104 591 418 0.884462
8305 chair 199 36 291 163 0.925173
8305 chair 246 190 478 440 0.963505
8306 chair 511 268 591 414 0.912518
8307 table 361 162 590 439 0.392078
8307 chair 432 96 518 164 0.500545
8307 chair 378 123 432 257 0.535437
8307 chair 524 112 590 145 0.674322
8307 desk 363 165 591 437 0.745112
8307 chair 356 93 440 190 0.774209
8307 chair 207 139 323 322 0.793156
8307 chair 419 162 474 229 0.844747
8307 chair 256 198 401 430 0.942459
8307 chair 0 252 211 441 0.946088
8307 chair 96 177 270 397 0.958477
8308 table 0 333 88 440 0.377722
8308 chair 195 162 244 192 0.478472
8308 chair 116 222 231 394 0.482886
8308 chair 220 145 276 215 0.516265
8308 chair 50 261 187 439 0.569721
8308 table 0 177 252 345 0.60604
8308 chair 189 402 339 440 0.615065
8308 chair 97 152 174 186 0.696545
8308 chair 254 190 346 322 0.924222
8309 chair 46 390 329 441 0.50537
8309 chair 281 40 377 118 0.514315
8309 chair 264 71 356 148 0.79749
8309 chair 395 47 466 105 0.800612
8309 chair 144 123 276 292 0.848056
8309 table 317 61 589 182 0.889194
8309 table 165 147 591 441 0.923461
8309 chair 84 235 295 413 0.946975
8310 table 483 88 590 203 0.393679
8310 chair 285 85 348 119 0.456078
8310 table 251 96 538 250 0.622571
8310 table 368 242 591 440 0.777088
8310 table 325 133 590 282 0.807544
8310 chair 328 167 459 356 0.864153
8310 chair 183 137 284 272 0.913584
8311 chair 548 194 591 250 0.371679
8311 table 262 232 591 441 0.478349
8311 chair 246 183 301 259 0.498928
8311 chair 442 188 518 235 0.534033
8311 chair 152 357 315 441 0.660348
8311 chair 468 214 557 247 0.744584
8311 chair 360 180 440 258 0.825023
8311 chair 0 261 201 441 0.889626
8311 chair 318 218 395 337 0.899592
8311 chair 202 257 348 438 0.940724
8312 chair 194 106 253 158 0.560562
8312 chair 183 146 281 310 0.615178
8312 table 0 189 169 440 0.627986
8312 chair 97 96 148 126 0.703009
8312 chair 72 122 154 151 0.788345
8312 chair 146 100 198 154 0.794733
8312 chair 0 97 61 139 0.802399
8312 chair 0 262 126 439 0.864056
8312 chair 267 110 324 217 0.873419
8312 table 0 139 300 351 0.905958
8313 chair 535 176 591 256 0.510551
8313 table 93 92 281 388 0.723526
8313 chair 309 263 562 441 0.896135
8313 table 503 254 591 440 0.896216
8313 chair 453 127 557 306 0.910881
8314 chair 446 153 591 407 0.660762
8314 chair 361 97 474 277 0.813208
8314 table 429 220 591 434 0.885593
8314 chair 280 240 506 441 0.926886
8314 chair 237 97 362 282 0.952409
8314 chair 25 148 215 389 0.95535
8315 chair 436 213 511 234 0.445952
8315 chair 0 280 93 338 0.476987
8315 chair 446 194 500 215 0.526226
8315 chair 573 196 591 242 0.534629
8315 table 5 381 369 441 0.574238
8315 table 360 225 590 346 0.699466
8315 table 341 261 590 440 0.73918
8315 table 0 288 253 440 0.751293
8315 chair 500 196 555 236 0.761103
8315 table 138 220 392 415 0.897975
8316 chair 92 74 197 191 0.374775
8316 chair 331 58 411 90 0.379444
8316 chair 0 296 85 441 0.463483
8316 chair 121 73 198 97 0.539476
8316 chair 331 59 411 137 0.644131
8316 table 0 82 268 191 0.806959
8316 table 0 177 270 396 0.84317
8316 table 99 87 412 228 0.850602
8316 chair 287 135 428 299 0.859191
8316 chair 380 87 469 253 0.885707
8316 chair 509 142 591 338 0.892395
8316 chair 181 242 420 439 0.96354
8317 desk 0 159 166 438 0.466452
8317 desk 0 340 312 441 0.521152
8317 chair 72 210 223 356 0.638712
8317 chair 31 167 112 262 0.716117
8317 chair 209 265 459 441 0.852706
8317 chair 189 146 316 324 0.888809
8318 chair 182 20 268 140 0.579484
8318 table 436 57 590 405 0.62745
8318 chair 494 294 591 441 0.771099
8318 chair 521 9 581 64 0.78572
8318 chair 263 5 371 118 0.826252
8318 chair 66 101 255 266 0.871928
8318 chair 389 11 488 152 0.883718
8318 chair 280 57 406 202 0.918464
8318 chair 143 57 251 178 0.920097
8318 chair 0 181 253 441 0.934531
8318 chair 258 126 428 393 0.964725
8319 chair 0 220 255 439 0.799824
8319 chair 104 136 274 358 0.80023
8319 desk 450 153 591 439 0.800251
8319 desk 248 321 591 441 0.850823
8319 chair 446 150 570 291 0.923067
8319 chair 202 107 356 322 0.935171
8319 chair 289 79 421 272 0.940377
8319 chair 382 50 491 219 0.948052
8320 table 482 275 590 440 0.384764
8320 chair 497 208 573 234 0.442276
8320 chair 496 229 581 261 0.53119
8320 table 0 303 221 439 0.543675
8320 desk 294 353 591 441 0.579334
8320 chair 379 213 463 326 0.610381
8320 table 307 226 588 357 0.719555
8320 table 61 255 427 440 0.877552
8320 chair 179 256 316 435 0.939666
8321 chair 459 313 591 441 0.46552
8321 chair 0 175 37 349 0.602379
8321 chair 153 155 283 296 0.634037
8321 chair 132 363 454 440 0.647572
8321 chair 40 105 147 239 0.844595
8321 chair 11 90 103 206 0.878285
8321 chair 85 128 208 282 0.891473
8321 chair 211 190 425 397 0.909844
8321 chair 13 237 215 440 0.946579
8322 chair 256 186 301 270 0.388282
8322 chair 286 192 355 320 0.41849
8322 table 272 200 588 367 0.478371
8322 chair 490 175 554 202 0.661995
8322 chair 308 172 384 215 0.719299
8322 chair 393 185 462 211 0.768099
8322 table 357 238 590 441 0.801733
8322 chair 368 280 546 441 0.899569
8322 chair 197 224 305 382 0.920066
8323 chair 0 407 79 435 0.433579
8323 chair 0 284 85 412 0.859765
8323 chair 93 289 191 439 0.920856
8324 table 446 92 591 341 0.502901
8324 chair 464 56 555 217 0.583349
8324 chair 521 163 590 439 0.609978
8324 chair 428 40 496 156 0.850789
8324 chair 504 30 590 94 0.854512
8324 chair 334 97 473 304 0.941601
8325 chair 218 92 280 130 0.484712
8325 chair 209 111 298 181 0.496282
8325 chair 398 57 467 120 0.541524
8325 chair 374 90 450 186 0.663329
8325 chair 353 144 475 322 0.703781
8325 chair 495 69 565 88 0.764412
8325 chair 417 108 505 195 0.824132
8325 chair 198 131 303 283 0.879506
8325 chair 358 191 533 429 0.975675
8326 chair 173 264 242 312 0.3631
8326 chair 169 283 228 332 0.482667
8326 chair 370 289 450 373 0.494312
8326 chair 0 272 58 358 0.533699
8326 table 7 264 381 441 0.576347
8326 chair 373 266 432 345 0.609955
8326 chair 411 378 591 441 0.655333
8326 chair 344 316 452 440 0.875195
8327 chair 145 0 235 41 0.48363
8327 chair 375 0 484 42 0.610078
8327 table 0 40 487 311 0.850864
8327 chair 0 302 259 440 0.906055
8327 chair 395 203 590 439 0.942863
8329 desk 0 115 453 440 0.387701
8329 table 0 95 456 441 0.434371
8329 chair 339 87 415 172 0.564763
8329 chair 311 67 372 122 0.85378
8329 chair 353 115 450 238 0.863419
8329 chair 62 78 146 186 0.897955
8329 chair 435 167 590 439 0.946265
8330 table 450 161 591 440 0.455923
8330 chair 540 30 591 155 0.691269
8330 chair 457 156 591 331 0.734422
8330 chair 430 45 579 224 0.857496
8330 chair 0 149 210 436 0.930809
8330 chair 154 102 359 378 0.94204
8331 chair 524 67 590 171 0.685744
8331 chair 349 238 543 301 0.807499
8331 table 450 74 591 240 0.824466
8331 chair 417 103 557 262 0.904896
8331 table 0 233 590 439 0.943522
8332 chair 0 85 77 149 0.523979
8332 chair 161 110 253 136 0.657646
8332 chair 107 81 189 139 0.698764
8332 chair 174 183 326 369 0.907042
8332 table 2 121 388 363 0.915066
8333 chair 15 233 115 285 0.504185
8333 chair 202 240 304 273 0.643954
8333 chair 0 267 98 312 0.661748
8333 chair 146 215 232 284 0.865493
8333 table 1 246 467 440 0.896999
8333 chair 232 323 397 440 0.93462
8334 table 360 188 591 437 0.65401
8334 chair 210 256 428 439 0.887663
8335 chair 526 131 590 244 0.577352
8335 chair 359 177 493 257 0.645053
8335 chair 422 137 541 250 0.699053
8335 chair 216 183 348 268 0.788931
8335 chair 0 230 98 278 0.84877
8335 table 0 255 591 440 0.893866
8336 desk 0 157 168 441 0.438548
8336 chair 312 344 522 441 0.606358
8336 table 479 156 590 440 0.795394
8336 chair 433 34 526 145 0.801034
8336 chair 319 66 421 184 0.81694
8336 chair 369 109 488 245 0.908466
8336 chair 321 168 507 373 0.921572
8337 chair 564 15 590 109 0.460998
8337 chair 453 95 557 178 0.788158
8337 chair 480 35 590 130 0.872605
8337 table 351 125 590 435 0.921462
8337 chair 218 149 451 433 0.967761
8338 chair 22 131 148 262 0.402565
8338 table 324 101 591 316 0.603893
8338 chair 266 76 348 151 0.608494
8338 chair 383 92 462 115 0.675696
8338 chair 496 78 565 102 0.680519
8338 chair 241 123 360 267 0.794511
8338 chair 303 147 435 321 0.896429
8338 chair 235 222 425 440 0.923808
8338 chair 0 163 163 438 0.930031
8338 chair 266 345 497 441 0.934507
8339 chair 331 152 431 307 0.84375
8339 chair 0 277 237 441 0.946146
8339 chair 95 196 250 373 0.947513
8339 chair 278 241 482 440 0.95751
8339 table 353 115 589 439 0.957516
8340 chair 546 164 591 274 0.371622
8340 table 469 164 591 298 0.3744
8340 chair 375 143 444 236 0.730407
8340 table 0 218 588 440 0.769758
8340 table 303 143 510 281 0.894749
8340 chair 266 159 358 289 0.896689
8340 chair 111 221 223 270 0.920755
8341 chair 0 226 100 331 0.485454
8341 chair 203 379 475 441 0.618896
8341 chair 206 249 327 287 0.683047
8341 chair 134 212 245 301 0.844101
8341 table 0 256 561 440 0.924848
8342 chair 0 146 54 210 0.363991
8342 chair 181 89 255 157 0.490573
8342 chair 99 98 190 154 0.510168
8342 chair 349 94 453 169 0.621874
8342 chair 419 153 527 204 0.707094
8342 chair 4 108 109 193 0.76124
8342 chair 108 145 216 184 0.774557
8342 chair 217 120 299 162 0.800796
8342 table 0 181 257 364 0.852051
8342 table 151 145 590 440 0.925519
8343 table 397 242 590 439 0.899942
8343 chair 176 248 427 440 0.94799
8344 chair 497 260 591 441 0.886139
8344 chair 215 167 343 359 0.946931
8345 chair 449 203 563 276 0.699136
8345 chair 165 253 299 332 0.741858
8345 chair 231 183 322 285 0.754445
8345 table 0 250 591 441 0.775858
8345 chair 301 213 463 309 0.873946
8346 chair 10 198 110 268 0.81493
8346 table 161 187 457 349 0.86941
8346 chair 72 261 221 441 0.877938
8346 table 0 265 163 441 0.92012
8347 chair 158 176 218 254 0.378994
8347 chair 157 138 192 241 0.387881
8347 chair 126 233 337 440 0.406488
8347 desk 0 238 156 441 0.459302
8347 chair 30 113 91 155 0.755007
8348 table 523 196 590 441 0.440175
8348 chair 435 163 590 415 0.772575
8348 chair 303 264 567 441 0.879649
8349 chair 277 163 316 213 0.400451
8349 chair 546 103 591 207 0.418867
8349 chair 381 102 438 139 0.534551
8349 chair 329 114 387 154 0.57969
8349 chair 54 224 217 434 0.652096
8349 chair 454 73 507 107 0.680165
8349 chair 230 123 300 228 0.796591
8349 table 122 183 534 441 0.887377
8349 chair 437 204 590 440 0.925706
8350 chair 333 176 413 268 0.498139
8350 chair 0 202 61 235 0.521751
8350 chair 96 213 212 286 0.768722
8350 chair 316 257 501 386 0.83131
8350 chair 186 217 354 336 0.844349
8350 table 0 241 585 440 0.910727
8351 chair 282 124 331 172 0.420924
8351 chair 377 330 591 440 0.559797
8351 chair 365 101 412 139 0.656366
8351 chair 392 241 590 403 0.659998
8351 chair 0 233 84 321 0.680018
8351 table 0 146 465 441 0.772584
8351 chair 187 153 267 215 0.87323
8352 desk 114 179 527 441 0.512941
8352 table 0 99 187 435 0.525445
8352 table 116 177 526 441 0.621561
8352 chair 396 0 494 104 0.813071
8353 desk 46 74 248 360 0.423987
8353 desk 178 141 426 435 0.79007
8353 chair 0 153 108 378 0.840802
8353 chair 366 70 451 246 0.842587
8353 chair 161 176 345 439 0.879236
8353 chair 460 88 591 336 0.946684
8354 desk 324 213 500 441 0.645737
8354 desk 34 194 499 441 0.68393
8354 chair 0 191 148 440 0.947514
8354 chair 189 228 394 441 0.954271
8355 chair 549 144 590 209 0.540303
8355 chair 430 178 553 394 0.607983
8355 table 548 205 591 439 0.725502
8356 desk 0 250 517 440 0.439602
8357 desk 0 124 314 440 0.408542
8357 desk 129 61 307 188 0.493475
8357 chair 0 116 315 439 0.648536
8357 chair 214 159 377 422 0.677059
8357 desk 356 89 558 282 0.806939
8358 table 70 209 332 439 0.738199
8359 chair 207 112 261 148 0.365164
8359 table 83 320 465 441 0.416615
8359 chair 207 138 281 173 0.426687
8359 desk 77 316 564 441 0.566591
8359 chair 355 172 500 327 0.567518
8359 chair 128 107 198 181 0.797635
8359 desk 0 161 272 441 0.812708
8359 chair 252 122 315 205 0.842588
8359 chair 304 130 393 217 0.883694
8359 chair 408 103 555 323 0.96051
8360 chair 0 224 136 439 0.37378
8360 chair 199 15 367 350 0.949809
8361 chair 85 21 210 239 0.668287
8361 table 0 160 203 441 0.866778
8361 chair 225 39 414 319 0.959598
8362 desk 290 178 587 415 0.402818
8362 table 502 196 591 413 0.404008
8362 chair 168 140 252 210 0.583572
8362 chair 291 91 331 127 0.633381
8362 chair 152 212 276 343 0.911207
8362 chair 170 217 353 441 0.951977
8363 table 137 100 590 440 0.371356
8363 chair 1 54 58 180 0.621421
8363 chair 487 168 591 377 0.714897
8364 chair 523 110 590 440 0.490203
8364 chair 358 35 409 115 0.508705
8364 desk 21 191 509 439 0.539968
8364 chair 0 145 81 377 0.545193
8364 table 19 194 506 440 0.686075
8364 chair 401 239 541 440 0.726127
8365 chair 18 90 177 329 0.965793
8367 chair 512 35 591 210 0.819309
8367 desk 98 90 329 329 0.820052
8367 chair 197 94 331 329 0.900375
8367 chair 398 47 549 251 0.918639
8368 desk 22 250 306 440 0.768799
8368 chair 506 128 590 362 0.786765
8368 chair 387 210 547 441 0.802068
8368 chair 177 272 354 440 0.906581
8369 desk 206 146 419 438 0.399373
8369 desk 0 237 342 440 0.753509
8369 chair 256 260 388 440 0.857787
8369 chair 468 203 591 441 0.898279
8370 desk 0 238 259 439 0.530339
8371 desk 164 214 579 441 0.495643
8371 dresser 163 209 579 441 0.686086
8372 table 172 128 371 325 0.55839
8372 chair 0 229 210 438 0.868369
8373 desk 263 142 446 359 0.634985
8373 chair 0 195 227 439 0.776205
8373 chair 200 297 395 440 0.814817
8374 chair 419 107 588 342 0.887701
8374 desk 67 149 356 441 0.900251
8374 chair 179 171 353 441 0.903287
8375 table 346 135 438 237 0.515692
8375 chair 381 106 437 195 0.528706
8375 chair 62 177 132 227 0.572409
8375 chair 205 172 308 308 0.895196
8375 chair 128 266 307 441 0.907467
8375 table 0 220 242 440 0.956531
8378 chair 313 123 374 240 0.525034
8378 chair 405 137 472 245 0.70876
8378 table 245 147 461 288 0.892384
8378 table 1 210 284 439 0.894716
8379 chair 432 123 491 231 0.422647
8379 chair 397 122 490 291 0.501351
8379 chair 109 186 221 378 0.659196
8379 table 196 151 369 324 0.686542
8379 chair 354 181 480 364 0.745639
8379 chair 266 128 334 254 0.752519
8379 table 273 154 477 354 0.818774
8379 chair 0 261 150 441 0.920911
8380 chair 263 299 326 413 0.686012
8380 table 259 309 483 439 0.792488
8380 chair 463 325 560 441 0.920687
8381 table 213 116 446 321 0.823232
8381 chair 380 147 494 318 0.834267
8381 chair 158 148 265 261 0.844609
8381 chair 0 224 117 438 0.858457
8381 chair 444 108 555 259 0.91835
8381 chair 317 193 473 390 0.941332
8381 chair 135 233 306 407 0.955704
8382 chair 0 355 131 441 0.457518
8382 table 0 258 104 417 0.56828
8382 table 0 174 162 377 0.708691
8382 chair 166 102 238 208 0.754959
8382 chair 498 147 591 291 0.788454
8382 table 194 105 361 204 0.801139
8382 chair 228 121 310 233 0.897418
8383 chair 557 110 590 239 0.459788
8383 chair 0 200 83 366 0.509225
8383 table 1 176 414 440 0.832835
8383 chair 0 336 184 441 0.878901
8384 chair 542 144 588 298 0.451631
8384 chair 218 106 274 155 0.503197
8384 chair 307 130 411 284 0.535808
8384 chair 433 120 509 223 0.55979
8384 chair 69 129 137 186 0.647344
8384 table 58 159 398 306 0.79355
8384 table 297 109 491 228 0.834654
8384 chair 0 210 136 438 0.909023
8384 chair 193 282 429 441 0.954286
8385 chair 0 159 63 259 0.653737
8385 table 0 239 228 368 0.703239
8385 chair 431 331 528 439 0.713651
8385 chair 313 220 414 288 0.860563
8385 table 12 241 442 440 0.878724
8386 chair 475 138 531 206 0.411447
8386 chair 21 127 109 231 0.547852
8386 table 302 129 467 239 0.750523
8386 table 87 251 590 440 0.765866
8386 chair 416 211 520 264 0.793781
8386 chair 392 162 481 245 0.864877
8386 chair 144 176 249 336 0.907423
8387 chair 337 161 422 359 0.799966
8387 table 362 170 590 436 0.952233
8388 table 521 198 590 437 0.381642
8388 table 241 87 435 182 0.447666
8388 table 31 86 163 146 0.541115
8388 chair 452 74 506 142 0.571014
8388 chair 328 101 387 187 0.667593
8388 table 1 136 199 278 0.671051
8388 chair 394 151 528 328 0.72608
8388 chair 78 97 127 149 0.78208
8388 chair 0 202 89 355 0.810894
8388 table 388 159 591 427 0.874124
8388 chair 112 140 205 275 0.876656
8388 chair 213 293 445 441 0.956294
8389 chair 163 81 225 187 0.472525
8389 chair 523 79 590 211 0.700841
8389 chair 188 171 317 346 0.907725
8389 chair 1 194 149 441 0.917023
8389 table 1 96 240 283 0.922474
8392 chair 355 16 404 94 0.592938
8392 table 540 169 591 433 0.602787
8392 chair 171 60 254 180 0.630793
8392 table 20 18 148 86 0.640673
8392 chair 281 81 375 216 0.689381
8392 chair 220 24 277 109 0.734236
8392 chair 96 47 165 183 0.7783
8392 chair 357 35 428 131 0.794687
8392 chair 0 126 97 302 0.822917
8392 table 220 30 371 135 0.824731
8392 table 0 74 245 268 0.847426
8392 chair 239 122 375 330 0.956021
8393 chair 359 131 511 386 0.809193
8394 chair 443 208 522 318 0.869277
8394 chair 391 318 543 441 0.956975
8395 chair 0 220 54 279 0.62166
8395 chair 353 181 435 341 0.715806
8395 table 498 183 591 352 0.742958
8395 table 423 165 589 324 0.842491
8395 chair 189 170 274 254 0.864175
8395 chair 464 142 544 258 0.868829
8395 chair 291 233 397 439 0.89851
8395 table 1 247 336 441 0.938997
8396 table 463 176 591 287 0.678317
8396 chair 3 236 116 318 0.736055
8396 table 0 289 253 439 0.833788
8396 chair 154 241 273 333 0.905987
8396 chair 348 266 514 441 0.939067
8397 table 469 149 591 334 0.460925
8397 table 357 162 547 336 0.821767
8397 chair 299 181 395 290 0.829047
8397 chair 21 207 140 371 0.89032
8397 chair 214 250 394 441 0.933805
8398 table 0 100 60 211 0.42235
8398 table 273 31 405 107 0.465857
8398 chair 210 53 278 115 0.514827
8398 chair 335 42 397 121 0.521248
8398 table 0 75 137 208 0.571536
8398 table 467 42 591 148 0.659739
8398 chair 185 96 269 178 0.661992
8398 chair 401 63 487 130 0.724999
8398 chair 403 30 464 102 0.734976
8398 chair 127 49 185 136 0.756296
8398 chair 285 51 351 129 0.807685
8398 chair 376 104 485 238 0.80997
8398 table 227 126 538 241 0.827079
8398 table 137 162 519 439 0.874005
8398 chair 294 297 479 440 0.874626
8398 chair 0 206 197 433 0.944954
8399 chair 107 60 170 133 0.64679
8399 chair 189 95 264 193 0.732649
8399 table 122 67 299 191 0.786144
8399 chair 274 82 349 191 0.845554
8399 chair 74 221 190 301 0.851273
8399 chair 516 113 590 330 0.88328
8399 chair 16 82 107 192 0.897449
8399 table 325 112 570 278 0.913295
8399 chair 104 88 191 208 0.933805
8399 table 0 248 202 440 0.936218
8399 chair 203 134 317 313 0.950125
8400 chair 175 393 386 441 0.447222
8400 chair 429 313 529 441 0.605618
8400 chair 12 294 196 441 0.871418
8401 chair 305 143 372 258 0.363912
8401 table 128 135 299 235 0.396181
8401 chair 237 150 306 283 0.415212
8401 table 445 307 591 440 0.516454
8401 chair 310 143 365 164 0.636153
8401 chair 437 143 490 244 0.784337
8401 table 236 160 484 324 0.828094
8401 chair 314 201 439 368 0.897815
8402 chair 271 126 355 304 0.392823
8402 chair 265 91 301 113 0.489543
8402 chair 514 159 591 354 0.580464
8402 chair 414 109 469 155 0.682391
8402 table 241 154 562 387 0.80447
8402 chair 111 122 181 216 0.832222
8402 chair 437 133 508 174 0.843773
8402 chair 167 174 297 334 0.933292
8403 chair 171 380 266 420 0.440571
8403 table 114 400 421 441 0.637459
8403 chair 176 312 272 424 0.637583
8403 chair 498 390 591 441 0.691059
8403 table 0 312 143 440 0.78796
8403 chair 0 360 126 441 0.78973
8403 chair 293 355 386 416 0.794851
8404 table 6 395 397 441 0.397997
8404 chair 141 329 274 407 0.559886
8404 chair 353 360 460 435 0.563981
8405 chair 122 213 177 239 0.56936
8405 table 404 293 591 441 0.69095
8405 chair 531 249 591 301 0.792177
8405 chair 276 230 368 352 0.824863
8405 table 0 234 206 438 0.91175
8405 chair 293 269 424 440 0.922278
8405 chair 100 271 231 439 0.923245
8406 chair 148 186 200 278 0.396746
8406 chair 0 382 200 441 0.420835
8406 chair 44 170 138 296 0.447217
8406 chair 544 280 591 439 0.537955
8406 table 0 185 102 295 0.602221
8406 table 519 252 590 425 0.631032
8406 chair 383 191 460 285 0.684722
8406 chair 0 321 146 440 0.713549
8406 chair 243 181 305 271 0.734768
8406 chair 410 214 518 351 0.90069
8406 chair 279 215 372 349 0.914846
8406 table 151 197 343 339 0.920291
8407 chair 483 250 590 401 0.902179
8407 chair 108 197 204 340 0.929199
8407 table 273 206 534 401 0.950882
8408 table 145 205 270 247 0.436279
8408 chair 37 245 144 355 0.584177
8408 table 54 245 311 375 0.636373
8408 chair 63 347 228 420 0.783709
8408 table 493 223 591 342 0.793193
8408 chair 246 242 327 364 0.8117
8408 chair 381 223 467 328 0.835541
8409 chair 299 252 359 280 0.45164
8409 chair 233 238 285 279 0.686233
8409 table 0 244 205 369 0.757979
8409 table 196 274 478 440 0.860148
8409 chair 111 316 251 440 0.870417
8413 chair 415 137 486 264 0.412318
8413 chair 0 371 276 441 0.442147
8413 chair 200 293 343 441 0.492913
8413 chair 8 147 76 258 0.527268
8413 chair 425 170 510 317 0.636689
8413 table 48 157 224 295 0.7988
8413 chair 130 162 226 299 0.805427
8413 chair 473 261 591 359 0.812222
8413 chair 216 134 285 231 0.833196
8413 table 430 151 590 263 0.858555
8413 table 131 318 591 441 0.945743
8414 chair 0 0 88 116 0.456591
8414 chair 553 0 590 139 0.519126
8414 table 0 208 96 440 0.725888
8414 chair 121 0 225 133 0.792232
8414 table 64 0 246 120 0.851584
8414 chair 281 0 360 71 0.854867
8414 table 424 9 591 245 0.926001
8414 chair 398 24 538 251 0.94132
8414 chair 77 185 309 440 0.943623
8416 bookshelf 357 171 590 440 0.38632
8417 chair 147 100 274 262 0.949375
8417 chair 334 133 504 352 0.956029
8418 chair 446 154 591 354 0.938059
8420 table 168 76 370 277 0.899478
8421 table 0 101 135 322 0.53466
8421 sofa 378 275 591 439 0.583175
8421 table 181 82 467 206 0.944373
8422 table 269 124 357 159 0.646092
8422 table 386 105 523 291 0.693128
8422 table 131 111 262 303 0.729514
8422 table 214 156 430 441 0.949468
8423 table 329 128 536 240 0.514618
8423 table 0 13 206 177 0.7057
8423 table 0 219 115 441 0.907399
8424 sofa 2 102 417 364 0.649774
8425 chair 91 114 295 190 0.810527
8425 table 0 188 338 441 0.964065
8426 table 158 269 383 441 0.896212
8426 table 368 231 590 397 0.948327
8427 table 520 47 590 213 0.768037
8427 table 419 68 566 271 0.798652
8428 table 112 80 434 207 0.956249
8429 sofa 48 36 195 99 0.413459
8429 table 342 42 453 109 0.807202
8429 table 433 77 590 337 0.911154
8429 table 0 74 183 217 0.944546
8430 table 440 155 590 240 0.612523
8430 sofa 0 88 170 208 0.678358
8430 table 0 171 255 440 0.954526
8431 table 353 227 590 440 0.611194
8431 table 52 88 196 288 0.818524
8433 chair 378 26 475 181 0.46872
8433 table 285 99 474 259 0.902468
8433 chair 165 154 385 359 0.953587
8434 chair 0 133 128 436 0.394296
8434 chair 263 134 378 257 0.773655
8435 chair 123 76 208 212 0.415614
8435 table 137 124 320 271 0.616915
8435 chair 267 154 456 335 0.884467
8436 chair 75 204 303 441 0.951271
8437 chair 0 45 120 195 0.522642
8437 chair 167 122 459 440 0.789791
8438 table 452 176 591 439 0.854079
8438 chair 155 117 423 423 0.891555
8439 chair 278 268 471 441 0.609351
8439 chair 123 207 368 385 0.721257
8441 chair 416 111 493 223 0.557325
8441 chair 0 177 63 338 0.774968
8441 table 19 130 387 301 0.916903
8441 chair 207 164 322 302 0.927414
8441 chair 338 147 462 295 0.935402
8441 chair 44 241 200 427 0.944007
8442 chair 412 118 487 292 0.400659
8442 table 370 132 591 399 0.664368
8442 chair 259 116 337 237 0.896138
8442 chair 391 315 589 441 0.929829
8442 chair 271 191 415 400 0.960338
8443 sofa 393 142 590 379 0.559825
8443 sofa 109 250 491 440 0.800974
8444 chair 37 0 311 335 0.403656
8444 chair 192 0 327 124 0.59112
8444 sofa 381 1 590 353 0.606797
8444 chair 0 157 257 441 0.973403
8445 sofa 150 31 591 341 0.747579
8446 chair 478 52 590 212 0.511962
8446 chair 107 45 192 156 0.726385
8446 chair 286 97 473 355 0.844144
8446 chair 397 77 580 257 0.845525
8446 chair 156 128 334 398 0.887763
8447 chair 323 138 399 250 0.686911
8447 chair 256 144 332 252 0.756656
8448 sofa 265 239 556 433 0.533629
8448 chair 0 184 108 376 0.822301
8450 desk 0 115 371 440 0.957342
8456 chair 360 194 562 441 0.969385
8458 chair 138 329 368 441 0.955415
8459 chair 204 103 312 291 0.478793
8460 chair 344 107 404 181 0.768127
8461 table 162 200 378 369 0.824856
8461 chair 58 265 269 440 0.936734
8462 chair 56 210 200 402 0.965725
8463 chair 371 169 470 301 0.917642
8463 chair 404 193 540 362 0.945988
8464 chair 83 207 207 386 0.960903
8465 chair 52 257 198 437 0.959046
8467 chair 203 188 264 271 0.572667
8467 chair 0 244 88 397 0.896097
8467 chair 229 217 337 359 0.945427
8469 chair 186 172 304 317 0.941421
8469 chair 355 205 511 411 0.956217
8470 chair 337 106 591 439 0.797549
8473 table 506 118 591 305 0.372748
8473 table 80 165 271 439 0.929046
8474 table 471 137 591 338 0.869191
8477 chair 180 203 421 436 0.526483
8478 table 346 75 475 196 0.485691
8478 chair 448 77 537 206 0.910815
8479 table 0 234 188 438 0.490759
8479 chair 73 154 272 425 0.970926
8480 chair 94 210 313 441 0.916058
8481 chair 159 285 291 441 0.619733
8481 desk 0 308 302 441 0.671002
8481 chair 552 242 589 435 0.705807
8482 table 486 331 591 441 0.465433
8482 bookshelf 0 223 347 439 0.954464
8483 desk 101 4 332 251 0.615619
8483 chair 421 0 591 191 0.943336
8484 chair 386 161 590 440 0.942486
8484 table 200 130 514 396 0.951406
8484 chair 98 143 282 379 0.957558
8485 table 12 162 339 423 0.907535
8485 chair 0 168 114 407 0.942474
8485 chair 166 216 413 437 0.94974
8486 chair 431 164 522 279 0.536449
8486 desk 3 232 339 441 0.741933
8488 desk 287 115 591 440 0.631186
8489 desk 0 127 589 441 0.808736
8490 desk 2 97 452 441 0.75132
8490 chair 143 114 348 440 0.951095
8491 table 214 364 538 441 0.506389
8493 bookshelf 1 128 411 409 0.932439
8494 desk 0 278 42 441 0.396819
8495 table 17 241 563 440 0.499757
8496 chair 383 269 590 441 0.933883
8500 table 293 19 590 362 0.373602
8502 chair 201 298 485 440 0.835642
8503 desk 0 35 390 441 0.801104
8504 table 0 21 387 440 0.434906
8507 toilet 457 143 591 375 0.816307
8507 toilet 212 205 326 425 0.895545
8508 toilet 357 1 457 228 0.870349
8509 toilet 243 307 374 441 0.973044
8510 toilet 115 43 317 278 0.497275
8514 chair 468 101 591 425 0.436032
8514 toilet 173 257 398 441 0.958725
8517 table 399 306 590 441 0.405117
8517 table 387 213 590 352 0.660468
8517 table 156 227 394 370 0.904265
8518 chair 1 90 101 164 0.410014
8518 table 0 88 282 377 0.623908
8520 table 489 104 591 268 0.638055
8520 table 210 116 498 285 0.94303
8521 desk 67 40 590 430 0.660195
8521 chair 517 94 590 394 0.678048
8523 sofa 118 17 512 381 0.959678
8526 desk 0 190 516 441 0.409618
8531 desk 0 42 467 438 0.469921
8536 desk 123 14 590 438 0.587471
8542 chair 63 325 189 441 0.87615
8543 desk 125 169 591 439 0.599348
8545 desk 1 0 281 439 0.378051
8546 bookshelf 186 80 427 441 0.662202
8547 bookshelf 0 86 126 440 0.399286
8547 sofa 404 283 591 440 0.450423
8548 sofa 0 204 313 440 0.492347
8548 chair 0 353 248 441 0.661404
8549 sofa 19 277 589 441 0.495402
8551 chair 94 340 195 440 0.46825
8551 table 162 354 496 440 0.766352
8552 bookshelf 282 227 560 440 0.81416
8552 table 0 346 128 441 0.856981
8555 table 164 330 351 440 0.551416
8556 sofa 337 235 591 441 0.828266
8557 table 148 278 372 441 0.373036
8557 bed 0 166 242 441 0.531707
8557 table 296 173 546 361 0.728928
8558 table 309 125 590 325 0.622299
8558 chair 553 117 590 142 0.664216
8558 chair 403 87 486 129 0.733072
8562 bed 0 308 129 441 0.540666
8563 desk 2 246 591 440 0.518239
8565 desk 0 241 581 440 0.796938
8567 desk 164 319 590 440 0.399268
8567 table 161 315 591 441 0.538928
8568 sofa 233 146 591 438 0.592973
8571 desk 0 336 471 440 0.632069
8572 chair 538 151 591 440 0.399896
8574 chair 213 193 298 380 0.800649
8575 toilet 525 36 590 299 0.404464
8575 toilet 384 177 588 441 0.496055
8577 toilet 124 81 333 320 0.50068
8578 toilet 0 162 427 440 0.81582
8580 bathtub 52 171 466 440 0.362328
8580 bathtub 393 1 590 295 0.543272
8580 toilet 390 265 590 441 0.554791
8580 toilet 210 158 465 434 0.746336
8581 toilet 5 114 308 440 0.549174
8581 toilet 288 194 590 440 0.811356
8582 chair 116 102 230 315 0.785771
8583 chair 303 20 402 180 0.585036
8583 chair 0 164 168 440 0.828872
8583 table 26 39 398 440 0.912049
8583 chair 382 74 575 332 0.926129
8584 table 74 151 589 440 0.435386
8584 chair 12 175 201 440 0.805353
8585 chair 321 205 475 441 0.79362
8586 sofa 335 250 591 440 0.673211
8589 dresser 268 43 437 217 0.513699
8589 bed 0 149 476 441 0.941999
8590 sofa 0 233 256 439 0.649325
8590 bed 298 238 591 441 0.958726
8591 sofa 163 0 591 251 0.408294
8591 chair 136 139 308 279 0.697701
8591 chair 0 192 131 439 0.903456
8592 bookshelf 3 0 339 317 0.608245
8592 chair 349 367 590 441 0.802225
8594 sofa 335 170 591 350 0.748875
8595 sofa 77 122 356 357 0.814238
8596 chair 463 217 590 270 0.417486
8597 chair 23 310 243 441 0.582847
8597 chair 411 198 507 343 0.664688
8597 table 35 218 505 441 0.67603
8597 sofa 16 138 274 302 0.690748
8598 chair 364 105 503 313 0.865677
8598 table 51 118 495 439 0.912352
8598 chair 305 232 542 440 0.937058
8598 chair 13 210 242 441 0.96517
8599 desk 0 98 168 434 0.446878
8599 table 0 98 170 440 0.517441
8599 chair 31 56 141 100 0.517781
8599 chair 117 170 341 441 0.906974
8600 chair 553 305 590 438 0.526604
8601 chair 71 377 316 441 0.48718
8601 sofa 0 204 361 441 0.578312
8602 bed 0 270 591 441 0.442608
8603 bed 470 117 591 438 0.410601
8605 table 0 283 228 441 0.935297
8608 toilet 0 91 110 356 0.740562
8609 table 143 318 191 439 0.450143
8611 toilet 0 224 133 423 0.501513
8611 desk 379 122 591 438 0.5815
8612 bathtub 336 326 530 440 0.757344
8613 desk 0 176 590 440 0.552833
8615 desk 3 0 485 330 0.447474
8618 chair 141 90 324 343 0.502856
8620 sofa 54 78 532 354 0.763948
8621 sofa 0 180 201 440 0.714863
8624 chair 127 0 263 111 0.381394
8624 chair 236 170 495 441 0.59732
8625 chair 31 40 220 304 0.502165
8628 bookshelf 134 77 427 422 0.567456
8629 table 280 43 591 441 0.41149
8629 toilet 0 152 46 291 0.450298
8629 bathtub 0 52 256 127 0.489032
8630 table 216 0 587 423 0.404969
8631 toilet 1 385 238 441 0.398876
8631 bathtub 0 176 590 439 0.687105
8631 bathtub 172 297 591 440 0.775021
8632 toilet 0 311 179 441 0.516982
8632 bathtub 6 160 529 308 0.891474
8633 bathtub 334 235 590 441 0.364333
8633 toilet 135 187 401 440 0.949426
8636 dresser 443 23 591 241 0.870964
8636 bed 130 143 591 441 0.941534
8638 dresser 480 15 590 207 0.548233
8638 bed 214 141 590 441 0.941989
8639 chair 187 65 268 196 0.394647
8639 toilet 315 246 481 441 0.608992
8639 table 225 116 503 360 0.83506
8639 chair 214 124 348 361 0.927237
8640 table 274 110 588 440 0.441055
8640 bookshelf 0 0 121 438 0.491234
8640 chair 217 185 406 441 0.948198
8641 desk 314 326 589 441 0.377197
8641 bookshelf 0 5 192 441 0.895294
8642 bookshelf 100 13 488 441 0.902989
8643 chair 129 222 319 440 0.700929
8643 chair 179 101 278 246 0.723777
8643 desk 132 180 548 440 0.730467
8644 chair 167 218 283 420 0.82046
8644 table 172 203 396 425 0.831106
8645 table 507 198 590 277 0.380179
8647 bed 12 329 521 441 0.848028
8648 chair 102 215 226 439 0.432666
8648 chair 236 183 357 432 0.759632
8648 bed 351 271 589 441 0.896204
8649 desk 406 211 510 358 0.687507
8649 chair 462 230 590 399 0.890871
8650 desk 0 283 169 441 0.451566
8650 chair 2 298 152 440 0.748498
8651 desk 328 306 590 441 0.819923
8651 chair 476 326 589 440 0.886145
8652 bed 0 181 295 440 0.372763
8653 table 0 169 66 382 0.521902
8653 chair 0 142 63 192 0.839611
8653 sofa 79 167 555 440 0.956704
8654 table 16 278 402 438 0.661099
8654 chair 330 256 442 440 0.757019
8654 chair 39 259 232 441 0.868312
8654 chair 183 239 257 287 0.892289
8654 chair 271 243 347 294 0.91971
8656 desk 33 352 448 441 0.472169
8657 desk 222 115 411 412 0.404819
8660 toilet 387 147 573 407 0.910829
8662 bathtub 1 234 487 440 0.697158
8664 bed 43 250 575 440 0.935401
8665 desk 59 135 412 371 0.677044
8665 chair 170 151 337 409 0.679815
8666 chair 391 122 590 439 0.739044
8667 bed 0 102 337 441 0.939285
8668 bed 92 138 591 441 0.880923
8673 desk 253 260 506 430 0.716556
8673 chair 483 170 590 441 0.726101
8674 dresser 450 163 591 427 0.829527
8674 bed 0 116 453 438 0.833302
8675 chair 0 269 178 441 0.71592
8675 bed 346 233 591 439 0.73009
8676 table 366 141 590 438 0.489637
8676 chair 0 192 168 438 0.781105
8678 sofa 456 379 590 441 0.59916
8682 chair 1 210 58 349 0.42016
8682 chair 0 242 39 434 0.811902
8682 chair 168 282 296 441 0.838212
8682 chair 39 213 156 373 0.893944
8683 chair 401 299 591 441 0.481314
8683 table 132 216 224 315 0.488736
8683 chair 254 219 324 345 0.583794
8683 chair 289 219 419 411 0.755089
8683 chair 41 196 156 340 0.890002
8683 chair 113 237 270 440 0.896122
8684 sofa 0 306 437 441 0.960547
8685 sofa 313 305 590 439 0.931875
8687 bed 0 69 153 441 0.559109
8690 bed 265 293 590 441 0.784239
8691 sofa 0 76 590 439 0.775535
8692 table 38 172 280 407 0.445851
8692 sofa 0 76 438 296 0.885207
8693 bed 0 7 589 440 0.934016
8694 dresser 121 219 271 441 0.488394
8695 bookshelf 89 0 373 439 0.731392
8696 bookshelf 134 0 337 437 0.846933
8696 bookshelf 0 1 142 436 0.866351
8697 toilet 0 116 145 336 0.556711
8697 toilet 217 204 428 440 0.822173
8698 sofa 23 89 305 257 0.427758
8698 toilet 117 207 284 427 0.922834
8699 chair 184 112 211 166 0.427267
8699 chair 141 123 226 292 0.621946
8699 chair 278 135 402 373 0.640471
8699 chair 160 179 355 441 0.798242
8700 table 0 175 80 441 0.389529
8700 chair 1 201 129 401 0.678848
8700 chair 377 157 582 440 0.706636
8702 sofa 153 150 292 377 0.866968
8703 sofa 0 133 67 319 0.411838
8703 chair 0 340 219 441 0.830365
8704 sofa 0 55 422 413 0.967959
8705 sofa 0 0 412 307 0.850041
8707 chair 356 109 408 233 0.447515
8707 chair 408 113 475 236 0.804062
8707 sofa 369 170 591 441 0.883795
8708 chair 154 133 225 309 0.51966
8708 chair 245 111 351 366 0.643558
8708 chair 0 154 104 377 0.674342
8708 chair 86 169 216 381 0.833856
8709 chair 441 268 589 441 0.635678
8709 chair 275 181 363 388 0.787905
8709 table 290 223 591 440 0.8545
8709 chair 354 245 514 441 0.862044
8710 chair 277 271 346 354 0.379658
8710 table 73 320 441 441 0.697892
8710 chair 348 278 449 441 0.797338
8711 chair 0 155 37 437 0.415045
8711 sofa 397 33 590 219 0.579158
8712 chair 475 131 589 325 0.795043
8715 table 0 288 550 440 0.578526
8716 desk 0 0 258 433 0.463893
8717 chair 214 277 369 441 0.687423
8717 table 176 213 431 438 0.76374
8717 chair 189 203 248 276 0.791288
8717 chair 316 182 395 218 0.848739
8717 chair 362 209 465 441 0.951065
8718 table 0 179 152 439 0.498783
8720 bed 0 231 385 441 0.471531
8720 chair 330 232 404 440 0.728724
8720 chair 208 179 309 231 0.739098
8722 table 26 270 369 440 0.492639
8723 table 5 257 467 441 0.418638
8725 bathtub 0 214 210 441 0.701047
8726 chair 0 217 109 440 0.590617
8726 bed 56 222 590 440 0.699831
8727 bed 0 41 281 441 0.503502
8727 chair 407 183 591 439 0.626368
8728 chair 10 343 219 441 0.4329
8729 bed 116 363 552 440 0.709084
8732 table 372 315 589 441 0.829821
8737 sofa 377 244 591 440 0.52073
8737 table 179 332 450 439 0.750802
8741 bathtub 196 200 551 421 0.905305
8742 bathtub 470 311 591 440 0.71754
8743 bathtub 1 305 305 441 0.592194
8743 toilet 371 137 591 441 0.781342
8744 dresser 412 201 565 438 0.566084
8745 chair 464 107 591 382 0.626507
8745 table 267 111 589 440 0.786879
8746 chair 297 352 403 441 0.495805
8747 dresser 53 125 281 434 0.736033
8749 bed 70 273 591 441 0.653677
8752 table 184 258 352 365 0.549002
8752 chair 323 211 442 368 0.588078
8755 chair 157 155 325 418 0.936533
8756 table 0 327 96 441 0.428865
8756 sofa 378 307 591 441 0.640567
8758 bathtub 0 152 159 426 0.942152
8758 toilet 321 5 574 441 0.952073
8761 desk 480 0 589 73 0.386293
8767 dresser 0 203 230 441 0.705824
8768 chair 496 233 591 440 0.772165
8768 bed 0 224 396 441 0.813479
8772 desk 328 200 591 415 0.657832
8772 chair 434 222 589 441 0.924425
8773 table 0 140 294 438 0.387386
8773 bed 480 86 590 440 0.825337
8773 chair 154 146 412 441 0.922178
8774 bed 28 311 591 440 0.747198
8775 bed 0 230 288 441 0.91723
8776 desk 0 108 107 222 0.566417
8776 chair 0 114 85 290 0.80382
8776 bed 92 68 591 441 0.870101
8777 bookshelf 0 194 566 441 0.624825
8779 bookshelf 90 0 590 435 0.98383
8784 desk 336 227 475 440 0.512243
8784 chair 462 307 591 441 0.866561
8784 bed 0 201 222 438 0.876985
8785 bed 0 25 227 440 0.39907
8786 desk 0 116 182 359 0.513414
8786 chair 286 144 408 357 0.63208
8786 table 0 107 191 359 0.637456
8787 bed 0 30 558 365 0.881
8788 chair 379 0 591 438 0.964285
8791 bathtub 97 195 524 437 0.849754
8793 bathtub 311 345 590 441 0.527279
8794 chair 257 164 381 325 0.638673
8796 bed 0 246 525 440 0.660891
8796 table 470 307 591 440 0.79128
8797 desk 233 108 369 160 0.392727
8797 chair 0 54 42 218 0.397259
8797 bed 202 59 591 439 0.934674
8798 desk 330 332 567 440 0.3724
8802 bed 494 253 591 377 0.454247
8802 bed 0 270 387 441 0.498946
8804 sofa 422 288 591 441 0.623722
8805 chair 468 67 591 309 0.799302
8805 chair 108 118 367 441 0.803207
8805 chair 392 227 590 441 0.874123
8805 table 204 111 558 441 0.942956
8806 chair 223 154 461 422 0.438217
8806 table 0 50 276 224 0.652243
8806 table 1 54 274 440 0.663828
8807 sofa 169 170 521 397 0.859852
8807 chair 94 241 323 440 0.963473
8808 chair 512 271 576 317 0.374764
8808 chair 330 245 397 315 0.745644
8808 table 239 310 588 441 0.814322
8808 chair 181 295 359 440 0.87986
8808 chair 424 307 591 440 0.897769
8809 table 207 392 591 441 0.399602
8810 bed 0 233 591 441 0.463408
8811 table 60 298 528 440 0.47573
8814 night_stand 76 318 237 439 0.783538
8816 desk 234 270 530 441 0.528273
8817 table 1 198 343 441 0.698274
8818 table 0 184 169 404 0.690534
8818 chair 0 20 192 272 0.738572
8818 sofa 224 52 590 441 0.942883
8821 bed 0 153 435 440 0.90628
8823 toilet 157 127 324 438 0.922977
8824 desk 74 214 474 441 0.929654
8825 chair 301 153 406 214 0.753186
8825 chair 438 172 590 441 0.870285
8825 table 205 208 546 440 0.943326
8826 chair 193 50 589 441 0.530591
8826 chair 67 42 239 265 0.8051
8828 bed 0 25 555 440 0.438467
8828 night_stand 464 112 591 306 0.969598
8829 desk 0 310 379 441 0.573299
8829 toilet 418 250 591 441 0.799016
8830 desk 69 109 591 441 0.569634
8830 table 57 106 590 441 0.577616
8831 chair 155 173 359 439 0.844599
8831 sofa 329 144 591 441 0.96803
8834 table 0 284 515 440 0.455678
8834 chair 366 255 453 365 0.579112
8835 chair 353 246 589 441 0.424252
8836 night_stand 428 219 591 441 0.901372
8837 toilet 0 236 87 441 0.744497
8838 sofa 153 102 371 390 0.753237
8839 night_stand 0 184 71 395 0.603633
8839 chair 346 166 438 243 0.6903
8839 chair 276 316 536 441 0.760482
8839 chair 125 172 276 441 0.893063
8839 table 206 221 581 441 0.893708
8840 chair 77 264 300 441 0.37731
8840 chair 280 28 441 210 0.409032
8840 chair 85 113 203 183 0.412565
8840 chair 282 127 591 441 0.733151
8840 table 0 159 336 440 0.888913
8842 chair 481 212 590 441 0.640596
8845 bed 244 0 590 219 0.861669
8847 table 100 331 570 440 0.751656
8850 chair 548 188 591 441 0.408834
8850 desk 361 1 591 353 0.759721
8851 toilet 346 125 537 439 0.95076
8859 desk 2 124 455 427 0.797262
8860 bed 503 326 562 441 0.376756
8860 night_stand 467 289 535 414 0.565094
8860 desk 319 289 533 435 0.875557
8861 chair 204 187 348 361 0.756262
8861 chair 516 136 590 368 0.903843
8862 chair 358 7 448 131 0.378246
8862 chair 0 245 143 441 0.942331
8863 chair 237 108 428 433 0.367207
8863 table 0 181 257 364 0.499819
8864 chair 0 266 130 441 0.461944
8864 chair 217 293 355 441 0.861684
8865 bed 0 14 383 438 0.426633
8867 bed 448 0 591 427 0.433
8868 table 17 40 590 440 0.883936
8869 chair 462 190 591 440 0.889607
8871 table 0 190 391 440 0.394946
8872 toilet 197 340 412 440 0.399847
8872 chair 197 340 412 441 0.662571
8876 bed 0 26 591 441 0.940218
8877 bathtub 0 213 543 440 0.683629
8878 bed 434 0 590 439 0.576944
8878 toilet 222 56 399 330 0.903278
8880 night_stand 91 94 261 329 0.768714
8881 table 0 124 179 341 0.549615
8881 table 130 279 334 441 0.561054
8881 sofa 68 71 474 357 0.895437
8882 sofa 169 153 584 440 0.39482
8882 table 168 149 564 441 0.460526
8883 desk 2 98 590 393 0.632656
8883 chair 226 129 439 441 0.965796
8884 chair 457 340 591 441 0.601098
8884 bookshelf 0 0 385 435 0.992072
8885 bookshelf 488 0 591 400 0.647554
8885 sofa 11 173 368 368 0.968485
8886 desk 245 3 548 428 0.7219
8886 chair 45 0 234 255 0.919503
8888 bookshelf 396 116 485 404 0.898451
8890 dresser 309 60 377 140 0.443148
8890 bed 34 82 591 440 0.898082
8891 desk 382 244 521 439 0.397804
8891 bed 0 282 348 441 0.92386
8895 bed 290 214 590 439 0.788283
8896 bookshelf 459 58 591 271 0.55923
8896 bathtub 57 95 235 439 0.598019
8897 table 0 114 510 441 0.42476
8899 bookshelf 278 0 588 438 0.566614
8901 table 174 157 591 440 0.616225
8902 toilet 132 255 422 440 0.73323
8903 chair 0 372 194 441 0.718702
8905 chair 369 164 434 305 0.546846
8905 sofa 0 87 41 195 0.61673
8905 chair 264 123 297 150 0.63865
8905 chair 247 172 336 324 0.899758
8906 chair 461 47 575 157 0.424084
8906 table 38 19 567 432 0.554032
8906 chair 0 6 104 279 0.630536
8906 chair 220 203 500 441 0.978724
8908 chair 344 288 590 441 0.601597
8910 toilet 348 143 584 440 0.904229
8912 chair 0 212 168 393 0.55517
8912 bed 178 273 591 441 0.655496
8912 chair 288 223 404 330 0.7666
8912 bookshelf 297 0 591 288 0.923778
8913 chair 252 173 464 387 0.479235
8913 desk 230 178 582 337 0.48676
8913 chair 59 143 185 323 0.629838
8914 chair 299 237 353 267 0.426502
8914 table 74 275 442 441 0.535377
8914 chair 402 280 472 441 0.543451
8914 bed 75 270 443 441 0.54756
8915 desk 156 254 375 440 0.363644
8915 bed 0 301 207 441 0.721099
8916 bed 0 122 346 439 0.778294
8918 chair 217 165 299 287 0.690597
8919 chair 479 122 590 439 0.607621
8920 dresser 0 2 89 230 0.586906
8920 chair 253 140 388 438 0.741764
8920 table 0 155 353 441 0.869529
8922 chair 325 258 436 363 0.47657
8922 chair 461 298 591 430 0.552094
8922 table 0 305 588 441 0.884669
8924 sofa 243 53 561 362 0.643934
8924 chair 15 92 145 298 0.849684
8925 chair 384 101 515 248 0.618581
8927 bookshelf 367 0 579 246 0.636165
8927 bookshelf 0 0 583 247 0.838012
8928 chair 462 228 548 369 0.619408
8928 table 172 161 521 441 0.70605
8930 chair 374 111 452 249 0.75821
8931 chair 410 96 590 408 0.49024
8931 bed 0 116 446 441 0.944443
8932 chair 0 63 303 441 0.391854
8933 chair 174 156 369 441 0.457637
8933 desk 123 31 490 265 0.660831
8934 chair 192 69 480 441 0.906277
8936 table 3 36 428 441 0.680172
8936 chair 242 0 348 50 0.750258
8937 desk 357 0 590 438 0.604533
8937 chair 224 21 482 361 0.938583
8939 chair 0 134 89 440 0.364596
8939 table 0 14 504 436 0.643925
8939 chair 385 89 591 440 0.719007
8940 table 484 170 590 341 0.505392
8940 chair 506 132 552 173 0.514881
8940 sofa 17 209 248 439 0.727187
8940 chair 454 148 512 308 0.778317
8940 chair 487 175 591 343 0.864871
8941 table 0 0 591 441 0.584377
8942 chair 1 244 210 441 0.656254
8942 bookshelf 141 217 590 441 0.827744
8943 sofa 20 91 532 432 0.954251
8944 sofa 69 124 418 441 0.405296
8947 sofa 1 0 591 437 0.75237
8948 chair 225 205 314 376 0.456835
8948 desk 0 186 588 440 0.673022
8948 chair 16 204 255 440 0.699488
8950 desk 247 156 590 441 0.46058
8950 chair 211 137 423 441 0.952961
8952 desk 17 204 590 441 0.77131
8953 table 418 185 590 440 0.401387
8953 toilet 279 223 411 381 0.525386
8953 toilet 103 145 242 408 0.852277
8954 toilet 225 36 585 440 0.685512
8957 bed 322 98 559 408 0.791394
8958 night_stand 342 30 443 88 0.596856
8958 bed 20 0 589 434 0.935419
8959 bed 0 244 282 441 0.940857
8960 chair 524 173 590 382 0.704213
8960 dresser 288 52 557 390 0.987269
8961 bed 260 16 590 440 0.943122
8961 night_stand 143 167 306 369 0.971669
8964 table 0 193 480 441 0.634927
8967 chair 58 361 150 440 0.45622
8967 chair 384 373 473 440 0.788675
8967 desk 392 350 519 440 0.872315
8968 table 0 86 336 427 0.383626
8968 chair 312 59 421 267 0.584043
8968 chair 202 152 462 440 0.939871
8969 chair 0 0 247 407 0.493194
8970 bed 482 40 590 436 0.696293
8970 chair 139 138 374 440 0.864062
8971 bed 0 40 284 435 0.92946
8972 dresser 179 105 580 440 0.457888
8974 bed 5 284 587 440 0.403675
8975 desk 0 161 269 440 0.570143
8975 dresser 0 167 271 440 0.608035
8976 bookshelf 12 132 362 438 0.903142
8978 chair 231 82 588 441 0.472508
8979 table 8 0 286 275 0.564607
8981 sofa 142 122 588 441 0.518696
8981 sofa 229 0 496 196 0.784587
8983 chair 170 0 353 244 0.933841
8985 bed 509 176 591 440 0.759132
8987 bookshelf 396 116 589 441 0.840165
8987 bed 0 245 378 441 0.930764
8988 bathtub 471 211 591 434 0.64392
8988 toilet 302 122 518 418 0.968053
8989 chair 258 272 423 440 0.362266
8989 bed 421 267 591 440 0.426178
8991 bed 0 133 426 440 0.812958
8992 bed 330 154 591 436 0.601668
8993 chair 421 158 483 275 0.736688
8993 chair 173 150 376 438 0.943687
8994 chair 430 62 591 320 0.474057
8994 sofa 0 115 413 440 0.973961
8995 table 127 209 311 421 0.857477
8996 sofa 215 140 590 427 0.94625
8998 chair 543 335 591 441 0.36748
8999 chair 247 272 390 434 0.410127
8999 desk 370 263 590 441 0.621761
9000 desk 132 222 591 440 0.642611
9001 desk 29 345 423 441 0.44126
9002 bed 0 137 339 441 0.467518
9004 desk 0 173 591 438 0.654231
9005 desk 0 26 255 440 0.441976
9006 bed 295 116 590 438 0.822677
9007 chair 176 0 272 116 0.405303
9007 bed 375 28 591 438 0.698833
9008 bed 0 0 495 441 0.944131
9009 bed 0 78 103 439 0.649634
9011 night_stand 0 237 68 389 0.408861
9011 bed 2 120 234 373 0.512048
9012 chair 56 84 370 425 0.478134
9012 chair 392 153 590 435 0.796071
9013 chair 19 348 242 441 0.447684
9013 table 148 312 523 440 0.646715
9015 table 4 67 591 439 0.542788
9016 table 0 172 164 439 0.677678
9018 toilet 271 54 415 384 0.891936
9019 sofa 0 0 464 287 0.518711
9019 night_stand 446 21 527 149 0.720407
9019 bed 517 0 590 194 0.791887
9019 bed 0 0 464 283 0.809783
9020 bed 62 0 589 439 0.936493
9023 table 0 61 591 441 0.413939
9024 table 0 256 122 440 0.388658
9024 night_stand 332 94 397 186 0.523597
9024 bed 391 27 590 326 0.831149
9025 desk 0 0 128 114 0.412702
9025 dresser 174 67 591 441 0.708763
9026 bed 140 16 589 380 0.847486
9027 chair 0 8 257 441 0.654293
9028 night_stand 320 269 526 440 0.568084
9028 bed 0 119 507 441 0.806553
9029 bed 0 209 591 441 0.962327
9032 toilet 71 321 255 441 0.685893
9032 toilet 287 177 503 441 0.962201
9033 bed 59 130 590 441 0.966305
9034 bed 220 190 590 441 0.860329
9035 table 0 224 306 439 0.797076
9037 sofa 273 103 589 440 0.514126
9038 bed 0 73 286 441 0.869976
9039 desk 244 85 415 254 0.388807
9039 chair 254 112 404 326 0.764133
9040 desk 66 266 482 439 0.843116
9043 sofa 0 32 69 180 0.442316
9043 table 168 29 591 441 0.743179
9044 dresser 499 162 591 440 0.52374
9047 desk 398 122 589 313 0.487819
9048 bed 0 3 143 439 0.559792
9048 desk 335 24 591 427 0.758282
9048 chair 361 135 591 438 0.815551
9049 table 0 312 590 440 0.447439
9050 chair 317 118 443 312 0.935024
9051 chair 57 34 296 337 0.970254
9053 night_stand 387 111 556 306 0.809687
9053 chair 191 0 410 357 0.853703
9055 bed 1 335 274 440 0.701536
9055 table 327 196 591 437 0.736668
9056 night_stand 258 43 362 99 0.54959
9056 bed 0 1 591 441 0.948361
9057 toilet 169 29 362 299 0.377562
9058 chair 175 177 254 284 0.900017
9058 bed 32 188 591 441 0.925004
9059 bed 0 235 486 441 0.894757
9060 bed 0 212 386 441 0.736917
9060 desk 186 214 389 373 0.886132
9061 chair 338 157 514 380 0.591913
9063 desk 0 208 309 440 0.895055
9064 bookshelf 291 0 591 441 0.903487
9066 bathtub 177 0 590 441 0.520121
9066 table 0 183 245 441 0.679954
9067 table 6 251 542 440 0.732383
9068 night_stand 438 305 539 391 0.840599
9068 bed 0 246 591 440 0.919471
9070 table 208 148 591 441 0.411119
9070 sofa 0 210 152 441 0.446378
9070 desk 207 148 591 441 0.70372
9071 desk 83 144 514 440 0.499781
9071 chair 276 239 517 440 0.861081
9072 bed 0 105 590 441 0.814051
9073 chair 237 255 590 440 0.393712
9073 toilet 236 256 589 440 0.808317
9074 table 0 1 537 439 0.426022
9075 chair 446 181 573 435 0.657876
9075 desk 147 273 437 441 0.740211
9076 dresser 319 372 553 440 0.436141
9076 desk 319 372 552 440 0.753128
9077 chair 67 68 324 440 0.730007
9078 chair 432 157 590 410 0.44242
9080 bed 282 180 591 441 0.935985
9081 bed 0 120 308 439 0.869503
9081 night_stand 211 211 320 349 0.873183
9082 night_stand 178 214 316 393 0.852323
9082 bed 285 41 591 441 0.906573
9082 bed 0 102 196 441 0.923186
9083 chair 63 149 232 373 0.749888
9084 night_stand 477 201 589 260 0.437851
9084 chair 0 89 86 255 0.529729
9084 bed 92 196 591 441 0.902446
9085 chair 541 310 591 441 0.400267
9085 table 0 251 322 440 0.670945
9085 bed 0 55 431 425 0.872335
9086 chair 309 240 348 388 0.544855
9086 bed 0 194 229 410 0.615742
9087 toilet 321 51 475 378 0.945244
9088 table 153 184 390 348 0.530348
9089 chair 87 192 337 440 0.603321
9091 sofa 0 230 591 441 0.986391
9092 table 0 263 171 441 0.860595
9092 chair 26 297 214 440 0.91048
9094 chair 145 237 279 390 0.669047
9094 sofa 321 249 590 441 0.784487
9097 chair 256 269 426 441 0.58243
9098 bed 196 228 590 440 0.916277
9098 night_stand 89 362 250 441 0.944709
9099 bed 0 213 208 441 0.839646
9102 toilet 356 118 566 376 0.746741
9103 chair 122 109 237 240 0.385747
9103 bed 64 175 591 441 0.806771
9104 night_stand 295 275 471 441 0.385164
9104 sofa 0 249 229 441 0.770086
9106 table 0 341 403 441 0.453238
9107 night_stand 0 310 156 441 0.528851
9107 sofa 158 202 591 441 0.985927
9109 chair 32 227 236 441 0.747033
9110 sofa 0 175 210 440 0.60945
9110 table 215 227 482 440 0.802615
9110 chair 406 146 589 441 0.899161
9111 night_stand 330 307 485 441 0.902145
9112 night_stand 433 308 590 441 0.902246
9113 toilet 88 236 323 440 0.498985
9114 toilet 398 177 588 441 0.482172
9114 table 0 108 431 440 0.784744
9115 bathtub 2 260 542 440 0.649953
9117 bed 0 87 266 441 0.667548
9117 chair 322 151 532 440 0.948337
9118 chair 0 252 280 439 0.792534
9118 table 118 123 403 425 0.915809
9119 table 12 117 241 339 0.6916
9119 chair 358 91 577 441 0.969397
9120 chair 452 69 591 441 0.63475
9120 bed 1 0 445 438 0.888487
9122 bed 454 124 590 440 0.834046
9122 night_stand 295 263 458 441 0.898671
9122 bed 2 156 301 441 0.942564
9123 chair 179 58 330 380 0.887866
9125 toilet 383 108 591 440 0.912872
9127 dresser 515 6 591 381 0.378694
9127 bed 1 0 591 435 0.418393
9128 bathtub 0 105 471 440 0.887673
9129 bathtub 76 144 588 439 0.858508
9130 chair 21 391 107 441 0.572474
9130 sofa 107 241 591 441 0.796327
9132 chair 247 298 390 440 0.430261
9132 chair 15 297 200 440 0.89535
9133 chair 451 179 591 441 0.88167
9134 chair 130 222 433 440 0.933924
9136 bed 0 183 235 439 0.54789
9138 table 274 265 545 440 0.730395
9138 bed 0 156 173 438 0.753247
9139 table 404 232 591 440 0.454739
9139 bed 1 132 411 441 0.943402
9141 bed 0 9 309 434 0.449381
9141 table 282 69 591 441 0.869893
9142 bed 314 176 590 440 0.751484
9143 toilet 165 87 338 348 0.734896
9144 table 0 181 456 441 0.696089
9146 bathtub 298 18 591 440 0.469396
9147 table 448 166 590 318 0.641667
9149 bed 36 166 571 440 0.563605
9149 table 321 160 569 381 0.695133
9149 chair 333 167 466 359 0.853997
9150 table 119 82 523 380 0.764701
9150 chair 196 128 422 436 0.94114
9151 table 56 164 435 326 0.643764
9151 chair 267 183 426 428 0.803236
9152 chair 0 139 32 350 0.404574
9153 table 164 341 267 441 0.497234
9153 sofa 335 255 541 440 0.592178
9154 bed 1 0 191 438 0.544595
9155 table 192 364 411 440 0.469486
9155 night_stand 336 171 490 299 0.809716
9155 bed 443 40 590 437 0.877446
9156 table 285 245 591 441 0.868209
9159 table 216 135 588 438 0.87374
9159 chair 374 179 590 441 0.937122
9160 dresser 78 171 479 440 0.697011
9161 bed 0 252 586 439 0.416218
9161 bed 0 318 377 441 0.583973
9164 desk 42 241 587 441 0.444967
9164 table 38 244 590 441 0.581393
9166 table 0 88 590 439 0.654826
9168 table 453 0 591 439 0.429172
9168 toilet 88 63 290 417 0.843503
9169 desk 440 0 589 350 0.456976
9169 desk 1 0 139 441 0.547425
9171 chair 465 142 541 252 0.739993
9172 night_stand 332 164 423 193 0.462673
9172 bed 189 83 573 441 0.928924
9173 night_stand 56 64 185 158 0.889924
9173 bed 0 0 504 435 0.965897
9174 desk 193 299 482 439 0.363136
9175 night_stand 10 297 125 440 0.71653
9175 sofa 153 221 591 441 0.987476
9176 sofa 0 109 162 348 0.448913
9176 table 0 265 158 440 0.721069
9176 desk 248 111 591 308 0.777778
9176 chair 385 110 590 440 0.951687
9177 night_stand 401 276 487 438 0.781394
9179 desk 192 205 585 415 0.730638
9179 chair 452 212 591 441 0.954337
9180 table 259 218 590 440 0.640634
9180 toilet 0 236 101 441 0.873796
9181 toilet 376 83 590 376 0.961809
9181 bathtub 0 93 380 387 0.966045
9182 chair 0 0 164 280 0.365274
9183 table 216 77 591 440 0.832548
9184 night_stand 263 167 354 251 0.739514
9184 bed 353 60 535 312 0.940689
9185 night_stand 335 317 580 441 0.37222
9185 desk 336 316 580 440 0.593144
9185 bed 0 153 337 441 0.807458
9186 night_stand 459 232 570 272 0.406396
9186 bed 166 113 591 440 0.896598
9186 night_stand 0 301 201 441 0.94794
9187 desk 375 205 591 439 0.792961
9187 bed 0 236 435 441 0.870984
9189 chair 391 146 439 216 0.46542
9189 desk 0 181 590 441 0.741536
9190 sofa 49 185 583 441 0.935356
9191 desk 0 219 415 441 0.753069
9191 chair 271 199 419 440 0.952939
9193 dresser 97 289 518 439 0.943462
9195 chair 433 308 590 441 0.735287
9197 chair 371 52 527 258 0.446895
9197 table 0 272 417 437 0.788863
9199 toilet 126 214 379 441 0.729486
9200 bed 0 0 591 436 0.936388
9201 bed 0 171 340 441 0.961474
9203 sofa 4 78 550 441 0.948849
9204 table 191 182 447 439 0.826394
9206 sofa 30 191 396 346 0.976936
9207 table 0 286 65 438 0.464035
9208 bed 0 95 591 441 0.970142
9209 bed 0 247 298 441 0.934526
9210 bed 0 147 384 431 0.967599
9212 dresser 0 246 96 441 0.436896
9212 toilet 154 200 241 324 0.655763
9215 bed 0 260 208 440 0.468181
9215 toilet 279 20 458 295 0.905266
9216 bathtub 150 232 480 440 0.904566
9217 dresser 279 154 556 440 0.835413
9218 night_stand 345 246 520 416 0.88054
9218 bed 0 110 369 441 0.981228
9219 table 0 293 90 441 0.377704
9219 table 202 311 589 441 0.665697
9220 bed 0 100 155 440 0.73056
9220 sofa 298 232 590 440 0.931518
9221 sofa 40 196 524 439 0.903302
9222 table 15 230 201 415 0.592831
9223 chair 0 232 103 440 0.370162
9223 chair 262 199 495 441 0.686182
9224 dresser 70 0 485 386 0.38599
9225 table 0 82 587 441 0.880268
9226 toilet 183 203 401 441 0.976979
9229 chair 143 194 480 440 0.520546
9231 table 138 252 418 435 0.83697
9232 sofa 275 131 591 401 0.954174
9232 sofa 0 118 275 311 0.969388
9233 sofa 0 302 126 440 0.478207
9233 bookshelf 131 0 591 441 0.988531
9234 chair 322 191 453 410 0.648731
9234 chair 212 189 338 412 0.681681
9235 chair 83 249 280 441 0.876378
9236 sofa 395 230 590 441 0.607825
9236 table 86 204 341 426 0.88051
9236 chair 200 194 354 426 0.901559
9237 sofa 261 159 539 438 0.817501
9237 sofa 10 122 282 273 0.967165
9239 desk 0 2 202 440 0.431864
9240 table 1 194 368 440 0.532449
9240 table 224 191 590 440 0.548645
9241 bed 118 322 591 441 0.479261
9242 desk 0 37 441 438 0.76666
9244 bed 0 0 591 441 0.936017
9245 desk 403 172 590 421 0.522347
9245 chair 117 76 229 251 0.909695
9246 chair 210 154 387 433 0.900182
9248 toilet 164 156 308 387 0.922925
9249 desk 1 0 411 341 0.457813
9250 toilet 227 35 519 440 0.96397
9252 night_stand 261 119 422 274 0.782584
9252 bed 1 0 527 439 0.869193
9253 chair 131 349 306 441 0.445042
9254 bed 361 293 591 441 0.807545
9254 chair 141 82 327 351 0.86899
9255 chair 493 96 591 441 0.831642
9256 table 245 142 525 413 0.815786
9256 chair 49 179 347 441 0.886829
9257 chair 202 33 461 440 0.90084
9258 desk 331 199 517 394 0.402747
9258 bed 508 203 591 438 0.601324
9258 table 207 197 332 330 0.782571
9258 chair 131 173 250 335 0.928839
9259 chair 236 0 340 115 0.8715
9260 toilet 0 2 49 187 0.41383
9260 desk 196 0 591 419 0.743086
9262 toilet 93 43 325 409 0.967724
9263 table 273 209 548 435 0.514426
9263 desk 275 210 550 436 0.718313
9263 chair 250 284 468 440 0.775387
9263 dresser 0 253 251 440 0.780665
9264 bed 47 21 591 441 0.523814
9265 sofa 0 106 211 393 0.419611
9265 table 198 31 532 398 0.648885
9266 chair 0 345 123 441 0.546516
9266 bed 431 0 591 441 0.803565
9266 night_stand 253 41 413 200 0.843951
9266 bed 0 0 258 439 0.937439
9267 chair 326 13 491 174 0.776544
9267 bed 0 138 590 440 0.888375
9268 chair 0 58 103 422 0.370894
9268 table 0 3 591 439 0.784108
9269 bathtub 42 360 450 441 0.7607
9269 bathtub 0 118 548 441 0.990916
9270 toilet 0 159 98 439 0.727595
9271 toilet 0 0 339 374 0.97544
9273 table 202 68 590 351 0.57621
9273 chair 0 106 292 439 0.929602
9274 sofa 248 0 591 438 0.383007
9275 night_stand 174 176 315 358 0.748242
9275 bed 266 2 590 440 0.930067
9275 bed 0 67 199 441 0.943373
9276 table 373 148 590 440 0.537374
9276 dresser 0 116 210 434 0.568061
9277 bed 168 26 590 439 0.373985
9277 toilet 0 71 84 400 0.398229
9277 toilet 0 152 144 440 0.808751
9278 bathtub 0 2 583 438 0.831913
9281 bed 468 106 591 434 0.695238
9281 chair 19 63 231 394 0.924084
9282 table 0 0 591 236 0.486429
9283 chair 147 232 405 441 0.926555
9284 sofa 18 1 496 441 0.514028
9284 sofa 460 0 590 362 0.582114
9285 sofa 0 190 186 441 0.582098
9287 chair 140 0 587 396 0.544757
9288 table 98 57 560 409 0.653109
9290 table 0 311 139 441 0.474025
9291 table 83 91 451 339 0.596992
9291 chair 2 230 325 427 0.930624
9292 chair 131 205 428 441 0.505595
9293 table 58 268 228 391 0.45283
9293 chair 9 224 98 366 0.841957
9293 chair 130 297 338 441 0.976089
9296 chair 274 193 432 423 0.825053
9297 sofa 0 0 192 180 0.775826
9298 bed 0 2 118 441 0.482118
9298 desk 82 0 393 227 0.788018
9300 bed 128 0 591 441 0.956944
9303 table 127 283 383 441 0.3741
9304 bed 318 53 591 441 0.721237
9304 toilet 2 122 252 440 0.956537
9305 table 101 90 399 367 0.679239
9306 sofa 548 238 591 432 0.448772
9306 bed 1 232 423 440 0.546312
9307 chair 346 269 591 441 0.77143
9307 chair 166 0 366 224 0.832735
9308 table 31 209 207 441 0.480167
9309 table 143 14 419 339 0.495167
9310 chair 500 185 591 441 0.5547
9311 table 439 275 590 441 0.717638
9312 chair 313 302 494 432 0.900149
9312 table 0 276 381 440 0.908036
9313 chair 296 188 451 441 0.419018
9313 chair 239 104 390 386 0.765288
9313 chair 128 116 275 341 0.9337
9314 chair 533 92 591 284 0.491513
9314 chair 491 6 591 230 0.606125
9314 chair 381 9 542 222 0.933757
9316 table 133 343 397 441 0.63769
9317 desk 179 64 540 355 0.49365
9318 table 324 237 569 408 0.774401
9319 chair 432 0 509 108 0.437778
9319 chair 198 97 438 440 0.968193
9321 desk 277 11 591 440 0.385693
9321 chair 0 311 89 440 0.395005
9326 chair 301 118 413 344 0.366658
9326 desk 0 155 312 441 0.474212
9327 chair 551 275 590 439 0.410062
9329 chair 133 358 514 441 0.367901
9329 chair 474 217 555 310 0.390243
9329 chair 116 251 231 414 0.522041
9329 chair 317 241 462 366 0.524733
9329 chair 67 189 153 248 0.548989
9329 chair 124 203 196 252 0.618081
9329 chair 49 215 129 289 0.665748
9329 chair 190 221 273 330 0.834633
9329 chair 512 270 591 441 0.861334
9329 chair 477 231 590 352 0.863734
9329 chair 0 251 154 440 0.92735
9330 chair 392 193 565 439 0.4087
9330 chair 0 199 50 440 0.518602
9330 table 294 194 590 441 0.956761
9331 chair 0 171 137 332 0.73527
9331 chair 294 150 391 281 0.806904
9331 desk 326 265 591 441 0.848931
9331 chair 155 172 265 303 0.867974
9331 chair 10 250 237 440 0.965235
9332 chair 373 142 434 198 0.523192
9332 chair 0 193 90 296 0.551866
9332 chair 157 172 263 296 0.62501
9332 chair 477 135 543 199 0.747389
9332 chair 278 145 383 303 0.785748
9332 chair 40 213 187 377 0.800071
9332 chair 0 288 134 441 0.866637
9332 table 369 191 591 440 0.887621
9333 chair 548 190 591 441 0.604507
9333 chair 428 209 591 441 0.745893
9333 chair 306 192 446 429 0.853836
9333 chair 0 210 128 436 0.932973
9333 chair 0 260 287 440 0.960446
9334 chair 288 279 427 413 0.368694
9334 chair 431 240 499 327 0.370207
9334 chair 1 266 57 376 0.491815
9334 chair 351 275 485 415 0.631031
9334 chair 0 293 53 441 0.720379
9334 chair 36 302 227 441 0.766434
9334 chair 217 268 317 408 0.772661
9334 chair 262 336 495 441 0.943662
9335 chair 0 172 46 242 0.387745
9335 chair 77 172 181 292 0.417824
9335 chair 0 195 105 339 0.779786
9335 chair 148 185 257 337 0.836864
9335 chair 0 372 166 440 0.867005
9335 chair 187 204 341 431 0.89968
9335 chair 274 260 513 440 0.953566
9335 chair 0 237 103 435 0.964332
9336 chair 101 243 249 402 0.39817
9336 table 360 218 566 438 0.892012
9336 chair 0 226 87 395 0.893063
9336 chair 0 307 271 441 0.941535
9337 chair 480 142 571 239 0.451894
9337 chair 479 151 590 319 0.848103
9337 chair 503 198 591 434 0.924741
9338 chair 255 124 359 241 0.41717
9338 chair 0 372 240 441 0.530993
9338 chair 197 155 371 327 0.559491
9338 chair 413 100 540 243 0.583269
9338 chair 418 147 591 328 0.822034
9338 chair 422 217 590 441 0.941835
9338 chair 102 208 383 440 0.959948
9339 chair 107 23 212 140 0.362519
9339 chair 485 1 589 72 0.409855
9339 chair 331 8 428 130 0.456243
9339 chair 77 57 202 195 0.467122
9339 chair 201 25 340 234 0.682227
9339 chair 0 214 215 441 0.793942
9339 chair 441 48 590 253 0.832758
9339 chair 0 94 165 311 0.882455
9339 chair 74 96 298 377 0.932078
9339 chair 395 119 590 441 0.961159
9340 chair 270 0 427 129 0.410539
9340 chair 0 0 75 118 0.427641
9340 chair 362 0 588 264 0.946607
9340 chair 74 18 375 411 0.97862
9341 chair 145 401 413 440 0.515917
9341 chair 0 285 84 441 0.629004
9341 chair 310 278 417 393 0.681477
9341 table 0 297 165 441 0.776353
9341 chair 500 278 591 441 0.851241
9341 chair 255 318 416 441 0.892419
9342 chair 0 234 51 339 0.368378
9342 chair 0 256 51 437 0.414826
9342 chair 262 238 323 315 0.466121
9342 chair 214 251 295 386 0.490957
9342 chair 337 260 420 384 0.520103
9342 chair 50 232 126 305 0.764261
9342 chair 21 270 227 441 0.883099
9342 chair 253 279 418 441 0.919385
9343 chair 2 291 305 441 0.406806
9343 chair 0 228 81 320 0.485218
9343 chair 137 264 340 441 0.562638
9343 chair 0 266 110 441 0.889673
9344 chair 0 217 131 348 0.507363
9344 chair 0 302 80 440 0.790256
9344 chair 207 209 309 359 0.834954
9344 chair 0 241 143 441 0.916208
9345 chair 420 237 536 364 0.49798
9345 chair 137 291 339 441 0.593914
9345 chair 0 279 162 441 0.742895
9345 chair 278 255 399 434 0.802198
9346 chair 471 219 525 275 0.472669
9346 chair 488 232 581 319 0.52753
9346 chair 383 238 487 275 0.569426
9346 chair 228 226 329 386 0.79218
9346 chair 349 279 587 440 0.864995
9346 chair 3 261 317 441 0.893538
9347 chair 265 121 456 438 0.870809
9347 chair 454 95 589 295 0.905
9347 table 1 115 404 440 0.948927
9348 table 136 232 293 441 0.488403
9348 chair 306 217 419 441 0.816251
9348 chair 358 296 588 441 0.920213
9349 chair 535 249 591 273 0.532943
9349 chair 199 279 377 441 0.560859
9349 chair 460 321 590 441 0.619406
9349 chair 416 239 502 340 0.644655
9349 chair 121 360 327 441 0.679249
9349 chair 19 254 232 440 0.70965
9349 chair 499 264 591 324 0.724209
9349 chair 347 254 461 432 0.841764
9350 table 306 256 590 440 0.464077
9351 chair 210 277 286 343 0.445469
9351 chair 176 292 276 359 0.602316
9351 chair 0 352 53 441 0.609233
9351 chair 139 276 206 321 0.683957
9351 chair 91 293 174 328 0.762423
9351 chair 1 327 122 397 0.798986
9351 chair 0 298 89 336 0.800968
9351 chair 10 381 195 441 0.804297
9351 chair 121 322 252 441 0.888603
9353 table 0 183 98 337 0.3764
9356 chair 502 226 561 259 0.376177
9356 chair 267 234 323 288 0.387031
9356 chair 380 232 439 258 0.509361
9356 chair 516 257 590 391 0.509664
9356 chair 504 227 564 295 0.525331
9356 chair 439 229 499 258 0.571343
9356 chair 517 256 590 299 0.573037
9356 chair 207 262 283 303 0.629049
9356 chair 324 232 383 262 0.630254
9356 chair 441 256 519 298 0.689993
9356 chair 358 301 481 441 0.706753
9356 chair 362 258 443 297 0.712684
9356 chair 286 261 361 301 0.757345
9356 chair 260 302 369 441 0.879442
9356 chair 147 307 265 441 0.895342
9356 chair 457 297 591 440 0.92084
9357 chair 417 186 569 435 0.455966
9357 chair 532 172 591 257 0.466065
9357 chair 507 156 583 201 0.642019
9357 chair 535 180 591 356 0.698706
9358 chair 0 166 63 257 0.393765
9358 chair 266 171 313 206 0.425902
9358 chair 0 162 64 203 0.4284
9358 chair 175 155 219 184 0.447628
9358 chair 43 139 96 167 0.462238
9358 chair 11 197 107 365 0.519084
9358 chair 362 190 427 295 0.567596
9358 chair 0 264 66 441 0.576798
9358 chair 97 187 173 236 0.604986
9358 chair 277 203 359 341 0.623036
9358 chair 63 159 124 198 0.647136
9358 chair 220 177 276 214 0.690143
9358 chair 222 215 321 359 0.753704
9358 chair 163 180 224 224 0.769845
9358 chair 392 188 467 282 0.771337
9358 chair 325 196 413 317 0.835999
9358 chair 41 238 212 441 0.88821
9358 chair 148 223 289 400 0.897714
9359 chair 515 84 591 120 0.395611
9359 chair 0 130 80 392 0.546912
9359 chair 437 120 590 397 0.615437
9360 chair 306 232 590 440 0.381052
9360 chair 0 178 46 293 0.385834
9360 chair 350 127 458 264 0.456601
9360 chair 6 181 102 323 0.538912
9360 chair 194 155 341 322 0.653233
9360 chair 20 188 189 400 0.700575
9361 chair 525 160 590 441 0.738496
9361 chair 0 77 141 312 0.744174
9362 chair 88 178 230 377 0.641307
9362 chair 0 163 42 402 0.718826
9363 chair 272 212 337 287 0.384922
9363 chair 540 194 591 427 0.8044
9363 chair 326 217 438 394 0.839699
9365 chair 28 254 97 301 0.456073
9365 chair 107 274 194 419 0.465609
9365 chair 432 216 590 440 0.586681
9365 chair 0 288 187 440 0.809529
9366 chair 0 359 156 440 0.594398
9366 chair 87 149 268 415 0.69558
9366 chair 337 253 468 424 0.779411
9367 chair 65 107 228 311 0.400171
9367 table 71 101 491 440 0.437728
9367 desk 69 100 491 440 0.517493
9368 table 108 128 352 352 0.918797
9371 chair 232 141 384 341 0.470229
9371 chair 409 48 510 135 0.526068
9371 chair 325 72 410 227 0.531245
9372 chair 0 66 105 341 0.628909
9372 chair 494 129 573 203 0.664915
9372 chair 447 285 591 441 0.840066
9372 chair 474 151 571 296 0.878837
9372 chair 147 255 358 441 0.93147
9373 chair 0 54 126 248 0.367213
9373 chair 499 332 590 440 0.686877
9373 chair 83 172 326 441 0.766259
9373 chair 253 122 458 349 0.908907
9374 chair 464 0 591 141 0.42197
9374 chair 1 0 372 441 0.585847
9375 chair 325 13 424 91 0.374855
9375 chair 322 30 408 178 0.385911
9375 chair 245 142 392 282 0.895862
9375 chair 225 200 418 440 0.940184
9376 bookshelf 302 88 591 436 0.677992
9376 chair 196 89 292 236 0.845789
9376 chair 206 237 402 439 0.890452
9376 chair 124 133 260 314 0.91725
9377 chair 344 40 415 177 0.382251
9377 chair 238 92 336 216 0.408109
9377 chair 427 43 459 135 0.419075
9377 chair 473 40 569 223 0.42722
9377 chair 380 73 437 183 0.522021
9377 chair 210 273 482 441 0.533077
9377 chair 104 249 267 428 0.657359
9377 chair 395 163 587 374 0.93097
9378 chair 321 397 525 440 0.376013
9378 chair 367 208 464 309 0.394701
9378 chair 420 165 492 230 0.413698
9378 chair 161 197 284 332 0.457855
9378 chair 401 283 527 370 0.460892
9378 chair 301 279 526 440 0.566397
9378 chair 269 205 365 298 0.659726
9378 chair 102 296 311 441 0.833788
9379 chair 293 221 541 441 0.410912
9379 chair 117 188 322 441 0.738766
9380 chair 549 39 590 203 0.428293
9380 chair 314 0 375 66 0.44945
9380 chair 340 138 434 272 0.623738
9380 desk 369 21 590 440 0.736764
9380 chair 316 23 390 114 0.81342
9380 chair 260 47 390 212 0.837872
9380 chair 310 195 494 440 0.863525
9381 chair 500 14 567 51 0.387491
9381 table 363 11 591 176 0.407614
9381 chair 365 15 443 109 0.456126
9381 chair 280 1 359 84 0.469633
9381 chair 232 117 365 283 0.54869
9381 chair 401 204 573 431 0.68316
9381 chair 438 53 538 156 0.715173
9382 chair 148 0 179 29 0.362104
9382 chair 53 64 130 139 0.511064
9382 chair 119 0 169 57 0.719123
9382 chair 98 21 154 111 0.721292
9382 chair 338 28 441 185 0.757019
9382 chair 276 51 388 206 0.758038
9382 desk 169 0 245 33 0.828462
9382 chair 279 110 420 375 0.849896
9382 desk 137 33 246 123 0.90167
9382 chair 435 246 590 441 0.901893
9382 desk 30 124 249 440 0.964827
9383 table 473 369 591 439 0.501053
9383 chair 396 227 488 360 0.549075
9383 chair 515 311 591 376 0.587722
9383 chair 482 231 543 259 0.704564
9383 table 379 252 590 421 0.876173
9384 desk 451 0 576 161 0.368269
9384 chair 154 41 282 205 0.392276
9384 chair 0 27 91 131 0.393376
9384 table 67 0 197 71 0.407726
9384 chair 214 9 296 156 0.447995
9384 chair 97 0 181 71 0.450921
9384 chair 419 0 458 36 0.518416
9384 table 0 138 262 441 0.542299
9384 table 451 1 576 160 0.584954
9384 chair 398 46 451 133 0.596726
9384 chair 101 75 237 246 0.645488
9384 chair 410 9 456 88 0.659269
9384 table 451 154 590 439 0.766424
9384 chair 379 69 454 224 0.775627
9384 chair 111 245 447 441 0.900969
9384 chair 352 156 451 338 0.949191
9385 table 119 26 443 400 0.397021
9385 desk 121 25 443 400 0.706653
9386 chair 223 215 339 400 0.895127
9386 chair 347 226 461 413 0.922567
9386 chair 61 192 175 368 0.929119
9387 chair 375 57 458 202 0.385121
9387 chair 470 0 535 71 0.394304
9387 chair 36 84 107 157 0.438301
9387 chair 444 0 486 52 0.469051
9387 chair 0 229 64 433 0.505684
9387 chair 294 142 420 288 0.733863
9387 chair 346 81 450 254 0.744651
9387 chair 65 163 160 315 0.800747
9387 chair 456 6 533 131 0.827292
9387 chair 231 211 397 396 0.855987
9389 chair 41 248 134 392 0.882991
9390 chair 0 129 41 250 0.66953
9390 chair 2 169 236 441 0.923119
9391 chair 158 214 234 388 0.420409
9391 chair 0 261 173 441 0.84968
9392 table 0 217 309 440 0.745208
9392 chair 277 218 410 420 0.856454
9392 chair 0 232 256 441 0.873396
9393 chair 190 215 280 314 0.464943
9393 table 0 208 243 365 0.650051
9393 chair 3 269 208 440 0.922834
9393 chair 189 233 353 439 0.95316
9394 chair 202 156 376 441 0.558003
9394 chair 51 110 172 274 0.736836
9394 chair 0 130 170 368 0.93495
9395 chair 219 89 285 185 0.397936
9395 table 286 105 590 441 0.403134
9395 chair 225 136 395 314 0.930212
9395 chair 130 194 382 441 0.934823
9396 table 0 170 371 441 0.392991
9396 chair 101 213 288 441 0.523303
9396 chair 263 170 378 355 0.801722
9396 chair 389 146 494 305 0.939204
9397 table 0 0 362 401 0.466033
9397 chair 377 1 591 278 0.824361
9399 chair 220 22 343 83 0.398847
9399 chair 541 0 591 18 0.460152
9399 chair 218 18 343 156 0.490125
9399 table 522 14 590 121 0.49362
9399 table 107 80 317 441 0.677305
9399 chair 403 0 521 132 0.71141
9399 chair 544 88 591 393 0.73322
9400 chair 540 43 591 113 0.49328
9400 table 0 251 64 440 0.533502
9400 chair 491 61 552 117 0.535724
9400 chair 467 72 522 124 0.703169
9400 table 263 122 590 325 0.819605
9400 chair 55 247 112 378 0.842331
9400 chair 379 77 466 140 0.859426
9400 chair 160 117 273 284 0.872974
9400 chair 275 105 360 162 0.879192
9400 chair 284 226 435 423 0.900524
9401 chair 392 170 537 328 0.591222
9401 chair 202 106 267 179 0.725339
9401 chair 98 155 155 221 0.731716
9401 table 130 156 461 322 0.750901
9401 chair 133 139 205 203 0.777787
9401 chair 196 312 281 438 0.793575
9401 chair 343 259 553 439 0.856576
9401 chair 315 119 368 160 0.879868
9401 chair 0 176 111 264 0.907618
9401 chair 379 119 454 168 0.908078
9401 table 0 227 335 440 0.93579
9402 chair 87 147 181 244 0.423542
9402 chair 550 101 590 189 0.728734
9402 chair 140 117 190 185 0.777801
9402 chair 181 128 260 206 0.853587
9402 chair 136 198 200 250 0.880027
9402 chair 282 126 357 184 0.890097
9402 chair 24 172 132 257 0.892843
9402 table 376 186 590 441 0.901208
9402 chair 431 94 549 187 0.911928
9402 table 19 185 509 441 0.939488
9403 chair 0 89 82 184 0.688675
9403 chair 111 192 259 429 0.796071
9403 chair 333 17 410 156 0.870299
9403 chair 250 121 370 326 0.874813
9403 chair 57 62 193 169 0.916853
9403 table 0 167 215 441 0.982888
9404 chair 522 229 590 317 0.60417
9404 chair 370 362 527 439 0.70261
9404 chair 414 274 562 351 0.792823
9404 table 393 297 590 440 0.840011
9405 chair 232 54 316 191 0.490135
9405 chair 109 115 261 320 0.537471
9405 table 0 164 129 434 0.572497
9405 chair 310 0 377 66 0.633185
9405 chair 102 27 167 51 0.663588
9405 chair 181 0 242 41 0.719696
9405 chair 17 31 83 59 0.800372
9405 chair 149 186 395 439 0.900354
9405 table 0 40 210 168 0.90496
9406 chair 0 321 95 441 0.895813
9406 chair 293 321 425 440 0.902955
9406 chair 77 322 203 441 0.919289
9406 chair 186 311 308 441 0.933531
9407 chair 114 266 185 439 0.383799
9407 chair 121 190 242 427 0.639137
9407 chair 0 139 81 230 0.79924
9407 table 345 110 586 337 0.82986
9407 chair 448 205 591 441 0.884074
9407 table 0 200 156 441 0.97468
9408 chair 223 179 384 376 0.637252
9408 chair 298 321 521 440 0.673642
9408 chair 370 0 481 95 0.762336
9408 chair 40 53 232 314 0.870842
9408 chair 231 25 359 131 0.940998
9408 table 220 53 591 440 0.964071
9409 table 236 16 591 355 0.972495
9410 chair 228 182 438 438 0.908243
9410 chair 341 84 533 354 0.972268
9413 desk 194 210 591 441 0.792756
9414 chair 291 6 349 57 0.377141
9414 chair 498 93 591 293 0.484593
9414 chair 139 40 212 167 0.577945
9414 chair 354 13 437 87 0.704199
9414 chair 203 33 267 114 0.792139
9414 chair 490 8 565 66 0.85086
9414 chair 158 207 323 427 0.853887
9414 chair 270 60 351 128 0.865427
9414 chair 395 175 585 432 0.932332
9414 table 166 60 591 278 0.943346
9415 table 0 240 36 409 0.370482
9415 chair 70 209 122 342 0.372944
9415 table 212 160 379 315 0.829774
9415 chair 0 237 138 440 0.912809
9415 chair 278 227 392 385 0.915283
9415 chair 316 242 474 437 0.928617
9416 chair 281 87 384 273 0.962193
9417 chair 80 110 195 180 0.387604
9417 table 473 74 591 415 0.633949
9417 chair 104 86 195 149 0.694399
9417 chair 63 149 195 283 0.844723
9417 chair 480 20 567 96 0.881677
9417 chair 293 32 365 143 0.898904
9417 chair 457 138 591 436 0.928048
9417 chair 385 63 492 295 0.928241
9417 chair 0 190 202 441 0.952014
9418 chair 418 0 484 47 0.550224
9418 chair 389 43 489 120 0.739571
9418 chair 111 60 161 96 0.812174
9418 chair 1 207 158 423 0.864704
9418 chair 242 33 319 102 0.870933
9418 chair 323 7 392 103 0.891783
9418 chair 435 144 590 404 0.930236
9418 chair 143 244 373 438 0.933872
9418 table 0 92 519 308 0.936925
9419 chair 105 216 289 438 0.935067
9419 chair 4 302 273 441 0.937933
9419 chair 482 138 590 356 0.944347
9420 table 0 0 403 85 0.563281
9422 chair 498 20 591 210 0.489168
9422 chair 300 24 386 85 0.612578
9422 chair 284 62 417 261 0.743873
9422 chair 411 0 474 91 0.818677
9422 chair 321 1 390 56 0.837013
9422 table 193 75 349 231 0.910943
9423 table 193 55 489 148 0.386503
9423 chair 0 149 103 417 0.784783
9423 table 209 53 590 287 0.812874
9423 chair 288 146 428 409 0.833326
9423 chair 508 34 574 106 0.850145
9423 chair 277 31 328 68 0.85568
9423 chair 451 26 510 83 0.860097
9423 chair 43 61 119 166 0.873159
9423 chair 161 86 270 258 0.898316
9423 chair 209 35 272 81 0.899442
9424 chair 66 220 246 424 0.397778
9424 chair 207 169 325 390 0.462986
9424 chair 486 148 591 327 0.693577
9424 chair 497 101 576 196 0.825165
9424 chair 350 114 424 240 0.833363
9424 chair 424 106 501 210 0.853638
9424 chair 282 122 354 239 0.857001
9424 chair 10 135 87 205 0.901949
9424 chair 485 260 589 440 0.923634
9424 chair 91 133 197 207 0.925206
9424 table 0 203 231 438 0.963219
9425 chair 431 180 591 429 0.88383
9425 chair 181 212 316 386 0.884073
9425 chair 305 197 439 429 0.887274
9426 chair 229 72 325 224 0.552485
9426 table 0 72 272 169 0.728623
9426 chair 0 78 37 121 0.73461
9426 chair 172 35 249 74 0.842444
9426 chair 104 29 177 76 0.856024
9426 chair 118 176 305 433 0.875636
9426 chair 362 92 488 276 0.926271
9426 table 0 163 228 441 0.958475
9427 chair 559 116 590 322 0.488566
9427 chair 254 114 368 267 0.904075
9427 chair 391 106 532 275 0.918632
9427 chair 118 302 335 440 0.941418
9427 chair 197 200 365 411 0.96367
9428 chair 338 69 447 191 0.487311
9428 table 0 124 149 253 0.515658
9428 table 0 315 213 441 0.860739
9428 chair 333 86 451 357 0.863658
9428 chair 144 106 251 261 0.875531
9428 chair 36 250 167 326 0.880901
9428 chair 240 90 344 261 0.894706
9428 chair 184 300 314 438 0.914476
9429 chair 550 214 590 373 0.637518
9429 chair 418 212 551 379 0.883693
9430 chair 75 344 224 440 0.407531
9430 table 93 298 375 431 0.6701
9430 chair 390 349 525 441 0.717847
9431 table 535 172 591 441 0.469057
9431 chair 0 71 110 216 0.508147
9431 chair 1 44 58 145 0.531844
9431 table 0 163 84 439 0.855141
9431 chair 59 32 147 166 0.864585
9431 chair 512 271 591 441 0.872945
9431 table 426 146 590 346 0.878793
9431 chair 13 139 214 439 0.937996
9432 chair 395 63 515 223 0.387394
9432 chair 210 172 341 441 0.38845
9432 table 212 152 479 440 0.861462
9432 table 48 95 350 237 0.927114
9433 table 0 207 92 441 0.469242
9433 table 0 274 200 441 0.777759
9434 bed 455 130 591 441 0.466563
9434 table 0 74 368 427 0.835254
9435 table 44 118 193 301 0.449525
9435 chair 407 194 591 440 0.599591
9436 table 439 263 567 430 0.439811
9436 table 0 257 206 441 0.94376
9437 chair 1 171 156 441 0.796354
9439 table 120 74 389 381 0.507813
9439 chair 0 203 92 439 0.535941
9439 desk 0 0 162 385 0.803037
9440 chair 189 40 359 392 0.470315
9440 table 21 31 331 425 0.868737
9442 table 0 87 231 384 0.609827
9444 sofa 0 25 167 366 0.570789
9444 table 10 259 197 420 0.610608
9444 chair 274 196 453 436 0.95887
9445 desk 361 0 591 363 0.621807
9445 chair 111 0 283 256 0.962885
9447 chair 272 31 374 186 0.383177
9447 chair 205 68 340 295 0.775181
9449 night_stand 62 353 263 441 0.714332
9453 chair 440 103 590 372 0.366587
9453 table 285 0 591 181 0.88604
9455 chair 0 42 50 189 0.410866
9455 chair 301 104 453 306 0.489634
9455 chair 305 178 553 438 0.867277
9455 chair 300 17 428 210 0.905879
9455 chair 152 25 266 154 0.921625
9455 chair 50 56 179 176 0.929037
9455 table 0 153 339 441 0.933099
9456 chair 490 111 591 425 0.405369
9456 chair 157 52 288 194 0.562186
9456 chair 64 8 185 163 0.801531
9456 chair 0 4 84 133 0.805627
9456 chair 285 42 412 236 0.900252
9456 chair 201 204 419 440 0.91785
9456 chair 424 76 591 322 0.921882
9456 table 0 101 271 440 0.947282
9457 chair 272 0 332 108 0.51212
9457 table 0 47 222 440 0.710994
9457 chair 413 40 541 149 0.748762
9457 chair 303 13 496 222 0.7878
9457 chair 4 0 87 57 0.81819
9457 chair 116 1 177 50 0.868584
9457 chair 334 152 584 438 0.975452
9458 chair 326 157 451 332 0.706257
9458 chair 428 135 498 251 0.759371
9458 chair 280 227 591 441 0.767886
9458 chair 457 203 591 440 0.769599
9458 chair 14 185 102 265 0.867854
9458 chair 257 142 380 328 0.894974
9458 table 0 256 169 440 0.952989
9459 chair 0 269 77 379 0.391843
9459 desk 0 197 113 246 0.659852
9459 chair 221 190 366 309 0.869014
9459 table 0 255 576 440 0.897953
9459 chair 359 227 516 343 0.908541
9459 chair 20 218 182 325 0.911441
9460 desk 348 151 458 254 0.471504
9460 chair 165 326 369 440 0.635698
9460 chair 0 193 84 303 0.660942
9460 chair 97 184 297 441 0.890473
9460 table 0 288 227 441 0.916121
9461 table 0 0 292 235 0.378102
9461 chair 538 47 591 272 0.459916
9461 chair 302 0 421 73 0.671867
9461 chair 253 0 385 180 0.719438
9461 chair 0 149 167 441 0.917817
9461 chair 201 40 373 281 0.920415
9462 chair 261 268 333 330 0.599321
9462 chair 162 272 227 344 0.752216
9462 chair 110 291 204 363 0.793038
9462 chair 390 312 480 384 0.825651
9462 chair 330 299 408 352 0.84097
9462 chair 481 336 589 441 0.862922
9462 chair 8 282 111 386 0.863629
9462 table 0 331 493 441 0.874885
9463 table 43 126 208 270 0.785794
9463 chair 438 132 590 435 0.910938
9464 desk 0 180 374 441 0.602539
9464 table 304 88 579 261 0.611117
9464 chair 315 110 571 440 0.940974
9465 chair 178 57 366 224 0.699356
9465 chair 529 80 591 400 0.916811
9465 table 0 203 377 439 0.923522
9466 table 21 156 523 441 0.537644
9466 chair 391 0 590 429 0.856658
9467 chair 0 131 205 349 0.890785
9467 chair 388 65 590 408 0.95303
9468 desk 73 206 383 440 0.474109
9468 chair 0 259 238 441 0.954987
9469 bed 0 15 591 441 0.79076
9470 desk 118 159 552 439 0.617919
9470 chair 0 199 163 440 0.826537
9471 chair 201 359 351 440 0.437366
9471 table 280 233 591 441 0.49083
9471 chair 461 305 590 441 0.828969
9473 table 73 69 564 429 0.541546
9474 table 204 239 590 433 0.555156
9475 toilet 340 232 515 440 0.758524
9475 toilet 107 246 268 440 0.770343
9476 toilet 202 63 303 234 0.907986
9477 toilet 370 110 591 384 0.882997
9478 toilet 238 159 363 377 0.969331
9480 chair 437 113 472 200 0.368327
9480 chair 314 142 385 334 0.576636
9480 chair 463 26 488 87 0.678665
9480 table 426 58 591 440 0.80529
9480 chair 360 0 432 109 0.883802
9480 chair 314 153 457 416 0.897438
9481 chair 389 219 471 435 0.421424
9481 table 345 108 591 235 0.812194
9481 chair 111 141 239 263 0.857217
9481 table 343 109 590 441 0.88498
9481 chair 309 86 398 267 0.89925
9481 chair 143 55 252 199 0.94481
9481 chair 57 197 241 429 0.946047
9482 chair 391 376 511 441 0.524455
9483 chair 486 140 591 261 0.834651
9483 chair 325 162 485 278 0.917523
9483 table 308 244 590 441 0.953308
9484 desk 247 163 590 439 0.652058
9484 chair 212 187 449 425 0.859144
9484 chair 385 122 562 321 0.862003
9484 chair 500 83 591 244 0.905474
9485 chair 0 19 103 212 0.72348
9485 chair 55 35 224 210 0.860117
9485 table 0 241 229 441 0.872205
9485 chair 14 150 203 320 0.929425
9485 chair 297 51 494 359 0.957492
9486 chair 308 174 394 381 0.532812
9486 chair 274 125 347 312 0.609358
9486 table 372 246 591 441 0.717299
9486 chair 333 305 461 441 0.852009
9486 chair 361 92 436 140 0.864696
9486 table 310 136 590 250 0.881534
9487 chair 293 165 385 395 0.677637
9487 chair 382 322 442 440 0.769661
9487 chair 423 95 537 173 0.904367
9487 chair 115 62 221 212 0.927065
9487 table 0 128 176 438 0.957735
9487 table 334 162 590 440 0.959625
9488 table 0 228 75 439 0.89339
9488 chair 413 198 548 310 0.91876
9488 chair 0 126 133 321 0.93073
9488 table 304 288 591 440 0.959026
9489 table 251 39 582 287 0.778445
9489 chair 47 56 114 100 0.806644
9489 chair 142 64 256 158 0.810008
9489 table 0 67 305 434 0.936847
9489 chair 68 201 304 440 0.937204
9490 table 0 54 111 318 0.64654
9490 chair 126 0 200 110 0.773521
9490 table 418 78 591 440 0.797498
9490 chair 320 65 490 358 0.935336
9490 chair 92 90 256 380 0.936071
9491 desk 1 332 331 440 0.417634
9492 chair 391 407 590 440 0.369989
9492 desk 1 121 260 345 0.545003
9492 chair 211 168 299 386 0.618132
9492 table 271 190 523 440 0.850734
9493 desk 10 377 384 441 0.576204
9493 chair 379 331 507 441 0.746952
9494 chair 280 312 427 440 0.510501
9494 desk 4 326 388 440 0.615925
9495 desk 6 339 416 441 0.791908
9498 sofa 2 94 376 421 0.526307
9501 desk 0 283 72 441 0.601086
9502 desk 185 203 443 384 0.662495
9502 table 0 279 453 440 0.841948
9503 desk 489 56 591 223 0.674987
9503 table 231 48 510 187 0.914196
9503 table 117 128 590 438 0.956698
9504 table 297 172 591 440 0.881552
9505 chair 511 143 591 239 0.547185
9505 chair 407 168 502 272 0.635372
9505 chair 379 135 453 222 0.672484
9505 chair 450 217 590 373 0.734079
9505 chair 415 182 541 311 0.7939
9505 chair 391 151 476 249 0.829696
9505 chair 281 142 353 234 0.84294
9505 table 97 119 326 224 0.891521
9505 chair 491 246 591 440 0.90975
9505 chair 359 263 525 441 0.940857
9506 chair 411 252 591 434 0.897341
9506 chair 114 75 204 161 0.905366
9506 chair 201 107 293 262 0.927698
9506 table 44 141 535 381 0.956959
9508 chair 496 5 569 57 0.363384
9508 chair 428 5 504 73 0.612227
9508 chair 352 12 434 144 0.737296
9508 chair 254 0 326 116 0.801226
9508 chair 267 18 372 175 0.893231
9508 chair 503 42 591 222 0.90302
9508 chair 417 59 558 257 0.926702
9508 chair 499 175 591 436 0.938543
9508 chair 315 68 449 272 0.943643
9509 chair 552 258 590 412 0.528386
9509 chair 339 303 478 441 0.741271
9509 chair 466 281 591 440 0.912255
9509 table 0 196 386 412 0.951361
9510 chair 537 74 591 256 0.397797
9510 chair 247 28 363 170 0.490958
9510 chair 1 34 147 195 0.566188
9510 chair 341 81 442 249 0.573479
9510 chair 78 0 157 69 0.673025
9510 chair 200 4 302 135 0.715056
9510 chair 154 195 336 416 0.715133
9510 chair 8 92 165 256 0.763604
9510 chair 57 130 233 326 0.920559
9510 chair 401 126 562 330 0.938412
9510 chair 194 263 423 441 0.946522
9511 chair 297 49 428 164 0.441354
9511 chair 430 134 591 244 0.447229
9511 chair 373 72 483 150 0.517356
9511 chair 0 141 117 292 0.5463
9511 chair 0 67 98 167 0.587492
9511 chair 0 163 115 439 0.661162
9511 chair 293 142 462 354 0.842288
9511 chair 193 75 312 234 0.852031
9511 chair 0 292 163 440 0.894106
9511 chair 386 275 591 441 0.896517
9511 chair 246 102 379 279 0.902389
9511 chair 320 193 530 441 0.930788
9512 chair 248 255 582 440 0.541737
9512 chair 246 329 440 441 0.602438
9512 chair 438 252 590 439 0.714855
9512 chair 55 102 231 355 0.941906
9512 chair 194 45 351 281 0.947567
9513 chair 540 323 591 363 0.391491
9513 chair 5 297 125 432 0.417972
9513 chair 110 316 259 435 0.425368
9513 chair 539 323 591 414 0.448033
9513 chair 244 291 303 325 0.456478
9513 chair 571 364 591 439 0.459485
9513 chair 162 317 260 397 0.483709
9513 chair 486 413 591 441 0.520433
9513 chair 0 292 54 423 0.531547
9513 chair 521 295 576 325 0.594529
9513 chair 95 304 196 383 0.656728
9513 chair 10 382 216 440 0.679181
9513 chair 215 326 337 441 0.719201
9513 chair 0 367 113 441 0.721363
9513 chair 300 300 368 420 0.775311
9513 chair 468 353 566 441 0.80598
9513 chair 458 313 535 430 0.824077
9514 chair 58 98 240 358 0.951164
9515 table 0 249 183 441 0.450064
9515 desk 0 247 183 441 0.506053
9515 table 525 127 590 278 0.768348
9515 chair 326 78 417 201 0.825778
9515 chair 423 90 537 245 0.882092
9515 chair 121 283 334 440 0.944429
9516 chair 0 194 67 436 0.538873
9516 table 2 154 236 255 0.622281
9516 chair 118 139 209 224 0.764141
9516 table 245 244 588 441 0.920685
9516 chair 68 224 241 439 0.946669
9517 chair 285 270 394 430 0.636659
9517 chair 93 256 301 440 0.64209
9517 table 328 270 591 441 0.652736
9517 table 79 134 341 254 0.785387
9517 chair 200 125 303 256 0.843067
9518 table 338 209 591 339 0.648165
9518 chair 470 257 591 439 0.820482
9519 chair 29 288 431 440 0.663217
9519 chair 490 100 591 352 0.867419
9519 table 302 52 591 224 0.905418
9520 desk 2 358 273 440 0.367823
9521 table 0 177 342 439 0.41593
9521 chair 244 291 422 441 0.609184
9523 desk 0 265 342 440 0.780996
9524 table 261 252 590 441 0.432433
9525 chair 0 203 199 440 0.866125
9525 table 4 185 370 440 0.937817
9526 desk 451 95 590 303 0.369338
9526 table 23 116 411 434 0.870728
9526 chair 457 101 590 301 0.904444
9526 chair 243 165 431 437 0.947021
9527 desk 0 241 294 440 0.539667
9527 desk 253 115 591 357 0.713747
9527 chair 313 147 501 398 0.94067
9528 chair 211 0 319 87 0.658764
9528 chair 110 0 197 52 0.734435
9529 desk 316 114 590 440 0.574215
9529 chair 182 113 288 240 0.85536
9529 chair 11 147 160 342 0.946524
9529 chair 165 162 321 415 0.96643
9530 chair 394 359 589 440 0.434323
9530 desk 486 156 591 441 0.606824
9530 desk 0 156 308 439 0.705055
9530 chair 10 241 291 441 0.950563
9530 chair 318 161 475 438 0.963504
9531 desk 131 115 591 411 0.675295
9531 chair 378 209 591 441 0.942677
9532 chair 0 102 68 263 0.843515
9532 table 0 71 197 256 0.881516
9532 table 161 125 559 434 0.925818
9532 chair 124 159 305 439 0.95528
9533 bookshelf 118 118 235 226 0.519263
9533 table 240 112 394 228 0.632534
9533 chair 0 162 50 281 0.792022
9533 table 0 137 120 261 0.814969
9533 chair 227 111 308 221 0.840068
9533 chair 331 184 439 352 0.893947
9533 table 368 168 590 396 0.928612
9534 desk 116 125 390 332 0.517571
9534 table 115 127 391 332 0.524181
9534 chair 551 323 590 439 0.656575
9534 table 443 222 590 438 0.736808
9534 chair 131 157 276 339 0.9149
9535 chair 0 227 186 441 0.407471
9535 chair 72 227 298 441 0.7488
9535 table 282 170 590 441 0.851393
9538 chair 236 23 413 391 0.84128
9539 night_stand 506 256 591 388 0.610728
9539 bed 3 136 510 440 0.879601
9539 chair 147 135 224 230 0.909627
9541 night_stand 472 276 528 293 0.435175
9541 bed 170 238 591 441 0.876604
9541 night_stand 54 321 171 441 0.927623
9542 sofa 132 247 580 441 0.413569
9544 table 86 254 283 440 0.62514
9544 sofa 164 159 505 354 0.780254
9545 chair 516 255 590 440 0.568991
9545 table 364 222 590 440 0.886726
9545 sofa 0 133 379 440 0.906248
9546 chair 0 175 161 438 0.510057
9546 sofa 86 172 591 440 0.89991
9547 night_stand 19 170 85 206 0.430006
9547 bed 0 86 367 440 0.446886
9547 night_stand 358 193 429 287 0.897014
9548 sofa 362 260 589 441 0.485683
9548 bed 1 242 150 441 0.707527
9549 bed 165 5 590 430 0.416302
9549 night_stand 526 61 590 123 0.754887
9550 bed 16 74 589 439 0.436147
9550 night_stand 249 271 315 320 0.830193
9552 bed 0 0 589 302 0.899852
9553 chair 213 135 316 309 0.738543
9553 sofa 255 110 571 360 0.85405
9554 table 256 232 591 440 0.652363
9554 chair 0 90 55 217 0.785883
9555 chair 0 0 140 352 0.501451
9558 chair 82 144 144 261 0.388361
9558 chair 524 183 590 309 0.416073
9558 chair 16 154 80 246 0.439981
9558 chair 0 129 54 200 0.50279
9558 chair 0 140 25 236 0.565819
9558 chair 376 159 443 251 0.566006
9558 chair 98 150 182 267 0.683924
9558 chair 30 162 119 262 0.870546
9560 chair 0 209 349 440 0.593482
9560 chair 176 78 431 441 0.834231
9561 chair 251 0 304 185 0.571167
9561 chair 467 37 591 433 0.573251
9561 table 48 0 292 313 0.939316
9562 chair 296 61 590 436 0.876886
9563 chair 114 152 481 440 0.873939
9564 table 36 127 213 271 0.887416
9566 table 214 45 435 254 0.660413
9567 bed 198 332 590 440 0.539281
9568 chair 112 302 206 436 0.553182
9575 chair 131 346 206 441 0.528242
9575 chair 191 343 259 441 0.620026
9575 chair 539 332 591 440 0.636432
9575 chair 474 344 542 440 0.839447
9575 chair 408 346 472 441 0.859502
9581 chair 0 326 90 360 0.458181
9585 bed 0 105 213 441 0.373061
9585 chair 318 79 379 134 0.63791
9585 table 281 120 591 400 0.6385
9585 chair 311 147 456 386 0.948383
9585 chair 443 189 590 441 0.973068
9587 toilet 202 44 489 440 0.985019
9588 sofa 17 236 523 441 0.937751
9589 bookshelf 129 25 428 440 0.994063
9594 bed 0 265 447 440 0.576068
9595 toilet 544 0 590 310 0.914773
9596 bed 0 0 321 441 0.725589
9597 bookshelf 10 0 326 292 0.498179
9597 table 329 93 547 314 0.744644
9599 bed 389 0 591 435 0.471706
9599 toilet 89 168 232 401 0.825782
9600 toilet 230 160 375 424 0.860169
9604 chair 63 0 199 129 0.67166
9604 chair 22 0 140 114 0.684904
9604 chair 247 14 477 213 0.689905
9604 chair 0 0 47 81 0.694733
9604 chair 0 90 85 314 0.695488
9604 chair 189 8 363 181 0.730122
9604 chair 104 2 275 144 0.786603
9604 chair 2 0 90 92 0.798672
9604 chair 214 190 486 440 0.817672
9604 chair 435 27 590 310 0.888535
9604 chair 65 145 294 438 0.93279
9604 chair 0 117 172 354 0.935035
9605 chair 275 0 479 157 0.390463
9605 chair 343 218 590 440 0.445227
9605 chair 171 0 351 129 0.742363
9605 chair 393 0 589 230 0.7447
9605 chair 0 58 158 285 0.867435
9605 chair 51 95 289 373 0.880776
9605 chair 211 147 489 440 0.961616
9607 chair 229 105 361 293 0.521441
9607 table 0 99 407 437 0.940574
9608 chair 563 40 590 156 0.4933
9608 chair 0 0 122 59 0.539612
9608 chair 0 287 422 441 0.614814
9608 chair 0 93 78 403 0.668725
9608 chair 419 0 558 90 0.708468
9608 chair 369 0 501 122 0.721029
9608 chair 378 127 588 413 0.745054
9608 chair 233 11 451 183 0.804083
9608 chair 128 29 333 270 0.808578
9608 chair 463 89 591 316 0.867615
9608 chair 0 51 233 325 0.882743
9608 chair 233 185 566 440 0.964867
9609 table 165 158 589 441 0.384563
9611 chair 538 59 591 159 0.373178
9611 chair 348 73 463 192 0.392002
9611 chair 17 66 251 233 0.491291
9611 chair 103 0 244 161 0.504791
9611 chair 453 4 519 45 0.555347
9611 chair 0 100 88 427 0.613751
9611 chair 397 0 454 35 0.622674
9611 chair 85 93 355 281 0.653577
9611 chair 521 18 589 51 0.729145
9611 chair 454 42 542 115 0.747624
9611 chair 455 101 591 254 0.759971
9611 chair 453 256 591 440 0.78592
9611 chair 291 190 502 383 0.814166
9611 chair 380 23 458 90 0.837705
9612 chair 375 208 493 304 0.36729
9612 chair 309 225 434 340 0.370645
9612 chair 368 278 534 425 0.467305
9612 chair 193 247 367 397 0.512271
9612 chair 61 302 284 441 0.621099
9612 chair 152 321 444 440 0.635659
9612 chair 146 387 323 440 0.66261
9612 chair 277 79 342 166 0.684479
9612 chair 187 271 284 385 0.696317
9612 chair 433 252 590 379 0.702305
9612 table 237 83 408 185 0.855955
9613 chair 0 81 25 247 0.372731
9613 chair 44 0 140 134 0.573324
9613 chair 86 0 185 133 0.60075
9613 chair 0 105 82 391 0.602276
9613 chair 148 4 321 220 0.744549
9613 chair 351 28 574 344 0.769
9613 chair 235 14 426 236 0.796761
9613 chair 128 0 247 156 0.853136
9613 chair 0 141 169 423 0.89585
9613 chair 21 193 301 441 0.947918
9614 chair 222 384 315 440 0.493708
9614 chair 233 195 444 259 0.531962
9614 chair 478 88 590 256 0.777423
9614 desk 1 85 491 298 0.779361
9614 table 222 234 589 440 0.853629
9614 chair 0 131 155 433 0.913275
9615 chair 33 94 211 330 0.755021
9615 chair 366 78 590 226 0.863202
9615 chair 195 0 287 119 0.912112
9615 table 63 119 589 440 0.936063
9615 chair 124 244 371 439 0.940823
9616 desk 17 117 518 351 0.874229
9616 chair 224 170 492 441 0.973499
9617 desk 100 122 577 427 0.817388
9617 chair 299 165 495 434 0.936699
9617 chair 1 148 151 441 0.950038
9618 chair 447 75 569 178 0.373545
9618 chair 453 99 590 255 0.437778
9618 chair 560 85 590 263 0.484793
9618 chair 412 46 508 117 0.498624
9618 chair 512 59 587 156 0.518681
9618 chair 196 185 519 441 0.742093
9618 chair 242 84 363 248 0.744674
9618 chair 14 119 249 419 0.83232
9618 chair 409 117 533 293 0.835979
9619 chair 242 93 414 251 0.662398
9619 chair 510 61 591 178 0.693725
9619 chair 114 110 249 286 0.844653
9619 chair 399 73 534 248 0.885991
9619 chair 34 274 349 441 0.90697
9619 chair 377 175 591 441 0.943235
9620 chair 0 151 117 440 0.780014
9620 chair 413 99 585 320 0.871005
9620 chair 232 99 360 311 0.904112
9620 chair 7 94 145 312 0.914489
9620 chair 292 163 565 439 0.953962
9621 chair 271 53 378 182 0.374169
9621 chair 58 58 169 173 0.435585
9621 table 151 272 426 440 0.482132
9621 chair 464 71 578 183 0.634828
9621 chair 68 116 245 362 0.806345
9621 chair 327 115 572 427 0.843245
9621 chair 217 78 328 278 0.852867
9622 chair 0 75 45 240 0.400962
9622 chair 0 91 82 325 0.691511
9622 table 453 137 591 425 0.746784
9622 chair 26 92 282 362 0.869024
9622 chair 260 110 529 440 0.981488
9623 chair 266 14 359 114 0.45256
9623 chair 469 9 589 148 0.634135
9623 chair 357 21 471 135 0.645039
9623 chair 504 37 591 225 0.895544
9623 table 216 110 572 440 0.917671
9623 chair 0 180 247 440 0.96503
9625 chair 214 133 384 441 0.459424
9625 chair 138 132 336 345 0.814899
9625 chair 479 74 590 209 0.835668
9625 chair 334 99 486 320 0.939374
9625 chair 291 203 586 441 0.943096
9626 chair 512 126 570 175 0.60998
9626 desk 216 86 410 323 0.778817
9626 table 484 238 590 441 0.82905
9626 table 373 134 591 364 0.905108
9627 table 2 119 242 435 0.362713
9627 chair 188 51 277 176 0.493108
9627 chair 161 165 422 441 0.587543
9627 table 0 104 105 390 0.642909
9627 chair 5 116 242 434 0.656263
9627 chair 52 98 118 157 0.718938
9627 table 309 82 590 328 0.729892
9627 chair 0 84 49 135 0.768395
9627 chair 256 58 358 163 0.827363
9627 chair 353 68 475 246 0.85617
9627 chair 452 82 590 276 0.893911
9627 table 0 162 515 439 0.96326
9628 table 276 62 426 172 0.422942
9628 chair 500 70 591 243 0.763586
9628 table 422 98 590 251 0.88767
9628 table 100 172 504 441 0.945201
9628 chair 0 208 160 441 0.967722
9629 chair 223 141 423 437 0.631414
9629 table 0 161 425 440 0.975477
9630 chair 551 44 590 173 0.374314
9630 table 66 143 573 441 0.947059
9630 chair 208 88 372 211 0.949182
9630 chair 14 122 222 403 0.953632
9631 table 0 9 181 86 0.385935
9631 chair 0 47 42 207 0.424064
9631 table 418 83 591 246 0.438014
9631 chair 42 0 101 18 0.651189
9631 table 0 77 180 234 0.713034
9631 chair 457 55 537 130 0.785673
9631 chair 188 17 290 140 0.798259
9631 table 98 37 356 212 0.803992
9631 chair 174 120 369 331 0.806179
9631 chair 0 220 237 434 0.837243
9631 chair 361 88 467 188 0.896053
9631 table 5 187 591 440 0.897733
9632 chair 106 59 211 275 0.381049
9632 desk 177 154 591 440 0.509345
9632 chair 113 59 206 112 0.54589
9632 chair 0 87 105 268 0.54946
9632 table 178 156 591 440 0.585708
9632 table 0 87 330 439 0.830138
9632 chair 340 117 477 230 0.876612
9632 chair 96 147 357 440 0.924617
9633 chair 0 86 84 328 0.628206
9633 chair 283 121 487 430 0.924032
9633 chair 50 95 252 370 0.954872
9634 chair 155 84 331 337 0.849067
9634 table 112 72 472 412 0.977357
9635 chair 0 129 54 328 0.392677
9635 chair 123 68 269 239 0.516605
9635 chair 393 26 489 145 0.705722
9635 chair 185 88 348 300 0.771638
9635 chair 1 316 321 440 0.840047
9635 chair 487 65 591 260 0.86609
9635 chair 350 54 461 200 0.869425
9635 chair 0 194 187 440 0.916829
9635 chair 303 122 579 412 0.951198
9636 chair 415 0 494 29 0.363176
9636 chair 0 131 46 440 0.397723
9636 chair 0 0 70 62 0.398364
9636 chair 369 11 492 136 0.411389
9636 chair 272 0 337 59 0.445639
9636 chair 546 18 591 261 0.472076
9636 chair 216 5 295 141 0.505826
9636 chair 128 26 250 209 0.611748
9636 chair 0 12 88 154 0.790608
9636 chair 0 135 108 438 0.81436
9636 chair 75 0 142 69 0.832903
9636 chair 1 69 172 325 0.870575
9636 chair 260 55 469 313 0.909356
9636 chair 96 122 428 438 0.964813
9637 chair 504 66 590 299 0.415144
9637 chair 411 38 551 296 0.565414
9637 chair 0 0 81 156 0.840336
9637 chair 186 96 496 441 0.847736
9637 chair 18 51 173 316 0.87159
9637 chair 171 17 296 200 0.881302
9637 chair 42 200 381 441 0.939994
9638 desk 406 183 591 440 0.431375
9638 desk 0 43 499 348 0.738841
9638 chair 209 90 348 306 0.925909
9638 chair 109 46 232 248 0.954747
9639 desk 0 168 49 323 0.542889
9639 desk 53 126 583 339 0.849831
9639 chair 382 204 517 370 0.927855
9639 chair 261 182 411 401 0.946518
9640 chair 415 228 591 441 0.91021
9641 table 468 265 591 441 0.443551
9641 table 0 336 382 439 0.491316
9641 chair 0 184 305 406 0.841887
9641 chair 339 101 547 398 0.882841
9642 chair 540 119 591 398 0.366503
9642 chair 0 128 132 429 0.946654
9643 table 197 9 376 142 0.508962
9643 chair 327 6 388 113 0.790161
9643 chair 368 48 509 292 0.959815
9644 chair 162 216 398 440 0.717335
9644 desk 293 67 494 167 0.73007
9644 chair 331 113 515 427 0.742358
9644 desk 0 125 405 439 0.789611
9644 chair 477 21 590 332 0.956011
9645 chair 247 106 371 435 0.501419
9645 chair 0 114 38 431 0.514782
9645 desk 243 63 591 435 0.579837
9645 chair 215 62 287 320 0.724955
9645 chair 250 192 476 440 0.929275
9646 desk 211 182 590 438 0.895686
9646 chair 274 198 503 441 0.935701
9647 desk 0 87 582 421 0.45224
9647 desk 0 114 323 300 0.608179
9649 chair 548 140 591 222 0.372254
9649 chair 270 195 399 427 0.586424
9649 chair 112 274 344 417 0.712262
9649 chair 406 135 474 270 0.736461
9649 chair 358 162 443 337 0.809784
9649 chair 498 240 591 441 0.851483
9650 chair 205 251 306 376 0.709345
9650 chair 107 252 201 352 0.736567
9650 chair 2 284 155 440 0.900824
9651 chair 1 116 107 238 0.83628
9651 table 239 135 488 411 0.946052
9652 table 367 185 591 440 0.433513
9652 chair 0 105 139 338 0.85462
9652 chair 115 112 319 382 0.92081
9652 chair 292 132 511 439 0.9435
9653 chair 2 108 150 249 0.427463
9653 chair 28 82 103 117 0.467918
9653 chair 15 155 229 366 0.658693
9653 chair 324 100 461 312 0.758779
9653 chair 98 223 503 439 0.817045
9653 chair 470 70 591 199 0.82427
9653 chair 412 137 591 432 0.900609
9654 chair 36 77 136 215 0.700802
9654 chair 230 65 330 175 0.700827
9654 chair 264 70 376 197 0.721208
9654 chair 80 108 201 235 0.823996
9654 chair 307 79 435 228 0.857673
9654 chair 372 99 516 277 0.872601
9654 chair 477 119 590 332 0.897758
9654 chair 79 183 281 439 0.952915
9655 chair 323 20 404 80 0.396408
9655 chair 0 123 141 404 0.477331
9655 chair 122 37 225 157 0.50762
9655 chair 213 48 366 209 0.671662
9655 chair 279 62 426 254 0.733988
9655 chair 395 73 590 365 0.90755
9655 chair 2 166 324 440 0.951183
9656 chair 292 139 487 441 0.961404
9657 chair 201 93 310 255 0.67981
9657 chair 470 0 590 119 0.822895
9657 table 274 58 566 372 0.944993
9657 chair 174 181 422 440 0.963095
9658 chair 428 80 580 322 0.832451
9658 chair 312 55 463 299 0.893322
9659 chair 0 97 79 289 0.606901
9659 chair 252 76 397 256 0.680592
9659 chair 0 204 106 440 0.736378
9659 chair 221 44 327 178 0.788972
9659 chair 56 91 240 293 0.808173
9659 chair 131 158 327 441 0.9275
9659 chair 349 159 589 440 0.966266
9660 chair 506 101 591 224 0.420148
9660 chair 307 194 574 440 0.961759
9661 chair 106 64 203 171 0.432416
9661 chair 559 79 590 192 0.483999
9661 chair 410 117 560 332 0.758036
9661 chair 496 190 591 440 0.848488
9661 chair 73 97 230 285 0.895481
9661 chair 244 129 428 413 0.91996
9662 chair 0 31 84 141 0.461829
9662 chair 401 40 523 182 0.837276
9662 table 14 74 291 376 0.916944
9662 chair 344 81 574 369 0.958385
9663 table 89 85 278 324 0.503357
9663 chair 0 60 119 280 0.72875
9663 chair 90 61 277 316 0.806382
9663 chair 216 175 555 441 0.863927
9664 chair 411 133 591 351 0.481144
9664 chair 184 219 561 440 0.494804
9664 chair 521 24 590 95 0.613235
9664 chair 320 6 406 169 0.755186
9664 chair 491 94 591 177 0.832621
9664 chair 0 107 127 425 0.90439
9664 chair 73 61 241 304 0.919345
9664 chair 213 30 335 230 0.930238
9665 chair 184 40 237 81 0.488177
9665 chair 325 68 475 214 0.801241
9665 chair 324 103 538 359 0.943312
9665 table 50 80 316 367 0.963707
9666 chair 493 0 591 31 0.477699
9666 table 492 208 591 440 0.587105
9666 chair 506 33 591 108 0.655474
9666 chair 491 130 591 439 0.665107
9666 chair 0 11 50 138 0.669053
9666 chair 176 0 296 218 0.776819
9666 chair 106 39 248 309 0.831983
9666 chair 0 133 226 441 0.941541
9667 chair 0 0 142 222 0.726095
9667 chair 110 100 320 387 0.862559
9667 chair 254 143 524 440 0.96931
9668 chair 73 39 177 159 0.447502
9668 chair 173 31 266 143 0.506702
9668 chair 69 64 236 317 0.518562
9668 chair 7 42 77 147 0.556884
9668 chair 7 70 106 187 0.583087
9668 chair 328 236 591 440 0.709606
9668 chair 225 56 337 198 0.749633
9668 chair 0 153 109 441 0.905272
9668 chair 312 101 480 342 0.935525
9668 chair 140 127 329 416 0.937159
9669 desk 251 107 591 439 0.409423
9669 table 359 51 529 124 0.450168
9669 table 250 107 591 439 0.519675
9669 chair 354 51 388 92 0.641193
9669 chair 198 79 326 283 0.868852
9670 chair 1 123 91 253 0.496312
9670 chair 430 49 590 322 0.592474
9670 chair 0 176 75 433 0.704177
9670 table 159 115 575 440 0.862972
9671 table 304 119 591 344 0.411712
9671 chair 9 101 174 328 0.589864
9671 chair 303 91 447 328 0.633069
9671 chair 0 227 161 440 0.648727
9671 chair 250 71 347 230 0.653974
9671 chair 393 120 590 441 0.901434
9672 chair 515 271 591 441 0.661534
9673 chair 125 101 221 281 0.373826
9673 chair 0 174 138 437 0.720824
9673 chair 196 166 474 440 0.799872
9673 chair 81 269 336 441 0.80305
9673 chair 388 54 557 393 0.926411
9675 chair 341 0 443 129 0.365896
9675 table 351 0 590 273 0.366798
9675 chair 180 91 590 440 0.715783
9675 table 171 94 590 441 0.774731
9678 chair 415 53 546 267 0.545957
9678 chair 135 99 276 287 0.598119
9678 chair 352 133 522 441 0.796605
9678 chair 8 151 204 372 0.880518
9679 chair 449 82 590 276 0.445909
9679 chair 282 73 360 205 0.50776
9679 chair 434 158 589 439 0.805584
9679 chair 82 204 283 440 0.819513
9679 chair 247 100 366 288 0.892752
9679 chair 179 138 328 374 0.925408
9680 chair 439 63 579 271 0.89574
9680 table 120 122 550 440 0.952271
9681 chair 139 146 282 348 0.448906
9681 chair 103 128 217 290 0.496952
9681 chair 205 177 424 439 0.856229
9681 chair 348 238 590 439 0.887764
9682 chair 405 88 566 279 0.410293
9682 table 433 153 590 441 0.683082
9682 chair 431 128 591 441 0.77494
9682 chair 78 185 386 441 0.798692
9683 chair 122 271 421 441 0.88926
9685 desk 287 222 591 440 0.429457
9689 chair 438 125 590 310 0.402543
9689 chair 505 219 591 440 0.407871
9689 chair 0 362 222 441 0.509806
9689 chair 89 170 259 356 0.585103
9689 chair 32 157 129 305 0.613607
9689 chair 321 194 538 440 0.670094
9689 chair 174 181 369 398 0.75643
9689 chair 77 163 184 326 0.76221
9690 chair 327 39 390 89 0.447667
9690 chair 107 126 330 228 0.466336
9690 chair 0 222 165 440 0.469812
9690 chair 470 23 548 60 0.474411
9690 chair 352 66 441 119 0.481317
9690 chair 548 50 591 111 0.496227
9690 chair 322 119 455 229 0.505082
9690 chair 271 72 349 126 0.519466
9690 chair 227 119 452 300 0.568496
9690 chair 394 29 463 72 0.582435
9690 chair 443 57 541 128 0.584792
9690 chair 462 113 591 421 0.658414
9690 chair 291 230 591 441 0.804193
9690 chair 5 222 349 440 0.914339
9692 table 0 164 67 298 0.492932
9692 chair 0 165 84 300 0.576911
9692 chair 74 166 198 332 0.710578
9692 table 21 172 223 343 0.768579
9692 chair 201 162 348 402 0.841589
9692 chair 364 144 591 441 0.955267
9693 chair 3 192 169 354 0.759439
9693 table 0 195 181 384 0.775293
9693 chair 396 108 558 403 0.844017
9693 chair 160 159 344 387 0.857292
9694 chair 223 135 441 358 0.406951
9694 chair 472 189 591 436 0.418842
9694 chair 306 115 432 283 0.51898
9694 chair 112 108 208 272 0.65975
9694 chair 483 142 590 324 0.685369
9694 table 443 154 591 400 0.772743
9694 table 223 141 480 382 0.901063
9694 table 0 131 295 334 0.906041
9695 chair 1 112 107 251 0.57832
9695 chair 39 101 144 224 0.764948
9697 sofa 0 236 271 440 0.364551
9698 sofa 20 238 341 441 0.483173
9698 sofa 425 202 591 441 0.574061
9698 table 262 196 409 328 0.574899
9701 desk 0 6 138 310 0.501098
9701 chair 383 66 590 418 0.952962
9702 chair 113 155 289 376 0.949642
9702 chair 454 75 591 290 0.951736
9702 table 244 118 549 343 0.972797
9703 chair 287 76 423 305 0.689753
9703 table 107 123 423 395 0.94047
9704 table 62 111 429 343 0.904039
9704 chair 379 72 544 314 0.933523
9704 chair 108 179 295 441 0.949001
9705 chair 61 108 350 385 0.825118
9706 chair 3 87 324 367 0.789884
9706 chair 257 176 589 440 0.974152
9707 bed 332 153 528 392 0.533827
9708 table 257 202 461 363 0.75376
9709 chair 132 302 343 440 0.449048
9710 sofa 205 204 492 440 0.49447
9713 table 0 87 410 441 0.559962
9714 chair 10 230 164 320 0.762012
9714 chair 0 317 214 441 0.778511
9714 chair 114 259 380 441 0.779944
9714 chair 221 220 405 398 0.867615
9716 chair 212 105 263 182 0.442045
9716 table 0 152 88 281 0.459856
9716 chair 338 74 413 183 0.513568
9716 chair 274 132 381 284 0.660728
9716 chair 378 78 462 210 0.675883
9716 chair 0 187 72 319 0.709641
9716 table 133 175 378 429 0.798563
9716 chair 366 138 529 400 0.816241
9716 chair 84 129 168 253 0.863528
9716 chair 7 293 222 441 0.88192
9716 chair 212 238 443 441 0.926582
9718 chair 99 100 187 229 0.430816
9718 chair 546 0 591 132 0.50571
9718 chair 363 27 443 110 0.513277
9718 chair 262 47 329 123 0.535464
9718 table 203 110 423 361 0.613527
9718 chair 204 50 269 143 0.617875
9718 chair 398 62 560 249 0.801038
9718 chair 126 111 303 317 0.921589
9718 chair 320 196 553 441 0.930597
9718 chair 3 227 272 441 0.956592
9720 table 120 100 374 380 0.378349
9720 chair 310 67 431 273 0.754054
9720 chair 86 230 351 441 0.928502
9720 chair 353 93 569 422 0.94531
9720 chair 0 153 180 407 0.958498
9721 chair 416 0 551 210 0.373373
9721 chair 330 0 576 418 0.714891
9721 table 41 67 342 400 0.765743
9721 chair 0 122 131 437 0.809928
9722 table 217 126 514 372 0.896654
9723 chair 419 115 526 274 0.457556
9723 chair 25 171 156 346 0.762814
9723 chair 397 148 528 359 0.862149
9723 table 191 142 470 353 0.868529
9723 chair 281 173 427 410 0.936418
9723 chair 57 196 243 413 0.953669
9724 table 87 228 417 434 0.452582
9725 table 86 209 508 441 0.925946
9727 table 250 186 515 420 0.723724
9728 table 100 223 370 440 0.58325
9728 chair 0 208 199 441 0.939137
9729 chair 232 138 443 440 0.725051
9729 chair 0 194 211 440 0.902207
9730 chair 65 195 235 434 0.6221
9730 chair 256 157 432 441 0.827748
9731 chair 317 117 461 387 0.630216
9731 chair 166 164 332 403 0.761335
9731 chair 0 171 168 441 0.880001
9732 chair 0 151 70 329 0.440119
9732 chair 207 100 354 319 0.606641
9732 chair 61 139 277 439 0.744655
9732 chair 289 139 497 439 0.94833
9733 chair 530 63 591 328 0.394033
9733 chair 352 72 487 272 0.470053
9733 chair 343 101 530 433 0.546226
9733 chair 61 126 279 425 0.640536
9733 chair 168 90 321 334 0.851823
9734 chair 278 102 464 439 0.663342
9734 chair 3 124 222 431 0.802368
9735 table 296 0 431 71 0.382482
9735 table 0 83 200 274 0.393192
9735 chair 59 186 229 357 0.543138
9735 chair 240 44 344 206 0.709284
9735 chair 335 29 438 198 0.721195
9735 table 81 75 343 279 0.766341
9735 table 254 68 518 288 0.829306
9735 chair 428 25 524 192 0.861648
9735 chair 507 143 591 433 0.874298
9735 chair 226 231 471 441 0.951812
9736 chair 129 79 193 143 0.474381
9736 chair 49 136 195 325 0.484746
9736 chair 0 98 63 185 0.493592
9736 chair 263 82 332 117 0.506677
9736 chair 51 136 144 180 0.511206
9736 chair 159 105 235 146 0.634478
9736 chair 389 69 494 238 0.646622
9736 chair 182 171 358 434 0.707368
9736 chair 59 89 125 140 0.708507
9736 table 0 94 537 441 0.712925
9736 chair 301 132 452 366 0.75467
9736 chair 427 100 566 318 0.852648
9736 chair 34 236 249 440 0.905482
9737 chair 228 15 305 123 0.547192
9737 chair 475 1 589 149 0.574849
9737 chair 473 51 585 264 0.598605
9737 chair 347 6 455 136 0.773739
9737 table 26 114 304 371 0.774524
9737 chair 42 109 166 298 0.843627
9737 chair 0 240 176 441 0.851383
9737 chair 498 199 591 440 0.88971
9737 table 143 132 556 441 0.952785
9738 table 285 5 591 291 0.362289
9738 chair 224 103 448 437 0.802706
9738 chair 138 34 274 282 0.807578
9738 chair 430 44 591 271 0.871718
9738 table 77 53 446 365 0.874543
9738 chair 0 232 210 440 0.888483
9739 chair 334 2 408 108 0.401528
9739 chair 534 70 591 272 0.453287
9739 chair 293 15 374 113 0.502865
9739 table 0 94 117 282 0.532103
9739 chair 0 118 84 343 0.57952
9739 chair 1 81 105 247 0.614531
9739 chair 470 63 590 286 0.713119
9739 chair 51 87 177 267 0.740122
9739 chair 247 98 413 297 0.764912
9739 chair 426 252 591 441 0.770367
9739 table 251 101 591 440 0.897406
9739 chair 191 199 454 440 0.944931
9740 chair 0 0 50 69 0.377409
9740 chair 264 0 349 71 0.499713
9740 chair 204 0 285 91 0.665115
9740 chair 301 63 489 379 0.79339
9740 chair 42 132 290 420 0.859735
9740 table 93 79 475 410 0.866148
9741 table 0 0 137 199 0.544446
9741 chair 0 4 120 190 0.582529
9741 chair 258 0 369 48 0.64132
9741 chair 144 30 290 246 0.815775
9741 table 142 46 497 387 0.858576
9741 chair 5 185 298 441 0.964188
9741 chair 270 148 527 439 0.973147
9742 chair 243 48 328 233 0.365494
9742 chair 183 70 252 222 0.48516
9742 chair 399 65 512 228 0.799358
9742 chair 328 100 496 329 0.897591
9742 chair 78 185 296 438 0.922739
9742 table 106 27 468 354 0.937793
9743 chair 463 189 591 437 0.390932
9743 chair 0 75 30 236 0.475636
9743 chair 240 34 323 141 0.551177
9743 chair 104 97 221 270 0.72315
9743 chair 43 68 141 230 0.729179
9743 chair 0 95 124 309 0.731921
9743 table 16 82 247 271 0.738455
9743 chair 195 115 373 361 0.839436
9743 table 243 122 590 440 0.90634
9743 chair 265 236 494 440 0.962703
9744 chair 375 0 443 83 0.398626
9744 chair 112 37 207 138 0.474819
9744 chair 356 55 510 247 0.480504
9744 chair 0 77 100 233 0.52031
9744 chair 449 8 544 158 0.596473
9744 chair 274 0 357 88 0.628869
9744 chair 0 32 85 180 0.629014
9744 table 464 0 591 166 0.654187
9744 chair 159 75 348 332 0.70375
9744 table 0 32 193 203 0.73741
9744 table 129 83 476 416 0.838406
9744 chair 47 189 277 441 0.940727
9744 chair 265 230 476 441 0.944841
9745 chair 43 120 128 186 0.391509
9745 chair 84 188 297 438 0.785385
9745 chair 218 109 336 296 0.848374
9745 chair 0 192 122 434 0.89342
9746 table 139 54 394 418 0.435075
9746 chair 283 25 438 285 0.480958
9746 chair 8 72 258 440 0.580634
9746 chair 290 77 545 441 0.951586
9747 table 12 138 493 441 0.86834
9748 chair 368 67 498 287 0.603557
9748 chair 0 105 138 433 0.60774
9748 chair 332 51 437 242 0.615299
9748 chair 526 81 590 294 0.668244
9748 table 19 111 250 399 0.717861
9748 chair 179 88 341 388 0.759291
9748 chair 236 133 470 440 0.961203
9749 chair 513 0 681 350 0.499835
9749 chair 328 0 576 435 0.851797
9749 chair 63 39 408 529 0.919051
9750 chair 0 56 225 466 0.744603
9750 chair 195 34 490 490 0.79982
9750 chair 473 10 679 496 0.902489
9751 chair 55 177 405 526 0.479039
9751 table 55 180 406 528 0.517924
9752 desk 44 88 588 529 0.690139
9752 chair 0 15 105 183 0.691948
9752 table 43 89 591 528 0.704503
9752 chair 315 160 584 531 0.887893
9753 desk 0 29 378 529 0.755705
9754 chair 0 8 114 216 0.804463
9754 chair 545 181 681 528 0.869353
9754 chair 96 43 333 286 0.937764
9754 table 225 71 608 445 0.955992
9754 chair 73 207 415 530 0.97393
9755 chair 330 16 491 289 0.885804
9755 table 249 54 640 409 0.891826
9755 chair 0 129 320 527 0.896464
9755 chair 43 20 288 266 0.935356
9755 chair 327 238 680 531 0.937901
9756 chair 0 4 236 340 0.870313
9756 chair 405 73 680 446 0.939447
9756 chair 15 291 423 529 0.941505
9756 table 48 41 506 329 0.949588
9757 chair 202 23 375 304 0.705132
9757 chair 0 117 208 487 0.708519
9757 chair 360 163 679 528 0.911939
9757 table 153 42 653 410 0.929973
9758 chair 1 76 184 285 0.626725
9758 table 1 19 194 259 0.743151
9758 chair 185 16 318 220 0.801662
9758 table 317 83 681 521 0.835373
9758 chair 494 61 680 362 0.861399
9758 chair 261 64 462 351 0.920174
9758 chair 213 314 602 531 0.947768
9759 chair 22 108 234 208 0.445625
9759 chair 406 290 679 530 0.634231
9759 table 102 108 625 531 0.849794
9759 chair 75 258 479 528 0.940119
9760 chair 578 90 681 294 0.422882
9760 chair 569 77 681 173 0.449675
9760 chair 393 81 459 144 0.494908
9760 desk 97 151 610 531 0.615812
9760 chair 99 156 338 362 0.705042
9760 chair 69 271 401 530 0.943664
9760 chair 415 215 680 529 0.951191
9761 chair 612 146 680 359 0.523791
9761 chair 469 158 626 422 0.859974
9761 chair 186 121 326 336 0.91045
9761 chair 301 112 467 378 0.937152
9762 chair 0 80 359 531 0.857611
9763 table 387 188 681 394 0.573944
9763 chair 86 206 510 529 0.594916
9763 chair 442 69 648 199 0.754592
9763 chair 152 27 300 170 0.848282
9763 chair 291 45 440 178 0.852963
9764 table 201 2 609 477 0.953928
9765 chair 201 290 460 529 0.799379
9765 table 135 45 681 523 0.949433
9768 bed 433 133 681 531 0.489062
9770 sofa 503 148 681 530 0.487098
9771 sofa 0 82 222 508 0.547647
9771 table 244 123 486 301 0.880914
9772 table 620 136 681 357 0.42185
9774 table 29 130 208 315 0.485178
9774 table 329 258 681 531 0.965791
9775 table 90 151 239 230 0.435822
9775 table 419 109 555 284 0.538823
9777 chair 202 168 348 365 0.822724
9777 chair 113 252 385 529 0.921132
9777 chair 41 133 186 347 0.931838
9777 table 210 130 681 531 0.953019
9778 chair 29 216 325 528 0.809129
9778 chair 422 142 659 443 0.930114
9779 table 199 162 476 332 0.54191
9779 chair 507 174 681 496 0.551392
9779 sofa 0 252 353 529 0.602867
9780 table 0 245 373 531 0.872816
9781 desk 53 16 418 531 0.514546
9781 chair 420 258 489 464 0.617649
9782 desk 0 82 680 531 0.592726
9783 chair 0 209 83 531 0.618256
9784 chair 146 52 333 358 0.935831
9785 table 507 0 681 164 0.720531
9785 chair 440 0 552 159 0.867705
9785 chair 0 100 237 406 0.873987
9785 table 134 127 542 520 0.956854
9785 chair 363 228 652 528 0.969781
9786 chair 509 19 595 150 0.499166
9786 chair 460 221 681 529 0.824901
9786 chair 71 117 292 461 0.940141
9787 chair 499 204 681 433 0.37737
9787 chair 135 77 405 390 0.726162
9787 chair 326 289 652 528 0.961764
9788 chair 173 115 399 445 0.931228
9789 table 1 193 580 531 0.478219
9790 toilet 263 186 590 472 0.954512
9793 chair 327 4 451 157 0.390315
9793 table 328 87 631 441 0.66341
9793 chair 50 29 253 204 0.766057
9793 chair 248 48 455 312 0.89061
9793 chair 515 62 679 336 0.942339
9793 chair 113 167 427 529 0.960829
9794 table 141 122 347 278 0.450906
9794 chair 158 144 271 325 0.800251
9794 table 0 112 118 267 0.8629
9795 table 341 141 605 370 0.645587
9795 chair 182 147 339 393 0.836832
9795 table 373 219 681 528 0.913723
9795 chair 196 238 446 529 0.945752
9796 chair 537 29 634 154 0.400472
9796 table 207 105 604 461 0.433923
9796 table 0 66 128 232 0.465593
9796 chair 204 18 281 147 0.527989
9796 chair 461 119 671 420 0.83388
9796 chair 50 73 216 278 0.891199
9796 chair 1 224 320 528 0.958283
9797 chair 306 27 681 530 0.5609
9797 chair 48 34 334 444 0.59364
9797 chair 383 23 665 324 0.792373
9798 chair 209 28 438 266 0.730317
9798 chair 480 41 680 251 0.833862
9798 chair 0 60 139 331 0.925907
9798 chair 441 156 681 519 0.936924
9798 chair 145 134 409 511 0.965337
9799 table 296 117 570 394 0.540679
9799 table 51 110 350 368 0.657553
9799 chair 74 166 265 416 0.883992
9799 chair 334 180 504 443 0.900687
9800 table 511 156 681 531 0.578535
9800 chair 468 257 679 530 0.867821
9800 chair 24 106 269 431 0.959144
9800 table 254 66 602 372 0.98321
9801 chair 444 108 549 313 0.398476
9801 table 299 65 530 166 0.721585
9801 table 579 50 680 222 0.801088
9802 chair 589 0 679 100 0.746971
9802 chair 512 39 666 239 0.757212
9802 table 353 44 584 250 0.806134
9802 table 0 120 432 509 0.844991
9802 chair 289 177 559 529 0.976522
9803 table 295 110 432 148 0.420109
9803 chair 472 126 600 315 0.843658
9803 table 176 219 584 529 0.925167
9803 chair 527 232 680 528 0.93302
9804 desk 0 180 452 531 0.451115
9805 table 1 133 240 409 0.49471
9805 table 417 89 678 374 0.604896
9805 chair 0 263 224 530 0.889767
9805 chair 459 130 654 388 0.902488
9806 chair 0 208 136 434 0.821515
9806 table 121 134 336 326 0.918371
9806 chair 269 158 402 373 0.922277
9807 chair 0 155 93 524 0.4157
9807 table 2 0 679 500 0.711744
9807 chair 556 0 678 298 0.835416
9807 chair 21 125 371 530 0.941159
9807 chair 323 98 582 505 0.971418
9809 sofa 481 97 679 309 0.378106
9809 table 1 104 162 189 0.645635
9809 table 55 237 512 531 0.7664
9811 chair 9 313 223 531 0.525279
9811 toilet 365 65 609 447 0.970859
9813 table 222 125 681 526 0.924236
9813 chair 4 155 199 416 0.929877
9813 chair 349 244 606 530 0.956544
9814 table 373 61 681 405 0.45266
9814 chair 424 203 676 530 0.935447
9815 table 270 98 680 529 0.713511
9815 chair 207 89 282 257 0.866315
9815 chair 0 158 266 495 0.951078
9816 table 123 106 669 527 0.934243
9816 chair 211 229 493 530 0.962471
9817 sofa 0 83 433 529 0.472435
9817 table 257 108 474 203 0.825661
9818 chair 0 0 69 145 0.50056
9818 sofa 0 154 166 529 0.615664
9818 table 256 235 680 531 0.647664
9819 chair 194 20 351 240 0.446125
9819 chair 0 100 157 343 0.525701
9819 chair 517 10 658 256 0.606425
9819 chair 361 15 525 270 0.611607
9819 table 156 50 669 451 0.744688
9819 chair 0 154 265 530 0.832801
9819 chair 206 209 530 531 0.972623
9820 chair 120 32 220 111 0.455394
9820 table 347 152 543 237 0.916046
9821 table 2 251 425 531 0.881098
9823 chair 170 34 343 293 0.457853
9823 chair 456 25 680 372 0.567958
9823 table 167 77 681 513 0.932768
9823 chair 0 190 377 531 0.952672
9824 chair 0 62 116 231 0.394355
9824 chair 567 15 677 154 0.733523
9824 chair 0 98 144 379 0.77117
9824 chair 526 146 681 495 0.869471
9824 chair 281 55 446 281 0.895032
9824 chair 92 131 388 527 0.971673
9825 chair 0 161 57 367 0.472215
9825 chair 130 64 237 138 0.485165
9825 chair 80 40 134 140 0.501813
9825 chair 329 67 439 251 0.503561
9825 chair 252 40 335 131 0.544517
9825 chair 0 273 144 530 0.599893
9825 chair 555 45 643 183 0.748744
9825 chair 547 284 680 527 0.790037
9825 table 2 125 632 422 0.906136
9825 chair 159 194 408 530 0.941767
9826 chair 615 0 680 156 0.714483
9826 table 93 52 564 380 0.871931
9826 chair 345 17 550 311 0.877831
9826 chair 383 196 679 530 0.911858
9826 chair 31 126 323 476 0.917858
9827 desk 379 207 679 529 0.637667
9827 chair 0 34 223 431 0.724245
9827 chair 499 7 681 353 0.824127
9827 chair 113 53 497 524 0.940128
9828 chair 457 127 681 447 0.782402
9828 chair 11 169 356 530 0.942784
9828 table 187 143 679 524 0.961076
9829 table 396 70 545 191 0.494834
9829 chair 445 54 510 137 0.542492
9829 chair 396 80 476 150 0.546357
9829 chair 495 63 591 206 0.596643
9829 chair 323 104 427 300 0.635816
9829 chair 101 126 252 357 0.861442
9829 table 160 140 468 374 0.8623
9829 chair 364 132 553 405 0.935862
9829 chair 156 185 375 478 0.943242
9830 chair 242 53 377 263 0.644947
9830 chair 265 217 521 527 0.801113
9830 chair 495 66 679 382 0.821477
9830 chair 6 106 286 492 0.853297
9830 table 181 103 592 445 0.870631
9831 chair 436 37 515 147 0.390574
9831 chair 623 94 681 248 0.453927
9831 table 616 140 680 376 0.492401
9831 chair 0 96 61 288 0.529232
9831 table 0 78 107 228 0.559817
9831 chair 515 69 627 227 0.67022
9831 chair 388 47 502 215 0.7732
9831 table 424 55 629 231 0.784687
9831 chair 0 203 186 529 0.840138
9831 chair 72 59 188 234 0.893375
9831 chair 518 148 680 482 0.939989
9832 table 65 85 545 470 0.947231
9833 chair 568 106 681 279 0.397599
9833 table 191 54 546 358 0.921519
9834 sofa 0 121 236 500 0.650003
9834 table 335 205 643 440 0.797247
9835 table 416 263 679 530 0.54124
9836 table 13 45 681 522 0.760886
9837 sofa 288 74 681 375 0.703463
9838 chair 0 16 72 262 0.700701
9838 chair 311 53 644 531 0.891299
9838 chair 112 15 308 262 0.918072
9839 table 0 180 475 531 0.647019
9840 chair 153 0 391 340 0.376452
9840 chair 0 0 211 524 0.65453
9841 chair 597 371 681 529 0.707228
9841 chair 471 401 638 529 0.788041
9841 table 572 413 681 531 0.797867
9842 table 402 0 680 134 0.530144
9842 chair 340 2 414 73 0.648885
9842 chair 192 37 329 130 0.844788
9842 chair 209 306 653 531 0.854228
9842 table 1 66 637 526 0.941309
9843 chair 277 79 402 334 0.388758
9843 table 73 110 640 499 0.445769
9843 bookshelf 220 1 441 131 0.464926
9843 chair 0 145 81 376 0.484971
9843 chair 278 77 396 129 0.58852
9843 chair 92 87 239 358 0.816319
9843 chair 175 206 403 527 0.916073
9843 chair 414 200 681 504 0.944759
9844 chair 410 8 509 146 0.70556
9844 table 504 21 679 164 0.854032
9844 chair 386 50 512 279 0.894018
9844 chair 213 286 505 529 0.915566
9844 chair 160 82 463 424 0.943353
9845 chair 10 16 96 49 0.477505
9845 chair 1 17 131 205 0.636054
9845 chair 120 27 239 227 0.782572
9845 table 1 43 240 248 0.819633
9845 chair 0 77 150 308 0.847854
9846 table 80 41 255 127 0.380802
9846 chair 361 1 678 384 0.839626
9847 table 0 175 157 528 0.569239
9847 sofa 83 2 680 495 0.888167
9848 chair 498 121 681 526 0.480463
9851 chair 63 267 408 531 0.95581
9852 chair 537 33 680 527 0.552058
9853 sofa 416 190 680 530 0.855943
9854 chair 337 204 589 527 0.974761
9855 chair 54 68 299 328 0.887757
9855 chair 427 40 640 341 0.90185
9855 chair 502 145 681 528 0.932453
9855 chair 0 198 363 531 0.943321
9856 desk 0 6 679 530 0.480183
9857 chair 0 89 118 265 0.536577
9857 table 243 0 655 242 0.657481
9857 table 0 234 58 529 0.720345
9857 chair 458 0 642 190 0.792963
9857 chair 142 135 408 353 0.79456
9857 chair 413 182 681 525 0.93428
9858 table 0 193 153 531 0.537969
9858 chair 0 303 144 531 0.667906
9858 chair 307 48 583 442 0.935745
9859 chair 70 0 306 387 0.689776
9859 table 0 9 679 531 0.9011
9860 chair 266 2 432 254 0.582513
9860 chair 314 112 678 530 0.708672
9860 chair 11 79 306 505 0.960444
9862 chair 433 0 680 166 0.876676
9862 chair 306 170 681 529 0.952948
9863 chair 181 106 577 529 0.981725
9864 chair 0 111 242 528 0.991154
9865 chair 260 48 564 531 0.982844
9866 chair 0 0 138 119 0.369607
9866 desk 2 0 677 529 0.394166
9866 table 3 0 677 529 0.455912
9867 desk 0 17 677 531 0.457042
9867 chair 569 177 681 529 0.574191
9868 chair 170 0 436 246 0.528478
9868 chair 24 0 305 224 0.538553
9868 chair 89 92 432 502 0.896275
9868 chair 284 221 680 530 0.939245
9869 chair 34 40 459 531 0.937822
9870 chair 0 218 138 528 0.823435
9870 chair 0 20 189 367 0.90357
9870 chair 328 52 664 453 0.919365
9871 chair 0 96 205 529 0.701125
9871 chair 223 22 564 512 0.98427
9873 table 0 27 679 523 0.641835
9873 chair 487 195 679 528 0.876714
9876 chair 3 6 117 241 0.464808
9876 table 5 135 567 531 0.680198
9876 chair 106 8 242 236 0.760538
9876 chair 566 0 679 214 0.882196
9876 chair 411 188 679 531 0.917785
9877 chair 0 76 209 301 0.572119
9877 table 55 198 433 531 0.742626
9877 chair 447 108 681 530 0.981857
9878 chair 0 0 88 52 0.450541
9878 desk 0 29 668 528 0.804095
9878 chair 76 2 176 103 0.854659
9878 chair 348 83 658 361 0.8871
9878 chair 204 20 369 209 0.926162
9879 chair 0 121 145 260 0.40133
9879 table 0 219 681 530 0.447528
9879 chair 0 121 148 509 0.498477
9879 desk 0 209 681 531 0.53559
9879 chair 461 104 681 221 0.684499
9879 chair 148 52 369 241 0.719312
9880 chair 0 75 195 229 0.417634
9880 chair 589 0 680 110 0.468007
9880 desk 0 88 681 524 0.616937
9881 chair 369 29 679 397 0.811718
9882 chair 426 259 538 374 0.539363
9882 chair 376 487 678 530 0.585722
9882 chair 563 265 681 528 0.616275
9882 chair 561 266 680 371 0.637769
9882 desk 0 371 681 530 0.835469
9882 chair 116 288 312 405 0.92002
9885 desk 2 186 580 530 0.374469
9885 table 0 177 578 529 0.469333
9888 chair 0 19 255 416 0.463499
9888 toilet 384 125 572 432 0.976334
9889 toilet 229 166 436 399 0.982922
9892 sofa 0 65 541 501 0.764443
9893 sofa 6 56 543 528 0.656384
9895 chair 104 131 361 409 0.574525
9895 sofa 435 60 680 464 0.685637
9896 sofa 136 22 563 269 0.450053
9896 table 71 222 469 531 0.524922
9897 table 2 106 673 529 0.947625
9899 table 0 31 275 397 0.752045
9900 chair 0 252 246 529 0.599593
9900 chair 104 156 235 377 0.770289
9900 table 435 102 679 524 0.914107
9901 chair 605 83 681 376 0.669606
9901 chair 296 18 403 133 0.74586
9901 chair 1 48 170 342 0.766328
9901 table 45 22 678 469 0.824056
9901 chair 458 248 679 529 0.87332
9902 chair 402 60 679 530 0.972293
9903 table 95 50 567 409 0.667841
9905 chair 1 90 320 395 0.591618
9905 chair 68 166 509 530 0.746273
9905 chair 467 376 679 530 0.780009
9905 table 135 1 681 524 0.86944
9906 table 533 2 680 307 0.427138
9906 table 461 233 681 529 0.885351
9907 chair 499 321 681 531 0.75416
9908 table 509 6 679 225 0.581057
9908 table 443 201 680 501 0.643048
9909 table 440 50 656 295 0.569681
9910 chair 551 98 680 317 0.472574
9910 desk 2 8 650 530 0.913136
9910 chair 355 158 679 531 0.962213
9911 chair 9 50 204 416 0.367201
9911 chair 87 60 346 528 0.635084
9911 desk 274 75 681 530 0.885422
9911 chair 277 22 375 252 0.927924
9912 desk 0 103 681 530 0.468002
9912 table 13 103 681 528 0.626056
9912 chair 0 4 135 268 0.69683
9912 chair 521 195 681 529 0.827087
9913 chair 195 0 392 300 0.93778
9913 chair 388 32 680 531 0.974134
9914 chair 185 13 424 422 0.714538
9914 desk 198 106 679 523 0.940377
9915 desk 267 0 539 426 0.484395
9915 desk 466 56 681 492 0.658399
9915 chair 305 133 463 395 0.890738
9915 chair 522 196 681 530 0.947559
9916 bookshelf 336 87 443 434 0.618179
9916 bookshelf 442 0 681 529 0.833201
9917 table 0 66 680 530 0.627377
9917 chair 218 303 681 531 0.70485
9918 chair 245 121 590 530 0.986422
9919 chair 422 1 590 319 0.441641
9919 chair 271 0 395 66 0.687214
9919 chair 423 0 584 86 0.698994
9919 chair 0 165 190 528 0.751269
9919 chair 18 0 95 35 0.768118
9919 chair 110 0 191 42 0.770784
9919 table 0 46 677 531 0.924372
9919 chair 24 160 432 529 0.936298
9920 table 337 95 511 147 0.571887
9923 chair 307 71 429 146 0.632662
9923 chair 0 96 200 434 0.803354
9923 table 178 141 680 529 0.952852
9924 chair 637 125 681 195 0.379751
9924 chair 534 158 678 429 0.380923
9924 table 629 173 680 482 0.53492
9924 chair 103 88 222 171 0.560121
9924 table 0 163 350 531 0.924673
9924 chair 251 276 662 530 0.979931
9926 table 551 66 680 273 0.400249
9926 chair 140 66 289 145 0.424526
9926 chair 662 18 681 76 0.44093
9926 chair 138 66 327 386 0.540983
9926 table 47 90 679 531 0.672669
9926 chair 337 48 465 121 0.68635
9926 chair 518 133 680 513 0.781956
9926 chair 555 25 647 88 0.880008
9926 chair 307 152 612 530 0.977004
9927 chair 307 66 559 338 0.425452
9927 chair 373 163 681 528 0.567065
9928 bookshelf 0 14 681 469 0.738192
9930 bookshelf 0 0 536 217 0.64777
9931 chair 41 151 405 531 0.486302
9931 table 409 238 620 454 0.52741
9932 sofa 522 16 681 454 0.510151
9932 sofa 0 34 477 527 0.526429
9933 chair 0 0 25 148 0.397643
9933 table 79 169 681 526 0.8296
9933 bookshelf 222 1 681 177 0.87254
9934 table 0 290 681 530 0.641573
9934 chair 0 288 167 531 0.810039
9935 desk 0 106 681 528 0.478075
9935 chair 0 98 147 530 0.931302
9935 chair 359 100 596 531 0.971285
9937 chair 579 11 680 478 0.709557
9937 sofa 0 0 480 531 0.83134
9939 chair 26 173 420 529 0.457217
9939 chair 569 107 681 491 0.681222
9940 chair 461 145 681 530 0.467751
9940 bookshelf 0 0 195 530 0.543435
9940 table 337 140 586 441 0.607014
9941 chair 0 81 233 496 0.423065
9941 bookshelf 16 0 188 79 0.674412
9941 bookshelf 349 0 680 253 0.973244
9942 bookshelf 0 1 536 531 0.980921
9944 bookshelf 0 0 350 222 0.788304
9944 chair 0 137 304 530 0.801833
9944 table 433 227 680 530 0.892497
9944 chair 445 29 632 236 0.898113
9945 chair 69 53 456 531 0.475509
9945 table 0 206 102 530 0.680619
9945 bookshelf 350 0 679 529 0.935445
9946 sofa 1 32 679 529 0.74173
9948 chair 573 36 681 221 0.3681
9949 sofa 74 64 676 528 0.409537
9953 chair 482 64 678 524 0.943401
9954 chair 190 0 351 59 0.49805
9954 chair 13 12 289 309 0.848762
9954 chair 0 203 213 528 0.86644
9954 table 123 56 566 470 0.932468
9954 chair 391 150 680 530 0.964205
9955 chair 28 57 303 403 0.717708
9955 table 51 126 550 518 0.785785
9955 chair 0 328 391 530 0.842063
9955 chair 504 209 680 527 0.847016
9955 chair 349 56 592 395 0.849693
9956 chair 0 129 128 238 0.646782
9956 chair 186 52 312 274 0.848678
9956 chair 0 225 279 527 0.928056
9956 chair 358 103 565 383 0.932965
9956 table 0 86 312 266 0.941842
9957 chair 0 71 219 406 0.8386
9957 chair 214 227 681 530 0.857126
9957 chair 229 93 460 439 0.938196
9957 table 0 102 349 526 0.962228
9958 sofa 405 0 681 295 0.696615
9958 table 0 129 503 531 0.772699
9959 sofa 0 62 373 531 0.373436
9959 sofa 437 49 681 382 0.643954
9960 chair 335 81 680 528 0.684987
9960 chair 39 4 393 405 0.842807
9961 chair 0 90 171 446 0.672839
9961 chair 72 75 430 531 0.74904
9961 chair 288 27 547 346 0.873911
9962 chair 337 178 418 245 0.472214
9962 desk 0 169 680 529 0.514606
9963 chair 1 2 367 483 0.467098
9965 chair 447 93 667 264 0.569391
9965 table 0 269 681 529 0.71399
9967 sofa 0 46 168 531 0.812431
9968 table 0 14 611 504 0.560677
9968 chair 0 86 316 529 0.980881
9969 chair 0 0 133 366 0.535006
9969 table 2 60 436 528 0.883677
9969 chair 343 121 560 521 0.951871
9970 table 207 263 631 528 0.653293
9971 chair 437 23 566 173 0.496476
9971 table 0 34 588 514 0.857645
9971 chair 74 179 433 531 0.926991
9971 chair 381 144 626 484 0.931127
9972 chair 278 117 477 527 0.789448
9972 table 345 41 681 529 0.944907
9973 chair 416 325 548 530 0.680871
9973 chair 570 119 675 155 0.763513
9973 table 411 149 680 530 0.877454
9973 chair 0 242 284 530 0.895446
9975 chair 187 182 339 526 0.538383
9975 table 289 114 681 530 0.808351
9975 chair 45 97 197 352 0.924023
9976 desk 2 199 674 526 0.551916
9976 chair 527 197 681 528 0.944963
9976 chair 244 205 496 528 0.947696
9977 chair 260 79 477 438 0.675043
9977 chair 167 140 443 529 0.96341
9978 sofa 0 174 508 530 0.952118
9979 chair 117 1 279 209 0.937194
9980 desk 0 23 281 401 0.623977
9980 desk 0 35 546 531 0.808281
9980 chair 427 233 672 530 0.909418
9981 desk 342 64 679 491 0.698804
9981 chair 0 33 140 409 0.832209
9981 chair 58 34 315 422 0.968663
9982 table 10 174 679 530 0.616404
9982 chair 597 195 681 528 0.656179
9983 desk 1 313 529 531 0.460435
9983 chair 0 421 260 531 0.464457
9983 chair 237 324 531 530 0.780253
9984 chair 0 104 37 264 0.404504
9984 chair 195 58 307 98 0.754798
9984 chair 0 173 132 528 0.912007
9984 table 127 93 679 531 0.947163
9986 chair 0 90 154 528 0.913923
9986 table 147 46 681 527 0.978038
9987 chair 479 165 649 403 0.695197
9987 chair 9 151 204 281 0.909749
9987 table 0 183 652 531 0.957823
9988 chair 0 0 100 430 0.39525
9988 chair 0 0 152 198 0.470299
9988 chair 221 27 670 531 0.959805
9991 chair 0 121 40 364 0.589175
9991 chair 44 52 197 372 0.900491
9992 desk 0 102 679 522 0.364224
9992 table 0 127 462 526 0.484075
9992 chair 441 96 599 472 0.81499
9992 chair 166 130 495 531 0.944624
9994 chair 0 261 118 531 0.727293
9994 chair 173 126 339 436 0.939108
9994 chair 302 171 593 528 0.965386
9995 sofa 0 406 281 531 0.622696
9995 chair 146 257 272 461 0.870728
9995 desk 218 133 481 471 0.93885
9996 sofa 49 148 681 530 0.957134
9997 desk 0 0 382 240 0.516693
9997 sofa 266 98 681 530 0.825653
9997 chair 184 0 324 217 0.91895
9998 table 0 89 680 527 0.822526
9998 chair 0 148 190 520 0.88883
9998 chair 117 150 452 530 0.957458
9999 desk 590 52 679 524 0.543759
9999 chair 469 37 677 530 0.824829
9999 chair 152 16 411 414 0.905825
10000 desk 462 13 680 528 0.710611
10000 chair 0 271 224 530 0.948081
10001 chair 0 111 84 181 0.365584
10001 chair 207 70 296 165 0.407101
10001 chair 85 100 199 203 0.601395
10001 chair 542 121 661 250 0.697416
10001 chair 509 177 680 528 0.909131
10001 table 1 112 561 531 0.938222
10002 table 561 79 680 520 0.618863
10002 chair 485 76 634 302 0.65205
10002 chair 0 154 233 529 0.85606
10002 chair 83 67 293 439 0.861739
10002 chair 307 6 489 340 0.942844
10002 chair 375 148 678 530 0.957356
10003 desk 0 0 90 368 0.468497
10003 chair 136 149 263 424 0.904136
10003 chair 0 127 154 376 0.928512
10004 chair 611 433 681 529 0.445785
10004 desk 18 0 545 527 0.929658
10004 chair 337 284 642 531 0.935575
10005 chair 16 396 291 530 0.875309
10005 desk 0 103 307 530 0.883644
10005 chair 523 348 679 531 0.929219
10006 toilet 180 94 397 382 0.812217
10007 sofa 578 62 681 388 0.38591
10007 table 628 363 681 530 0.590427
10007 sofa 0 66 523 531 0.916524
10008 bookshelf 0 0 681 529 0.409054
10009 table 497 171 681 530 0.567307
10010 sofa 467 0 680 387 0.5197
10010 table 118 76 525 528 0.726075
10011 sofa 0 196 284 529 0.77011
10012 chair 261 44 474 390 0.926658
10012 chair 30 94 357 529 0.952503
10014 chair 0 0 428 522 0.788242
10015 table 116 180 681 531 0.447106
10015 chair 0 141 114 530 0.528068
10016 chair 1 2 190 529 0.88023
10017 chair 413 33 678 520 0.651307
10018 sofa 0 122 365 531 0.569548
10019 chair 1 20 361 468 0.404254
10019 sofa 448 140 680 492 0.850878
10020 chair 360 9 618 285 0.819547
10021 chair 132 109 463 531 0.901623
10021 chair 0 57 154 300 0.932102
10022 chair 366 0 534 167 0.787564
10022 chair 313 53 628 508 0.979598
10023 sofa 18 0 681 487 0.721587
10024 chair 0 45 32 269 0.381891
10024 chair 494 27 633 203 0.391875
10024 chair 1 344 213 529 0.480675
10024 table 0 25 680 355 0.919811
10024 chair 264 150 527 454 0.926181
10024 chair 485 133 681 417 0.935719
10025 chair 319 10 641 466 0.857131
10026 sofa 0 279 245 529 0.516687
10027 sofa 0 33 648 531 0.583203
10030 sofa 0 101 457 531 0.476999
10031 sofa 24 79 389 478 0.458633
10032 chair 0 8 303 531 0.400863
10032 chair 420 114 679 527 0.536201
10033 bookshelf 611 0 681 151 0.425764
10033 desk 0 94 295 530 0.717159
10033 chair 382 86 523 359 0.943048
10033 chair 151 144 468 528 0.977873
10034 chair 249 20 342 96 0.587214
10034 table 0 32 680 531 0.866261
10034 chair 12 135 294 531 0.967327
10035 chair 0 11 102 87 0.423214
10035 table 0 83 601 530 0.862902
10035 chair 0 200 298 529 0.945509
10036 desk 191 54 681 523 0.926363
10036 chair 461 142 681 531 0.972611
10038 table 0 145 681 522 0.374141
10038 desk 0 144 681 529 0.397939
10038 chair 411 152 619 470 0.864515
10038 chair 187 244 503 530 0.943017
10039 desk 2 87 486 510 0.737161
10039 chair 110 103 360 468 0.954964
10040 desk 359 3 681 529 0.958781
10040 chair 95 148 389 529 0.98504
10041 desk 16 0 584 484 0.376182
10041 table 18 0 583 484 0.539609
10041 chair 567 0 681 264 0.626029
10041 chair 94 1 227 102 0.725692
10041 chair 0 15 109 346 0.905073
10041 chair 517 18 652 406 0.918157
10042 chair 321 89 406 389 0.746356
10042 desk 1 90 384 530 0.766294
10042 chair 586 171 681 530 0.835696
10042 chair 447 82 663 392 0.919303
10042 chair 156 125 388 529 0.947604
10043 chair 0 131 229 518 0.854563
10043 desk 423 0 681 526 0.877966
10043 chair 167 96 396 510 0.890081
10044 desk 1 0 482 380 0.890759
10044 chair 267 31 590 514 0.971598
10045 table 0 182 462 530 0.387675
10045 chair 292 0 438 214 0.450722
10045 desk 0 193 462 531 0.494002
10045 desk 373 0 681 290 0.552573
10045 chair 33 1 394 377 0.834523
10045 chair 432 0 635 290 0.894836
10046 desk 147 1 681 531 0.694236
10046 table 145 0 680 530 0.772652
10046 chair 6 1 212 197 0.890736
10046 chair 0 72 219 515 0.931584
10047 chair 542 127 680 512 0.697335
10047 chair 348 240 681 531 0.790601
10047 table 0 36 681 526 0.942273
10048 desk 49 216 412 529 0.562095
10049 table 0 167 618 464 0.744529
10049 chair 1 219 288 528 0.938911
10050 desk 266 135 679 522 0.471028
10050 chair 328 124 525 466 0.949624
10051 desk 128 98 613 528 0.480385
10051 table 129 98 616 530 0.775445
10051 chair 0 131 104 316 0.821412
10051 chair 57 139 236 378 0.940987
10052 desk 0 3 339 400 0.414522
10052 table 0 10 340 405 0.414832
10052 chair 493 39 681 363 0.93474
10052 chair 163 35 363 384 0.938376
10053 chair 45 9 248 306 0.935238
10053 chair 356 73 608 513 0.980221
10054 chair 231 60 355 115 0.52217
10054 table 0 98 680 450 0.548634
10054 chair 87 70 211 122 0.587533
10054 chair 0 75 86 312 0.604925
10054 chair 0 219 125 528 0.80965
10054 chair 399 62 542 302 0.811371
10054 chair 553 135 681 530 0.908736
10054 chair 201 198 465 528 0.94434
10055 desk 1 31 680 504 0.381615
10055 chair 0 53 79 307 0.42854
10055 chair 629 204 681 528 0.45625
10055 chair 282 1 406 43 0.502904
10055 chair 0 169 299 491 0.96017
10055 chair 301 181 618 529 0.969634
10056 table 155 52 381 175 0.386113
10056 chair 339 50 430 175 0.785502
10056 chair 278 200 547 527 0.88915
10056 chair 103 288 404 529 0.925702
10056 table 0 140 433 530 0.939544
10057 chair 0 119 133 390 0.831492
10057 chair 515 144 679 389 0.921825
10057 table 101 145 541 428 0.943031
10058 desk 71 31 540 464 0.459103
10058 chair 414 55 561 313 0.552637
10058 table 69 31 545 463 0.690271
10058 chair 18 152 293 480 0.937548
10059 chair 212 37 342 296 0.38853
10059 chair 565 87 675 236 0.423296
10059 chair 214 39 308 113 0.547719
10059 chair 0 62 150 318 0.65695
10059 chair 220 206 433 474 0.784948
10059 chair 383 87 572 375 0.798664
10059 chair 0 165 168 530 0.819747
10059 table 7 72 555 481 0.820698
10060 bookshelf 4 1 335 349 0.659309
10060 bookshelf 317 5 681 482 0.955479
10061 table 0 0 584 522 0.937394
10061 chair 0 115 256 529 0.953047
10061 chair 320 90 681 530 0.954235
10062 bookshelf 434 0 680 87 0.431961
10062 chair 427 0 537 51 0.730837
10062 table 28 25 681 531 0.916505
10062 chair 0 253 200 529 0.92667
10062 chair 162 173 583 529 0.956023
10063 bookshelf 24 0 675 253 0.431217
10063 bookshelf 267 0 679 516 0.452657
10063 chair 96 2 271 77 0.524876
10063 table 0 13 357 528 0.84169
10063 chair 65 238 461 529 0.955038
10064 bookshelf 0 4 204 315 0.770879
10065 table 164 299 661 530 0.577982
10066 table 1 133 608 531 0.663275
10067 chair 86 138 334 443 0.715579
10068 sofa 95 143 609 531 0.722825
10069 sofa 18 182 681 529 0.902604
10071 chair 350 39 681 527 0.802624
10073 sofa 117 82 679 530 0.894612
10074 chair 191 71 582 518 0.945475
10075 chair 0 179 298 529 0.942866
10075 chair 274 147 582 528 0.969624
10076 sofa 136 19 679 528 0.898836
10077 table 2 31 616 526 0.584093
10078 sofa 278 69 678 512 0.673712
10081 table 88 59 628 528 0.764286
10082 sofa 0 108 681 514 0.55112
10083 table 0 132 123 367 0.471145
10083 chair 70 37 391 501 0.783579
10084 sofa 164 28 665 525 0.837773
10085 sofa 279 24 681 476 0.788578
10085 chair 35 62 338 465 0.87137
10086 chair 0 177 228 528 0.557936
10086 sofa 24 4 679 531 0.595476
10090 bed 3 119 681 531 0.412818
10093 table 44 413 678 531 0.447449
10093 chair 478 310 678 439 0.781519
10095 table 0 148 404 527 0.57882
10095 chair 359 278 630 529 0.957812
10096 chair 319 52 534 295 0.716658
10096 table 0 66 373 447 0.911376
10096 chair 209 139 528 516 0.979784
10097 chair 377 15 542 149 0.597387
10097 chair 0 159 247 531 0.966373
10097 chair 230 113 557 470 0.972434
10098 chair 2 225 454 531 0.415788
10100 sofa 114 34 589 528 0.854188
10101 sofa 1 47 581 528 0.878583
10102 table 0 275 438 529 0.685103
10102 sofa 88 91 677 521 0.961293
10103 sofa 25 66 679 529 0.958216
10105 table 80 271 680 531 0.564558
10105 toilet 143 180 200 271 0.865099
10106 toilet 201 25 391 338 0.932326
10110 desk 153 0 680 529 0.538263
10112 chair 0 233 382 529 0.606927
10112 table 54 80 570 382 0.922932
10113 sofa 0 198 681 512 0.846284
10114 sofa 0 3 355 525 0.625427
10115 sofa 415 66 681 531 0.617344
10115 table 0 103 614 529 0.791936
10115 chair 6 121 120 266 0.817981
10116 desk 0 67 413 418 0.584104
10116 chair 428 264 680 527 0.635378
10117 chair 0 5 114 188 0.411057
10117 sofa 535 0 681 153 0.508303
10117 chair 394 8 668 309 0.858779
10118 table 0 0 672 529 0.623991
10118 chair 87 0 290 256 0.686959
10118 chair 88 35 671 531 0.71513
10119 chair 134 0 654 529 0.584006
10119 sofa 144 0 681 274 0.788211
10120 table 2 10 324 271 0.562056
10120 table 1 14 679 488 0.758415
10120 chair 286 181 669 530 0.78211
10120 chair 0 107 247 530 0.958077
10121 desk 0 114 680 527 0.763362
10121 chair 0 201 349 531 0.879095
10122 bookshelf 0 92 220 349 0.381127
10122 bookshelf 0 0 359 342 0.382957
10122 desk 253 72 680 531 0.476227
10122 table 253 75 679 528 0.494692
10122 chair 153 92 479 530 0.986295
10123 chair 101 74 612 531 0.883592
10124 chair 0 54 83 505 0.525567
10124 chair 0 0 128 298 0.700389
10124 chair 146 0 511 513 0.8939
10124 chair 545 0 681 185 0.916237
10125 chair 223 2 378 302 0.420804
10125 chair 156 0 290 195 0.66677
10125 table 263 0 679 492 0.842903
10125 chair 245 69 534 529 0.944173
10126 chair 19 237 250 529 0.770389
10126 bookshelf 0 0 681 237 0.941641
10127 sofa 0 13 337 528 0.436693
10127 chair 593 134 680 469 0.804014
10127 table 160 31 665 492 0.906924
10128 table 1 87 385 525 0.651143
10128 chair 46 305 368 531 0.772896
10128 chair 240 97 538 528 0.938309
10129 sofa 0 132 681 530 0.44476
10129 bed 0 158 681 531 0.546282
10133 sofa 1 33 680 383 0.767911
10134 table 0 205 192 464 0.709035
10135 desk 313 99 680 471 0.552463
10135 chair 462 236 679 528 0.927083
10135 chair 267 80 455 301 0.939573
10135 chair 138 165 408 528 0.956171
10136 chair 204 15 309 66 0.6454
10136 chair 457 110 680 466 0.884873
10136 table 0 64 525 522 0.913015
10136 chair 0 223 340 529 0.926803
10137 chair 0 43 83 428 0.367081
10137 table 0 39 505 470 0.405315
10137 chair 379 2 637 341 0.933696
10137 chair 51 110 415 530 0.947671
10138 chair 582 0 681 230 0.665058
10138 table 0 1 676 514 0.772399
10138 chair 323 82 628 424 0.809998
10138 chair 113 172 449 527 0.967929
10139 table 587 22 681 435 0.477404
10139 chair 298 129 502 476 0.540419
10139 chair 448 91 667 334 0.846572
10139 chair 430 194 679 529 0.848952
10140 chair 258 191 591 529 0.532286
10141 table 333 272 590 531 0.755377
10143 sofa 0 22 278 269 0.772784
10143 sofa 231 72 681 528 0.861799
10144 sofa 0 83 234 531 0.781794
10144 table 270 141 681 530 0.883125
10145 chair 0 168 233 523 0.458802
10145 table 535 50 681 345 0.458834
10145 table 453 260 679 528 0.763881
10145 sofa 155 105 496 436 0.870897
10146 chair 0 269 209 531 0.393623
10146 table 0 143 210 531 0.42813
10146 chair 54 135 211 406 0.472754
10146 chair 200 158 401 504 0.681871
10146 table 0 177 681 531 0.930697
10148 table 233 194 681 504 0.781316
10149 sofa 69 39 680 466 0.448084
10150 bed 118 65 679 529 0.645256
10151 sofa 0 0 680 214 0.731547
10151 table 1 98 619 531 0.94311
10152 chair 111 194 377 526 0.942291
10153 chair 222 12 487 431 0.94174
10153 chair 313 53 661 528 0.977232
10154 table 0 333 414 529 0.885926
10154 sofa 0 65 583 407 0.959871
10155 table 313 192 614 451 0.762421
10155 chair 536 47 681 319 0.813179
10155 chair 0 193 298 531 0.823677
10155 chair 182 34 391 288 0.94955
10156 chair 369 0 507 145 0.642637
10156 chair 204 13 369 229 0.886065
10156 chair 483 52 681 329 0.946036
10157 chair 539 87 681 388 0.622217
10157 table 422 51 678 374 0.826822
10157 chair 393 57 580 336 0.927888
10157 chair 192 160 511 530 0.947667
10158 chair 420 46 679 506 0.417636
10158 table 219 5 680 501 0.763995
10158 chair 172 62 447 463 0.967481
10159 chair 198 26 346 294 0.36818
10159 chair 199 24 342 72 0.430122
10159 chair 457 51 637 381 0.587739
10159 chair 0 206 219 526 0.857379
10159 chair 551 15 679 253 0.877493
10159 chair 233 154 536 529 0.947015
10159 table 86 56 599 492 0.947722
10160 chair 164 170 241 249 0.374661
10160 chair 310 114 440 187 0.715266
10160 table 110 181 579 516 0.830329
10160 chair 89 296 394 529 0.911715
10160 chair 368 206 620 528 0.915165
10161 table 236 117 598 448 0.879897
10162 chair 240 34 392 238 0.911839
10162 table 0 75 377 377 0.923342
10162 chair 286 165 598 516 0.970686
10163 chair 338 0 491 203 0.617864
10163 table 0 8 680 510 0.734566
10163 chair 99 228 521 530 0.844031
10163 chair 0 121 200 427 0.937754
10164 chair 418 112 491 216 0.722131
10164 chair 239 86 353 262 0.808171
10164 table 420 134 679 498 0.876234
10164 desk 40 85 327 286 0.910991
10164 chair 288 136 528 485 0.937462
10165 chair 611 122 681 432 0.426794
10165 desk 399 96 681 418 0.559847
10165 chair 127 134 386 489 0.87835
10166 chair 479 344 681 530 0.627126
10166 chair 0 133 95 527 0.878221
10166 chair 204 137 462 513 0.95629
10167 table 388 258 679 530 0.488087
10167 chair 353 273 587 529 0.961776
10168 chair 537 94 679 303 0.44223
10168 chair 292 93 458 327 0.547468
10168 chair 528 61 604 152 0.726006
10168 desk 283 135 677 436 0.842183
10168 desk 456 5 629 144 0.871813
10168 chair 177 53 265 179 0.8831
10168 chair 256 45 331 163 0.885489
10168 chair 142 150 390 472 0.943268
10168 chair 442 192 680 527 0.968772
10169 table 1 277 427 531 0.702493
10169 chair 448 252 665 529 0.931559
10170 chair 489 86 630 287 0.803379
10170 chair 327 70 460 299 0.902568
10170 chair 459 158 678 528 0.959785
10170 chair 226 133 430 484 0.96494
10171 table 207 68 548 373 0.723779
10171 chair 357 137 677 530 0.971295
10172 chair 324 147 510 443 0.946274
10172 chair 211 184 460 528 0.963716
10175 chair 0 321 253 531 0.873094
10175 chair 366 168 669 528 0.968335
10176 toilet 155 78 464 479 0.975141
10178 bed 201 136 679 526 0.710481
10181 table 558 14 681 128 0.514855
10181 chair 113 121 307 310 0.556911
10181 chair 612 34 680 380 0.640607
10181 chair 615 14 680 125 0.700781
10181 table 248 101 680 531 0.883558
10181 chair 87 221 476 529 0.964828
10182 chair 134 27 248 59 0.63984
10182 chair 0 148 169 512 0.787051
10182 table 0 47 662 503 0.806805
10182 chair 422 25 571 297 0.857705
10182 chair 149 171 503 530 0.970181
10183 table 71 60 530 439 0.407589
10183 chair 48 140 422 529 0.973733
10184 sofa 117 180 680 531 0.974868
10185 desk 211 202 679 530 0.777239
10185 chair 170 189 371 528 0.944459
10186 desk 1 87 604 530 0.956912
10186 chair 235 211 636 530 0.965882
10187 desk 0 57 203 279 0.777649
10187 desk 206 86 680 529 0.921125
10187 chair 181 174 500 529 0.952717
10188 chair 0 73 49 487 0.382903
10188 table 494 165 681 446 0.533131
10188 desk 18 121 527 508 0.545833
10188 chair 0 397 236 530 0.634515
10188 chair 234 190 516 528 0.952333
10189 desk 0 164 494 531 0.84076
10189 chair 433 136 680 488 0.935003
10191 sofa 155 102 594 526 0.666203
10192 table 607 134 680 431 0.364784
10192 chair 145 198 437 529 0.398502
10192 chair 339 120 472 236 0.415122
10192 chair 631 83 680 155 0.416098
10192 table 0 118 359 430 0.62101
10192 chair 178 81 283 134 0.657672
10192 chair 5 102 161 401 0.788748
10192 table 37 183 679 531 0.864182
10193 table 356 24 567 77 0.363642
10193 chair 196 0 260 15 0.389461
10193 chair 371 18 430 43 0.394611
10193 chair 531 54 681 255 0.485337
10193 table 537 53 679 300 0.574488
10193 chair 352 73 566 353 0.651166
10193 chair 16 0 109 30 0.756873
10193 chair 9 37 223 300 0.840288
10193 table 0 45 387 354 0.865147
10193 chair 215 94 515 518 0.882212
10193 table 209 91 671 527 0.903352
10194 chair 606 171 681 486 0.556907
10194 chair 194 83 616 526 0.83067
10194 table 3 30 640 524 0.909749
10194 chair 9 25 312 390 0.924861
10197 toilet 160 140 338 428 0.964497
10198 table 0 204 236 530 0.398058
10199 chair 156 301 412 529 0.947373
10199 desk 115 211 677 530 0.969407
10200 chair 117 135 241 247 0.494629
10200 chair 406 133 563 358 0.542887
10200 chair 127 236 455 528 0.929502
10200 table 172 150 601 531 0.937099
10200 chair 456 217 681 529 0.939931
10201 chair 243 58 372 234 0.645965
10201 chair 46 96 186 326 0.917279
10201 desk 276 177 679 531 0.948919
10202 table 320 271 588 464 0.362928
10203 table 247 311 680 529 0.775941
10203 table 2 199 347 529 0.902582
10205 table 343 56 663 197 0.656252
10205 chair 486 93 679 378 0.728893
10205 chair 367 288 561 531 0.90848
10205 table 0 177 562 531 0.934436
10206 sofa 2 255 626 530 0.922039
10208 sofa 275 246 681 475 0.55123
10209 chair 128 95 491 528 0.903035
10210 sofa 0 69 191 528 0.381314
10210 sofa 569 32 681 526 0.41397
10210 chair 0 74 195 529 0.672829
10211 table 139 137 681 531 0.921744
10212 sofa 0 104 675 531 0.839007
10213 sofa 42 25 681 530 0.899888
10214 chair 435 34 665 302 0.380494
10214 chair 60 48 191 97 0.523504
10214 chair 194 56 291 96 0.660549
10214 table 167 86 578 399 0.73443
10214 chair 438 96 680 494 0.897531
10214 chair 0 82 368 529 0.90643
10216 table 123 417 552 530 0.69555
10219 table 0 188 350 531 0.607534
10220 chair 271 1 680 531 0.559065
10221 chair 265 38 680 531 0.777773
10222 chair 214 8 680 531 0.921385
10223 table 0 187 424 531 0.401247
10223 desk 0 187 424 530 0.540162
10223 chair 0 93 148 263 0.633279
10223 chair 155 52 316 200 0.697037
10223 desk 270 57 681 529 0.819614
10223 chair 0 337 350 531 0.856115
10223 chair 416 166 680 531 0.87764
10224 chair 0 12 93 269 0.706931
10224 chair 316 1 673 443 0.980116
10225 desk 177 0 681 508 0.38694
10225 chair 179 48 670 514 0.855164
10225 chair 0 12 288 359 0.865021
10226 chair 219 152 578 530 0.964588
10227 table 0 118 677 456 0.376089
10227 chair 366 147 679 527 0.943841
10227 chair 40 164 346 527 0.959625
10228 chair 515 201 679 516 0.464146
10228 table 57 122 679 531 0.701693
10228 chair 274 304 640 529 0.924344
10229 chair 221 113 412 339 0.646753
10229 desk 65 276 541 528 0.741498
10229 chair 118 117 207 215 0.877014
10229 chair 282 123 608 528 0.901332
10230 bookshelf 309 6 679 455 0.556869
10231 table 629 250 681 528 0.418332
10231 chair 83 363 298 530 0.532235
10231 bookshelf 261 1 672 531 0.649533
10232 desk 384 182 679 531 0.375823
10232 table 386 106 680 530 0.667232
10232 table 0 213 149 527 0.703501
10232 chair 360 73 530 340 0.734485
10232 chair 183 133 445 472 0.937788
10233 chair 271 136 516 358 0.473574
10233 table 551 145 680 508 0.532223
10233 chair 79 273 536 530 0.848837
10234 desk 293 204 680 530 0.818398
10234 chair 80 164 325 468 0.910496
10234 chair 254 264 630 531 0.953546
10235 desk 211 280 567 530 0.554173
10235 chair 287 150 431 350 0.721866
10235 chair 95 173 333 524 0.910873
10236 desk 0 144 238 512 0.631093
10236 chair 377 108 606 387 0.945977
10236 chair 116 100 420 529 0.975139
10237 chair 211 153 577 529 0.941629
10238 desk 0 148 242 428 0.605516
10238 chair 234 156 587 529 0.95281
10239 table 385 342 681 530 0.51052
10239 bookshelf 186 1 587 439 0.738424
10240 desk 204 1 681 432 0.913035
10240 chair 0 115 435 530 0.973911
10241 table 0 132 605 531 0.445774
10241 desk 1 132 609 530 0.511743
10242 table 17 226 681 524 0.728413
10243 table 0 261 680 531 0.75097
10244 table 0 230 680 531 0.586893
10244 chair 545 112 681 447 0.640854
10245 table 103 216 679 531 0.858551
10246 bed 7 69 681 530 0.882444
10247 toilet 355 94 581 388 0.969697
10248 toilet 570 125 680 524 0.400744
10249 desk 2 231 571 528 0.693518
10249 chair 395 195 678 528 0.926596
10250 chair 38 250 246 516 0.710047
10250 chair 169 307 465 529 0.952243
10251 desk 49 177 672 531 0.611844
10251 chair 522 171 681 529 0.91328
10252 chair 8 0 285 284 0.669288
10252 chair 625 88 680 340 0.837002
10252 chair 387 103 587 287 0.892004
10253 desk 4 58 676 526 0.474769
10253 desk 345 64 680 363 0.588779
10253 chair 580 102 679 528 0.838892
10253 chair 205 135 494 529 0.964491
10254 table 0 196 666 527 0.588218
10254 chair 511 128 681 504 0.791974
10254 chair 291 109 487 506 0.81401
10254 chair 0 268 429 528 0.865368
10254 chair 502 75 654 221 0.865809
10255 table 0 240 246 528 0.518024
10255 chair 334 145 494 458 0.74337
10255 table 333 189 669 464 0.787065
10255 chair 47 137 251 505 0.799776
10255 chair 8 93 155 242 0.849442
10255 table 9 201 662 531 0.895352
10255 chair 420 190 679 528 0.927244
10256 chair 0 91 49 371 0.577299
10256 desk 15 0 577 432 0.949931
10256 chair 253 144 521 526 0.972661
10257 chair 0 29 70 117 0.419172
10257 chair 316 41 490 125 0.454329
10257 chair 176 27 262 119 0.52675
10257 chair 0 84 164 497 0.632225
10257 chair 50 141 383 530 0.773074
10257 chair 309 41 505 413 0.819036
10257 table 107 114 676 531 0.914076
10259 chair 124 160 324 328 0.376626
10259 chair 185 83 298 177 0.407359
10259 desk 191 125 679 530 0.433619
10259 table 189 123 667 528 0.636493
10259 chair 186 84 349 269 0.745243
10259 chair 36 155 293 495 0.905834
10261 dresser 584 94 680 527 0.707146
10262 chair 54 140 267 431 0.377088
10262 chair 231 71 295 134 0.379181
10262 desk 326 130 680 531 0.872733
10262 chair 55 138 424 529 0.914613
10263 chair 642 91 681 375 0.492701
10263 desk 0 77 679 531 0.683239
10263 chair 0 53 220 353 0.955099
10263 chair 219 87 521 530 0.983273
10266 bed 187 219 680 530 0.373701
10267 toilet 121 273 345 435 0.829809
10270 sofa 0 108 253 530 0.458481
10270 toilet 322 192 525 530 0.946856
10271 table 2 206 333 529 0.908342
10271 chair 383 160 679 530 0.983148
10273 bookshelf 65 27 423 527 0.785539
10274 dresser 527 0 681 405 0.705708
10276 chair 555 44 681 219 0.517133
10276 chair 377 62 555 255 0.519561
10276 chair 0 47 135 243 0.724278
10276 chair 66 143 413 531 0.778885
10276 chair 25 79 211 379 0.779028
10276 chair 540 102 681 443 0.804568
10276 chair 243 35 390 230 0.824013
10276 chair 328 248 678 531 0.965176
10277 chair 447 2 676 244 0.644184
10277 chair 253 0 445 182 0.745231
10277 chair 1 19 216 365 0.810945
10277 chair 145 68 549 527 0.967015
10279 chair 221 1 374 188 0.552632
10279 chair 512 2 681 383 0.70388
10279 table 88 171 532 531 0.746356
10279 chair 293 58 545 480 0.750853
10279 chair 37 1 233 267 0.882305
10281 table 0 100 168 211 0.414694
10281 chair 135 54 256 164 0.438614
10281 chair 251 48 318 128 0.512667
10281 table 1 111 473 530 0.975373
10281 chair 316 160 635 530 0.984946
10282 chair 461 50 620 108 0.721323
10282 chair 140 47 266 271 0.809893
10282 table 77 78 678 530 0.926473
10282 chair 0 183 351 529 0.958774
10283 table 437 176 681 407 0.460248
10283 chair 2 104 121 197 0.642561
10283 chair 392 85 516 254 0.653258
10283 chair 0 134 104 313 0.709397
10283 table 507 210 681 527 0.871989
10283 chair 49 195 343 529 0.963847
10284 chair 157 112 290 230 0.534831
10284 table 318 75 679 461 0.670908
10284 chair 497 49 612 98 0.674694
10284 table 0 144 390 526 0.947416
10284 chair 315 133 649 531 0.970976
10285 chair 536 76 680 384 0.623117
10285 table 100 143 679 531 0.866001
10285 chair 0 177 149 529 0.889544
10285 chair 110 243 448 531 0.938128
10286 chair 348 0 495 93 0.628853
10286 chair 0 16 102 228 0.68304
10286 chair 484 1 680 338 0.683405
10286 chair 156 12 324 184 0.767138
10286 chair 226 67 560 531 0.980721
10287 chair 1 64 236 419 0.924566
10287 chair 179 67 525 518 0.948912
10288 table 343 186 542 477 0.716338
10289 chair 0 77 136 256 0.371179
10289 chair 180 43 285 180 0.564111
10289 chair 51 55 171 217 0.605612
10289 chair 329 117 580 486 0.956004
10289 table 51 111 503 528 0.959389
10290 chair 624 125 681 304 0.494856
10290 chair 243 183 474 527 0.94723
10290 chair 443 154 653 450 0.966828
10292 desk 0 3 349 529 0.729085
10292 chair 210 266 497 530 0.955805
10294 chair 616 0 680 242 0.622458
10294 chair 460 9 645 360 0.952181
10294 chair 209 73 521 526 0.977891
10295 chair 375 149 487 316 0.388231
10295 chair 40 148 215 360 0.684015
10295 table 0 196 148 526 0.714295
10295 chair 233 194 550 529 0.968467
10297 table 0 316 681 531 0.747854
10297 chair 466 100 681 329 0.917462
10297 chair 41 99 438 342 0.970155
10298 table 355 61 628 160 0.426917
10298 chair 321 96 424 260 0.741819
10298 table 405 122 680 531 0.865775
10298 chair 133 174 417 529 0.964932
10299 chair 117 171 475 530 0.958248
10300 chair 187 85 283 188 0.63508
10300 table 217 153 611 531 0.655643
10300 chair 209 151 591 531 0.856414
10301 chair 412 2 622 290 0.55775
10301 table 127 98 619 522 0.761628
10301 table 413 9 681 340 0.813543
10301 chair 190 84 518 493 0.903179
10302 table 222 249 505 530 0.537926
10303 bed 0 0 220 437 0.414958
10303 bed 192 0 679 527 0.86871
10305 chair 40 67 192 193 0.412999
10305 chair 309 4 454 92 0.512522
10305 chair 144 76 284 271 0.519383
10305 chair 168 86 364 363 0.595925
10305 chair 228 100 513 448 0.860718
10305 chair 265 132 680 531 0.912156
10310 sofa 555 98 681 409 0.391184
10311 table 35 187 644 531 0.889539
10312 chair 0 144 118 446 0.424873
10312 table 0 151 377 528 0.883809
10312 chair 214 127 490 529 0.98233
10314 chair 380 56 534 284 0.848301
10314 table 81 123 519 492 0.881494
10314 chair 385 110 658 523 0.989856
10315 chair 126 84 436 528 0.965608
10315 table 328 166 679 531 0.96735
10316 table 106 267 486 529 0.660351
10317 sofa 384 129 679 476 0.464999
10318 chair 96 215 374 504 0.698403
10321 chair 628 71 681 462 0.440525
10321 table 625 108 681 531 0.450893
10321 table 432 91 681 524 0.731506
10321 chair 210 120 541 530 0.982294
10322 chair 573 49 681 215 0.391873
10322 chair 0 287 326 529 0.770665
10322 chair 379 98 505 358 0.866009
10322 chair 18 129 265 347 0.905625
10322 chair 476 123 679 467 0.922074
10322 table 163 142 480 500 0.928902
10323 chair 207 5 370 156 0.476026
10323 chair 0 57 123 375 0.731308
10323 chair 268 43 490 336 0.869767
10323 table 0 99 317 420 0.906181
10323 chair 263 136 622 529 0.985827
10324 chair 489 30 588 164 0.436283
10324 chair 0 212 74 528 0.4814
10324 chair 587 70 681 280 0.597473
10324 chair 233 71 381 308 0.861249
10324 chair 389 47 520 247 0.899873
10324 table 38 118 385 478 0.91081
10324 table 483 43 674 229 0.911232
10324 chair 277 161 594 530 0.965131
10325 sofa 136 63 553 453 0.636108
10326 chair 0 81 41 290 0.524893
10326 chair 0 161 269 528 0.945679
10326 chair 330 101 556 472 0.957157
10327 chair 497 82 630 245 0.66758
10327 chair 511 101 681 372 0.723854
10327 table 195 117 629 393 0.837767
10327 chair 0 163 186 434 0.885053
10327 chair 420 129 651 451 0.951464
10327 chair 108 177 371 501 0.965844
10328 chair 526 111 681 531 0.435318
10328 table 358 42 680 527 0.82578
10328 chair 138 75 462 531 0.85736
10329 chair 0 276 111 530 0.462212
10329 table 195 45 551 303 0.683329
10329 chair 0 97 140 386 0.75079
10329 table 2 116 426 528 0.925824
10329 chair 294 154 628 530 0.966878
10330 table 227 79 579 361 0.575271
10330 chair 109 67 254 204 0.61243
10330 chair 547 121 680 478 0.698058
10330 chair 57 116 277 340 0.920433
10330 chair 0 209 345 531 0.95428
10330 table 248 127 679 530 0.954382
10331 table 363 133 681 531 0.918118
10332 table 0 124 415 531 0.886306
10333 chair 0 356 355 531 0.456511
10333 chair 254 80 421 133 0.479604
10333 chair 188 48 315 135 0.496183
10333 chair 360 153 679 530 0.558555
10333 table 1 131 553 529 0.900644
10334 chair 0 127 164 508 0.674734
10334 table 323 21 679 281 0.68868
10334 chair 215 114 409 355 0.748747
10334 chair 529 51 664 234 0.753323
10334 chair 377 73 528 283 0.799107
10334 table 0 140 410 530 0.908496
10334 chair 139 201 479 531 0.968627
10335 chair 453 73 680 530 0.424733
10335 chair 503 46 592 94 0.427888
10335 chair 161 105 350 303 0.476085
10335 chair 118 84 258 306 0.509297
10335 chair 144 142 423 530 0.815381
10335 table 123 37 679 530 0.894873
